[2026-08-16 17:54:22.980] [info]  splashScreenPreload: signalReady
[2026-08-16 17:54:22.989] [info]  splashScreenPreload: onStateUpdate: {"status":"checking-for-updates"}
[2026-08-16 17:54:23.437] [info]  splashScreenPreload: onStateUpdate: {"status":"launching"}
[2026-08-16 17:54:24.464] [info]  [libdiscore] [experiment_manager] Loaded experiments from cache
[2026-08-16 17:54:24.581] [info]  Initializing voice engine with audio subsystem: standard
[2026-08-16 17:54:24.671] [info]  [default] [BUILD INFO] Release Channel: stable, Build Number: 594031, Version Hash: 3bb3f6bb46b41b648f4da39bdc3ff08d4ad3936e
[2026-08-16 17:54:24.679] [warn]  [CloudSyncUtils] CloudSync is not supported on this platform
[2026-08-16 17:54:24.762] [info]  [default] [NATIVE INFO] host 1.0.138, modules: discord_cloudsync: 1, discord_desktop_core: 1, discord_dispatch: 1, discord_erlpack: 1, discord_game_utils: 1, discord_krisp: 1, discord_modules: 1, discord_rpc: 1, discord_spellcheck: 1, discord_utils: 1, discord_voice: 1, discord_zstd: 1, build: null
[2026-08-16 17:54:24.767] [info]  [libdiscore] The answer for life the universe and everything is: 42
[2026-08-16 17:54:24.767] [error] [Clips] Failed to resolve videos path for default storage migration Error: videos is not an allowed app path
[2026-08-16 17:54:25.009] [warn]  [MediaEngineStore] Failed to load Krisp module: Failed to setup Krisp module, error code: -3
[2026-08-16 17:54:25.011] [error] [AVError] AV error reported: noise-canceller-error {"underlyingError":"NoiseCancellerError.KRISP_INIT_ERROR_UNSIGNED"}
[2026-08-16 17:54:25.159] [info]  [RPCServer:WSS] Starting on 6463
[2026-08-16 17:54:25.162] [info]  [RPCServer:IPC] Starting on /run/user/1000/discord-ipc-0
[2026-08-16 17:54:26.366] [info]  [MediaEngineStore] OpenH264 download status [object Object]
[2026-08-16 17:54:26.420] [info]  [MediaEngineStore] OpenH264 download status [object Object]
[2026-08-16 17:54:26.510] [info]  [MediaEngineStore] OpenH264 is ready [object Object]
[2026-08-16 17:54:26.513] [info]  OpenH264 cleanup: Deleted unused file "libopenh264-2.5.1-linux64.7.so.bz2"
[2026-08-16 17:54:26.514] [info]  OpenH264 cleanup: Deleted 1 unused files
[2026-08-16 17:54:26.514] [info]  [MediaEngineStore] OpenH264 cleanup [object Object]
[2026-08-16 17:54:35.603] [info]  [useAuthWebsocket] [0ms] connecting to wss://remote-auth-gateway.discord.gg/?v=2
[2026-08-16 17:54:35.940] [info]  [useAuthWebsocket] [337ms] got hello, auth timeout=346555ms
[2026-08-16 17:54:35.996] [info]  [useAuthWebsocket] [393ms] connected, handshaking with fingerprint: znOpPqh9cr4Y8W09ZuqlYMx0dhGQYZTRZoP86FAy4Tw
[2026-08-16 17:54:36.088] [info]  [useAuthWebsocket] [485ms] computed nonce proof
[2026-08-16 17:54:36.188] [info]  [useAuthWebsocket] [585ms] handshake complete awaiting remote auth.
[2026-08-16 17:54:53.154] [info]  [Flux] Dispatching LOGIN
[2026-08-16 17:54:53.673] [info]  [Flux] Dispatching LOGIN_SUCCESS
[2026-08-16 17:54:53.676] [info]  [Routing/Utils] transitionTo - Transitioning to /app
[2026-08-16 17:54:53.684] [info]  [GatewaySocket] [CONNECT] wss://gateway.discord.gg, encoding: etf, version: 9, compression: zstd-stream
[2026-08-16 17:54:53.684] [info]  [useAuthWebsocket] [18081ms] cleaning up
[2026-08-16 17:54:54.024] [info]  [GatewaySocket] [CONNECTED] wss://gateway.discord.gg/?encoding=etf&v=9&compress=zstd-stream in 341 ms
[2026-08-16 17:54:55.062] [info]  [GatewaySocket] [READY] took 1378ms, as d5806e45927485fdbcb498249120eb6a
[2026-08-16 17:54:55.067] [info]  [Flux] Dispatching CONNECTION_OPEN
[2026-08-16 17:54:55.071] [info]  [DatabaseManager] removing database (user: 1262149707476766862, database: undefined)
[2026-08-16 17:54:55.076] [warn]  [NativeDispatchUtils] Tried getting Dispatch instance before instantiated
[2026-08-16 17:54:55.367] [info]  [GatewaySocket] [READY_SUPPLEMENTAL] took 1684ms
[2026-08-16 17:54:55.397] [error] [Spellchecker] sh is not a valid locale.
[2026-08-16 17:54:55.422] [info]  [Spellchecker] Switching to en-US (available)
[2026-08-16 17:54:57.442] [info]  [OverlayKeybindExperimentManager] Experiments initializing...
[2026-08-16 17:54:57.447] [info]  [OverlayKeybindExperimentManager] Experiments initialized
[2026-08-16 17:54:57.456] [error] Uncaught (in promise) Error: Cannot set setting key: DESKTOP_TTI_SPLASH_USE_WEBP
[2026-08-16 17:54:57.604] [info]  [SignalHelpers.web] signalAllAcceptedCredentials [object Object]
[2026-08-16 17:54:57.758] [warn]  [SignalHelpers.web] [object DOMException]
[2026-08-16 17:55:08.328] [info]  [libdiscore] [BlockedDomainsStore] Successfully fetched blocked domains
[2026-08-16 17:55:10.414] [info]  [Routing/Utils] transitionTo - Transitioning to /channels/@me/1330421763812626466
[2026-08-16 17:55:10.417] [info]  [MessageActionCreators] Fetching messages for 1330421763812626466 between undefined and undefined. jump={"jumpType":"ANIMATED"}
[2026-08-16 17:55:10.644] [info]  [MessageActionCreators] Fetched 15 messages for 1330421763812626466 isBefore:false isAfter:false
[2026-08-16 17:55:10.648] [info]  [ChannelMessages] loadComplete: resetting state for channelId=1330421763812626466, sending.length=0
[2026-08-16 17:55:10.685] [info]  [MessageActionCreators] Fetching messages for 1330421763812626466 between undefined and 1489481521856249926. jump=undefined
[2026-08-16 17:55:10.786] [error] ResizeObserver loop completed with undelivered notifications.
[2026-08-16 17:55:10.804] [error] Could not find a View Model linked to Artboard BaseGlowRemapped.
[2026-08-16 17:55:10.805] [error] Could not find a View Model linked to Artboard BaseGlowRemapped.
[2026-08-16 17:55:11.384] [info]  [MessageActionCreators] Fetched 30 messages for 1330421763812626466 isBefore:true isAfter:false
[2026-08-16 17:55:11.725] [info]  [Clips] decider: clear() called — currentSessionGameKey=null currentSessionId=undefined pendingSessionGameKey=null candidates=0
[2026-08-16 17:55:11.725] [info]  [Clips] decider: processClipCandidates — sessionId=undefined candidates=0 staleCandidates=0 autoStashEnabled=false
[2026-08-16 17:55:11.725] [info]  [Clips] ranked clips: [object Object]
[2026-08-16 17:55:11.922] [info]  [RTCConnection(1330421763812626466, default)] Updating channel: 1330421763812626466(1)
[2026-08-16 17:55:11.923] [info]  [RTCControlSocket(default)] [CONNECT] wss://c-lax10-c3e0cbcd.discord.media:2096/
[2026-08-16 17:55:11.923] [info]  [RTCConnection(1330421763812626466, default)] Connecting to RTC server wss://c-lax10-c3e0cbcd.discord.media:2096/, rtc-connection-id: aebe37f9-ca47-4f96-8b78-c3f76f0325ee, channel: 1330421763812626466(1)
[2026-08-16 17:55:11.923] [info]  [RTCConnection(1330421763812626466, default)] RTC connection state: AWAITING_ENDPOINT => CONNECTING
[2026-08-16 17:55:12.257] [error] ResizeObserver loop completed with undelivered notifications.
[2026-08-16 17:55:12.291] [info]  [RTCConnection(1330421763812626466, default)] Connected to RTC server.
[2026-08-16 17:55:12.292] [info]  [RTCControlSocket(default)] [CONNECTED] wss://c-lax10-c3e0cbcd.discord.media:2096/ in 368 ms
[2026-08-16 17:55:12.292] [info]  [RTCConnection(1330421763812626466, default)] RTC connection state: CONNECTING => AUTHENTICATING
[2026-08-16 17:55:12.295] [info]  [RTCControlSocket(default)] [HELLO] heartbeat interval: 13750, version: 8, took 372 ms
[2026-08-16 17:55:12.295] [info]  [RTCControlSocket(default)] Starting heartbeat with interval: 13750
[2026-08-16 17:55:12.359] [info]  [RTCControlSocket(default)] [READY] took 436 ms
[2026-08-16 17:55:12.359] [info]  [RTCConnection(1330421763812626466, default)] RTC connection state: AUTHENTICATING => RTC_CONNECTING
[2026-08-16 17:55:12.360] [info]  [Connection(default)] Creating connection to 104.29.157.34:19323 with audio ssrc: 5051
[2026-08-16 17:55:12.401] [info]  [Connection(default)] Connected with local address 172.56.210.146:1082 and protocol: udp
[2026-08-16 17:55:12.401] [info]  [Connection(default)] Available engine codecs: "[{\"codec\":\"AV1\",\"decode\":true,\"encode\":false},{\"codec\":\"H264\",\"decode\":true,\"encode\":true},{\"codec\":\"VP8\",\"decode\":true,\"encode\":true}]\n"
[2026-08-16 17:55:12.401] [info]  [Connection(default)] Experimental codecs: [{"name":"AV1","encode":false,"decode":true},{"name":"H265","encode":true,"decode":true}]
[2026-08-16 17:55:12.401] [info]  [Connection(default)] Audio codecs: opus
[2026-08-16 17:55:12.402] [info]  [Connection(default)] Video codecs: AV1[encode: false, decode: true],H264[encode: true, decode: true],VP8[encode: true, decode: true]
[2026-08-16 17:55:12.402] [info]  [Connection(default)] Encryption modes: aead_aes256_gcm_rtpsize,aead_aes256_gcm,aead_xchacha20_poly1305_rtpsize,xsalsa20_poly1305_lite_rtpsize,xsalsa20_poly1305_lite,xsalsa20_poly1305_suffix,xsalsa20_poly1305
[2026-08-16 17:55:12.402] [info]  [Connection(default)] Connection state change: CONNECTING => CONNECTED
[2026-08-16 17:55:12.402] [info]  [RTCConnection(1330421763812626466, default)] RTC media connection state change: RTC_CONNECTING => CONNECTED
[2026-08-16 17:55:12.402] [info]  [RTCConnection(1330421763812626466, default)] RTC connection state: RTC_CONNECTING => RTC_CONNECTED
[2026-08-16 17:55:12.402] [info]  [discord_protos.discord_users.v1.FrecencyUserSettings] Loading proto
[2026-08-16 17:55:12.403] [info]  [RTCConnection(1330421763812626466, default)] RTC connected to media server: 104.29.157.34:19323
[2026-08-16 17:55:12.404] [info]  [RTCConnection(1330421763812626466, default)] Sending UDP info to RTC server. [object Object] fixed_keyframe_interval
[2026-08-16 17:55:12.404] [info]  [Connection(default)] Creating user: 1312221304283467830 with audio SSRC: 4776 and video SSRCs: 
[2026-08-16 17:55:12.469] [info]  [RTCConnection(1330421763812626466, default)] Setting media-session-id: 49909eec4c8514c0e0ed5495a9a0a929 for rtc-connection-id: aebe37f9-ca47-4f96-8b78-c3f76f0325ee
[2026-08-16 17:55:12.469] [info]  [Connection(default)] Selected encryption mode: aead_aes256_gcm_rtpsize
[2026-08-16 17:55:12.469] [info]  [RTCConnection(1330421763812626466, default)] DAVE protocol init with protocol version: 1
[2026-08-16 17:55:12.470] [info]  [RTCConnection(1330421763812626466, default)] Remote media sink wants: {"any":100}
[2026-08-16 17:55:12.470] [info]  [RTCConnection(1330421763812626466, default)] Received MLS external sender package
[2026-08-16 17:55:12.470] [info]  [RTCConnection(1330421763812626466, default)] Received MLS proposals
[2026-08-16 17:55:12.470] [info]  [Connection(default)] DAVE protocol state update: {"version":1,"epochAuthenticator":""}
[2026-08-16 17:55:12.470] [info]  [RTCConnection(1330421763812626466, default)] Got MLS key package, sending to RTC server
[2026-08-16 17:55:12.470] [info]  [RTCControlSocket(default)] Sending MLS key package
[2026-08-16 17:55:12.479] [info]  [RTCConnection(1330421763812626466, default)] Sending MLS commit welcome message
[2026-08-16 17:55:12.479] [info]  [RTCControlSocket(default)] Sending MLS commit + welcome message
[2026-08-16 17:55:12.521] [info]  [RTCConnection(1330421763812626466, default)] Received MLS commit for transition ID 0
[2026-08-16 17:55:12.522] [info]  [Connection(default)] DAVE protocol state update: {"version":1,"epochAuthenticator":"jePgD3oVOibmcMGX0sqO3bROk32ViMGCy7AX0mQnIRg="}
[2026-08-16 17:55:13.966] [info]  [InputWatcher] Silence: false
[2026-08-16 17:55:26.045] [info]  [RTCControlSocket(default)] Sending heartbeat with last received sequence number: 7
[2026-08-16 17:55:26.073] [info]  [RTCControlSocket(default)] Heartbeat ACK received
[2026-08-16 17:55:27.138] [error] ResizeObserver loop completed with undelivered notifications.
[2026-08-16 17:55:33.031] [info]  [discord_protos.discord_users.v1.PreloadedUserSettings] Updating userContent with delay 0
[2026-08-16 17:55:33.035] [info]  [discord_protos.discord_users.v1.PreloadedUserSettings] Scheduling save from markDirty
[2026-08-16 17:55:33.083] [info]  [discord_protos.discord_users.v1.PreloadedUserSettings] Persisting proto
[2026-08-16 17:55:39.635] [error] Could not find a View Model linked to Artboard BaseGlowRemapped.
[2026-08-16 17:55:39.636] [error] Could not find a View Model linked to Artboard BaseGlowRemapped.
[2026-08-16 17:55:39.822] [info]  [RTCControlSocket(default)] Sending heartbeat with last received sequence number: 7
[2026-08-16 17:55:39.885] [info]  [SignalHelpers.web] signalCurrentUserDetails [object Object]
[2026-08-16 17:55:39.886] [info]  [RTCControlSocket(default)] Heartbeat ACK received
[2026-08-16 17:55:40.190] [warn]  [SignalHelpers.web] [object DOMException]
[2026-08-16 17:55:41.745] [warn]  AnalyticsTrackImpressionContext function unimplemented
[2026-08-16 17:55:41.748] [warn]  AnalyticsTrackImpressionContext function unimplemented
[2026-08-16 17:55:41.760] [error] Could not find a View Model linked to Artboard BaseGlowRemapped.
[2026-08-16 17:55:41.760] [error] Could not find a View Model linked to Artboard BaseGlowRemapped.
[2026-08-16 17:55:41.760] [warn]  AnalyticsTrackImpressionContext function unimplemented
[2026-08-16 17:55:41.790] [warn]  AnalyticsTrackImpressionContext function unimplemented
[2026-08-16 17:55:42.046] [warn]  AnalyticsTrackImpressionContext function unimplemented
[2026-08-16 17:55:42.754] [warn]  AnalyticsTrackImpressionContext function unimplemented
[2026-08-16 17:55:43.698] [warn]  AnalyticsTrackImpressionContext function unimplemented
[2026-08-16 17:55:43.755] [warn]  AnalyticsTrackImpressionContext function unimplemented
[2026-08-16 17:55:44.755] [warn]  AnalyticsTrackImpressionContext function unimplemented
[2026-08-16 17:55:45.756] [warn]  AnalyticsTrackImpressionContext function unimplemented
[2026-08-16 17:55:46.756] [warn]  AnalyticsTrackImpressionContext function unimplemented
[2026-08-16 17:55:47.771] [warn]  AnalyticsTrackImpressionContext function unimplemented
[2026-08-16 17:55:48.771] [warn]  AnalyticsTrackImpressionContext function unimplemented
[2026-08-16 17:55:49.772] [warn]  AnalyticsTrackImpressionContext function unimplemented
[2026-08-16 17:55:50.772] [warn]  AnalyticsTrackImpressionContext function unimplemented
[2026-08-16 17:55:51.772] [warn]  AnalyticsTrackImpressionContext function unimplemented
[2026-08-16 17:55:52.773] [warn]  AnalyticsTrackImpressionContext function unimplemented
[2026-08-16 17:55:53.545] [info]  [RTCControlSocket(default)] Sending heartbeat with last received sequence number: 7
[2026-08-16 17:55:53.578] [info]  [RTCControlSocket(default)] Heartbeat ACK received
[2026-08-16 17:55:53.773] [warn]  AnalyticsTrackImpressionContext function unimplemented
[2026-08-16 17:55:54.026] [info]  [startStreamWithSource] Starting stream for source id prepicked:screen and name A window, screen, or app and pid null
[2026-08-16 17:55:54.039] [info]  [discord_protos.discord_users.v1.PreloadedUserSettings] Updating notifications with delay 0
[2026-08-16 17:55:54.042] [info]  [discord_protos.discord_users.v1.PreloadedUserSettings] Scheduling save from markDirty
[2026-08-16 17:55:54.042] [info]  [discord_protos.discord_users.v1.PreloadedUserSettings] Updating voiceAndVideo with delay 0
[2026-08-16 17:55:54.060] [warn]  AnalyticsTrackImpressionContext function unimplemented
[2026-08-16 17:55:54.141] [info]  [discord_protos.discord_users.v1.PreloadedUserSettings] Persisting proto
[2026-08-16 17:55:54.145] [error] Could not find a View Model linked to Artboard BaseGlowRemapped.
[2026-08-16 17:55:54.145] [error] Could not find a View Model linked to Artboard BaseGlowRemapped.
[2026-08-16 17:55:54.261] [info]  [RTCConnection(1330421763812626466, default)] Updating channel: 1330421763812626466(1)
[2026-08-16 17:55:54.296] [info]  [StreamTile] Stream Tile State - activeStream: true | selected: false | Video: true | MediaEngine: true
[2026-08-16 17:55:54.296] [info]  [StreamTile] Stream Tile State - activeStream: true | selected: true | Video: true | MediaEngine: true
[2026-08-16 17:55:54.360] [info]  [RTCControlSocket(stream)] [CONNECT] wss://c-lax05-8351ffb9.discord.media:2053/
[2026-08-16 17:55:54.360] [info]  [RTCConnection(1538712945469562950, stream)] Connecting to RTC server wss://c-lax05-8351ffb9.discord.media:2053/, rtc-connection-id: d3ce5abc-5fd0-4cb1-8e0c-5a730bba0d8a, channel: 1330421763812626466(1)
[2026-08-16 17:55:54.360] [info]  [RTCConnection(1538712945469562950, stream)] RTC connection state: AWAITING_ENDPOINT => CONNECTING
[2026-08-16 17:55:54.618] [info]  [RTCConnection(1538712945469562950, stream)] Connected to RTC server.
[2026-08-16 17:55:54.618] [info]  [RTCControlSocket(stream)] [CONNECTED] wss://c-lax05-8351ffb9.discord.media:2053/ in 258 ms
[2026-08-16 17:55:54.618] [info]  [RTCConnection(1538712945469562950, stream)] RTC connection state: CONNECTING => AUTHENTICATING
[2026-08-16 17:55:54.619] [info]  [RTCControlSocket(stream)] [HELLO] heartbeat interval: 13750, version: 8, took 259 ms
[2026-08-16 17:55:54.619] [info]  [RTCControlSocket(stream)] Starting heartbeat with interval: 13750
[2026-08-16 17:55:54.659] [info]  [RTCControlSocket(stream)] [READY] took 300 ms
[2026-08-16 17:55:54.660] [info]  [RTCConnection(1538712945469562950, stream)] RTC connection state: AUTHENTICATING => RTC_CONNECTING
[2026-08-16 17:55:54.661] [info]  [Connection(stream)] Creating connection to 104.29.157.84:19306 with audio ssrc: 4752
[2026-08-16 17:55:54.699] [info]  [Connection(stream)] Connected with local address 172.56.210.146:14857 and protocol: udp
[2026-08-16 17:55:54.699] [info]  [Connection(stream)] Available engine codecs: "[{\"codec\":\"AV1\",\"decode\":true,\"encode\":false},{\"codec\":\"H264\",\"decode\":true,\"encode\":true},{\"codec\":\"VP8\",\"decode\":true,\"encode\":true}]\n"
[2026-08-16 17:55:54.699] [info]  [Connection(stream)] Experimental codecs: [{"name":"AV1","encode":false,"decode":true},{"name":"H265","encode":true,"decode":true}]
[2026-08-16 17:55:54.699] [info]  [Connection(stream)] Audio codecs: opus
[2026-08-16 17:55:54.699] [info]  [Connection(stream)] Video codecs: AV1[encode: false, decode: true],H264[encode: true, decode: true],VP8[encode: true, decode: true]
[2026-08-16 17:55:54.699] [info]  [Connection(stream)] Encryption modes: aead_aes256_gcm_rtpsize,aead_aes256_gcm,aead_xchacha20_poly1305_rtpsize,xsalsa20_poly1305_lite_rtpsize,xsalsa20_poly1305_lite,xsalsa20_poly1305_suffix,xsalsa20_poly1305
[2026-08-16 17:55:54.700] [info]  [Connection(stream)] Connection state change: CONNECTING => CONNECTED
[2026-08-16 17:55:54.700] [info]  [RTCConnection(1538712945469562950, stream)] RTC media connection state change: RTC_CONNECTING => CONNECTED
[2026-08-16 17:55:54.700] [info]  [RTCConnection(1538712945469562950, stream)] RTC connection state: RTC_CONNECTING => RTC_CONNECTED
[2026-08-16 17:55:54.700] [info]  [Connection(stream)] capturing desktop (type: prepicked, handle: screen, use-video-hook: false, use-graphics-capture: false, use-graphics-capture-api-level: 0, use-capture-device-for-encode: false).
[2026-08-16 17:55:54.701] [info]  [RTCConnection(1538712945469562950, stream)] RTC connected to media server: 104.29.157.84:19306
[2026-08-16 17:55:54.701] [info]  [RTCConnection(1538712945469562950, stream)] Sending UDP info to RTC server. [object Object] fixed_keyframe_interval
[2026-08-16 17:55:54.745] [info]  [RTCConnection(1538712945469562950, stream)] Setting media-session-id: 92638823c3173e3b111343d90b1818fa for rtc-connection-id: d3ce5abc-5fd0-4cb1-8e0c-5a730bba0d8a
[2026-08-16 17:55:54.745] [info]  [Connection(stream)] Selected encryption mode: aead_aes256_gcm_rtpsize
[2026-08-16 17:55:54.745] [info]  [RTCConnection(1538712945469562950, stream)] DAVE protocol init with protocol version: 1
[2026-08-16 17:55:54.747] [info]  [Connection(stream)] DAVE protocol state update: {"version":1,"epochAuthenticator":""}
[2026-08-16 17:55:54.747] [info]  [RTCConnection(1538712945469562950, stream)] Got MLS key package, sending to RTC server
[2026-08-16 17:55:54.747] [info]  [RTCControlSocket(stream)] Sending MLS key package
[2026-08-16 17:55:54.747] [info]  [RTCConnection(1538712945469562950, stream)] Remote media sink wants: {"pixelCounts":{"4753":0},"any":100}
[2026-08-16 17:55:54.747] [info]  [RTCConnection(1538712945469562950, stream)] Received MLS external sender package
[2026-08-16 17:55:54.747] [info]  [RTCConnection(1538712945469562950, stream)] Remote media sink wants: {"pixelCounts":{"4753":0},"any":100}
[2026-08-16 17:55:54.806] [info]  [RTCConnection(1538712945469562950, stream)] Remote media sink wants: {"pixelCounts":{"4753":0},"any":100}
[2026-08-16 17:55:54.952] [info]  [DirectVideo] create video element for 5, readyState=0
[2026-08-16 17:55:54.953] [info]  [DirectVideo] attaching srcObject for 5
[2026-08-16 17:55:54.954] [info]  Subscribing to direct frames for streamId 5
[2026-08-16 17:55:54.968] [info]  [DirectVideo] handleReady for 5, have onReady callback = true
[2026-08-16 17:55:54.969] [info]  [VideoStream] spinner visible for 15 ms
      [self_stream, count for stream: 1]
[2026-08-16 17:55:55.322] [info]  [Connection(stream)] Creating user: 1312221304283467830 with audio SSRC: 0 and video SSRCs: 
[2026-08-16 17:55:55.449] [info]  Subscribing to frames for streamId 5
[2026-08-16 17:55:55.462] [info]  [RTCConnection(1538712945469562950, stream)] Remote media sink wants: {"4753":100,"pixelCounts":{"4753":0},"any":100}
[2026-08-16 17:55:55.468] [info]  Unsubscribing from frames for streamId 5
[2026-08-16 17:55:55.533] [info]  [RTCConnection(1538712945469562950, stream)] Received MLS proposals
[2026-08-16 17:55:55.534] [info]  [RTCConnection(1538712945469562950, stream)] Sending MLS commit welcome message
[2026-08-16 17:55:55.534] [info]  [RTCControlSocket(stream)] Sending MLS commit + welcome message
[2026-08-16 17:55:55.537] [info]  [RTCConnection(1538712945469562950, stream)] Received MLS welcome for transition ID 0
[2026-08-16 17:55:55.537] [info]  [Connection(stream)] DAVE protocol state update: {"version":1,"epochAuthenticator":"NN2Nm5N9zBOwOu961nUaPnhfPO+FSRJWYl7NtdkYInM="}
[2026-08-16 17:55:56.202] [info]  [InputWatcher] Silence: false
[2026-08-16 17:55:57.279] [info]  Unsubscribing from direct frames for streamId 5
[2026-08-16 17:55:59.200] [info]  [StreamTile] Stream Tile State - activeStream: true | selected: false | Video: true | MediaEngine: true
[2026-08-16 17:55:59.201] [info]  [StreamTile] Stream Tile State - activeStream: true | selected: true | Video: true | MediaEngine: true
[2026-08-16 17:56:01.720] [info]  [RTCConnection(1538712945469562950, stream)] Remote media sink wants: {"4753":100,"pixelCounts":{"4753":984640},"any":100}
[2026-08-16 17:56:03.595] [info]  [DirectVideo] attaching srcObject for 5
[2026-08-16 17:56:03.596] [info]  Subscribing to direct frames for streamId 5
[2026-08-16 17:56:03.634] [info]  [DirectVideo] handleReady for 5, have onReady callback = true
[2026-08-16 17:56:06.456] [info]  Unsubscribing from direct frames for streamId 5
[2026-08-16 17:56:06.489] [info]  [DirectVideo] attaching srcObject for 5
[2026-08-16 17:56:06.489] [info]  Subscribing to direct frames for streamId 5
[2026-08-16 17:56:06.521] [info]  Unsubscribing from direct frames for streamId 5
[2026-08-16 17:56:06.547] [info]  [DirectVideo] attaching srcObject for 5
[2026-08-16 17:56:06.547] [info]  Subscribing to direct frames for streamId 5
[2026-08-16 17:56:06.570] [info]  [DirectVideo] handleReady for 5, have onReady callback = true
[2026-08-16 17:56:07.295] [info]  [RTCControlSocket(default)] Sending heartbeat with last received sequence number: 7
[2026-08-16 17:56:07.362] [info]  [RTCControlSocket(default)] Heartbeat ACK received
[2026-08-16 17:56:08.186] [info]  [RTCConnection(1538712945469562950, stream)] Remote media sink wants: {"4753":100,"pixelCounts":{"4753":2375016},"any":100}
[2026-08-16 17:56:08.369] [info]  [RTCControlSocket(stream)] Sending heartbeat with last received sequence number: 11
[2026-08-16 17:56:08.413] [info]  Unsubscribing from direct frames for streamId 5
[2026-08-16 17:56:08.431] [info]  [RTCControlSocket(stream)] Heartbeat ACK received
[2026-08-16 17:56:18.630] [info]  [RTCConnection(1538712945469562950, stream)] Remote media sink wants: {"4753":100,"pixelCounts":{"4753":13151682},"any":100}
[2026-08-16 17:56:21.045] [info]  [RTCControlSocket(default)] Sending heartbeat with last received sequence number: 7
[2026-08-16 17:56:21.079] [info]  [RTCControlSocket(default)] Heartbeat ACK received
[2026-08-16 17:56:21.768] [info]  [RTCConnection(1538712945469562950, stream)] Remote media sink wants: {"4753":100,"pixelCounts":{"4753":2375016},"any":100}
[2026-08-16 17:56:22.119] [info]  [RTCControlSocket(stream)] Sending heartbeat with last received sequence number: 13
[2026-08-16 17:56:22.154] [info]  [RTCControlSocket(stream)] Heartbeat ACK received
[2026-08-16 17:56:23.787] [info]  [RTCConnection(1538712945469562950, stream)] Remote media sink wants: {"4753":100,"pixelCounts":{"4753":977956},"any":100}
[2026-08-16 17:56:34.795] [info]  [RTCControlSocket(default)] Sending heartbeat with last received sequence number: 7
[2026-08-16 17:56:34.827] [info]  [RTCControlSocket(default)] Heartbeat ACK received
[2026-08-16 17:56:35.869] [info]  [RTCControlSocket(stream)] Sending heartbeat with last received sequence number: 14
[2026-08-16 17:56:35.917] [info]  [RTCControlSocket(stream)] Heartbeat ACK received
[2026-08-16 17:56:48.545] [info]  [RTCControlSocket(default)] Sending heartbeat with last received sequence number: 7
[2026-08-16 17:56:48.572] [info]  [RTCControlSocket(default)] Heartbeat ACK received
[2026-08-16 17:56:49.619] [info]  [RTCControlSocket(stream)] Sending heartbeat with last received sequence number: 14
[2026-08-16 17:56:49.662] [info]  [RTCControlSocket(stream)] Heartbeat ACK received
[2026-08-16 17:56:58.586] [info]  [RTCConnection(1538712945469562950, stream)] Remote media sink wants: {"4753":100,"pixelCounts":{"4753":2375016},"any":100}
[2026-08-16 17:56:59.718] [info]  [RTCConnection(1538712945469562950, stream)] Remote media sink wants: {"4753":100,"pixelCounts":{"4753":977956},"any":100}
[2026-08-16 17:57:00.449] [info]  [RTCConnection(1538712945469562950, stream)] Remote media sink wants: {"4753":100,"pixelCounts":{"4753":2375016},"any":100}
[2026-08-16 17:57:02.117] [info]  [RTCConnection(1538712945469562950, stream)] Remote media sink wants: {"4753":100,"pixelCounts":{"4753":977956},"any":100}
[2026-08-16 17:57:02.295] [info]  [RTCControlSocket(default)] Sending heartbeat with last received sequence number: 7
[2026-08-16 17:57:02.327] [info]  [RTCControlSocket(default)] Heartbeat ACK received
[2026-08-16 17:57:02.904] [info]  [RTCConnection(1538712945469562950, stream)] Remote media sink wants: {"4753":100,"pixelCounts":{"4753":2375016},"any":100}
[2026-08-16 17:57:03.369] [info]  [RTCControlSocket(stream)] Sending heartbeat with last received sequence number: 19
[2026-08-16 17:57:03.398] [info]  [RTCControlSocket(stream)] Heartbeat ACK received
[2026-08-16 17:57:04.033] [info]  [RTCConnection(1538712945469562950, stream)] Remote media sink wants: {"4753":100,"pixelCounts":{"4753":3710962},"any":100}
[2026-08-16 17:57:06.737] [info]  [RTCConnection(1538712945469562950, stream)] Remote media sink wants: {"4753":100,"pixelCounts":{"4753":59375400},"any":100}
[2026-08-16 17:57:13.042] [info]  [RTCConnection(1538712945469562950, stream)] Remote media sink wants: {"4753":100,"pixelCounts":{"4753":2375016},"any":100}
[2026-08-16 17:57:16.045] [info]  [RTCControlSocket(default)] Sending heartbeat with last received sequence number: 7
[2026-08-16 17:57:16.087] [info]  [RTCControlSocket(default)] Heartbeat ACK received
[2026-08-16 17:57:17.119] [info]  [RTCControlSocket(stream)] Sending heartbeat with last received sequence number: 22
[2026-08-16 17:57:17.159] [info]  [RTCControlSocket(stream)] Heartbeat ACK received
[2026-08-16 17:57:25.696] [info]  [DirectVideo] attaching srcObject for 5
[2026-08-16 17:57:25.697] [info]  Subscribing to direct frames for streamId 5
[2026-08-16 17:57:25.735] [info]  [DirectVideo] handleReady for 5, have onReady callback = true
[2026-08-16 17:57:26.692] [info]  Unsubscribing from direct frames for streamId 5
[2026-08-16 17:57:27.073] [info]  [DirectVideo] attaching srcObject for 5
[2026-08-16 17:57:27.074] [info]  Subscribing to direct frames for streamId 5
[2026-08-16 17:57:27.101] [info]  [DirectVideo] handleReady for 5, have onReady callback = true
[2026-08-16 17:57:27.741] [info]  Unsubscribing from direct frames for streamId 5
[2026-08-16 17:57:29.795] [info]  [RTCControlSocket(default)] Sending heartbeat with last received sequence number: 7
[2026-08-16 17:57:29.832] [info]  [RTCControlSocket(default)] Heartbeat ACK received
[2026-08-16 17:57:30.869] [info]  [RTCControlSocket(stream)] Sending heartbeat with last received sequence number: 22
[2026-08-16 17:57:30.935] [info]  [RTCControlSocket(stream)] Heartbeat ACK received
[2026-08-16 17:57:41.297] [info]  [DirectVideo] attaching srcObject for 5
[2026-08-16 17:57:41.298] [info]  Subscribing to direct frames for streamId 5
[2026-08-16 17:57:41.334] [info]  [DirectVideo] handleReady for 5, have onReady callback = true
[2026-08-16 17:57:41.396] [info]  Unsubscribing from direct frames for streamId 5
[2026-08-16 17:57:43.545] [info]  [RTCControlSocket(default)] Sending heartbeat with last received sequence number: 7
[2026-08-16 17:57:43.587] [info]  [RTCControlSocket(default)] Heartbeat ACK received
[2026-08-16 17:57:44.502] [info]  [DirectVideo] attaching srcObject for 5
[2026-08-16 17:57:44.502] [info]  Subscribing to direct frames for streamId 5
[2026-08-16 17:57:44.538] [info]  [DirectVideo] handleReady for 5, have onReady callback = true
[2026-08-16 17:57:44.619] [info]  [RTCControlSocket(stream)] Sending heartbeat with last received sequence number: 22
[2026-08-16 17:57:44.648] [info]  [RTCControlSocket(stream)] Heartbeat ACK received
[2026-08-16 17:57:44.935] [info]  Unsubscribing from direct frames for streamId 5
[2026-08-16 17:57:54.325] [info]  [DirectVideo] attaching srcObject for 5
[2026-08-16 17:57:54.325] [info]  Subscribing to direct frames for streamId 5
[2026-08-16 17:57:54.368] [info]  [DirectVideo] handleReady for 5, have onReady callback = true
[2026-08-16 17:57:57.295] [info]  [RTCControlSocket(default)] Sending heartbeat with last received sequence number: 7
[2026-08-16 17:57:57.333] [info]  [RTCControlSocket(default)] Heartbeat ACK received
[2026-08-16 17:57:58.369] [info]  [RTCControlSocket(stream)] Sending heartbeat with last received sequence number: 22
[2026-08-16 17:57:58.407] [info]  [RTCControlSocket(stream)] Heartbeat ACK received
[2026-08-16 17:57:59.444] [info]  Unsubscribing from direct frames for streamId 5
[2026-08-16 17:58:04.004] [info]  [DirectVideo] attaching srcObject for 5
[2026-08-16 17:58:04.004] [info]  Subscribing to direct frames for streamId 5
[2026-08-16 17:58:04.039] [info]  [DirectVideo] handleReady for 5, have onReady callback = true
[2026-08-16 17:58:11.045] [info]  [RTCControlSocket(default)] Sending heartbeat with last received sequence number: 7
[2026-08-16 17:58:11.066] [info]  [RTCControlSocket(default)] Heartbeat ACK received
[2026-08-16 17:58:12.119] [info]  [RTCControlSocket(stream)] Sending heartbeat with last received sequence number: 22
[2026-08-16 17:58:12.166] [info]  [RTCControlSocket(stream)] Heartbeat ACK received
[2026-08-16 17:58:13.841] [info]  Unsubscribing from direct frames for streamId 5
[2026-08-16 17:58:24.795] [info]  [RTCControlSocket(default)] Sending heartbeat with last received sequence number: 7
[2026-08-16 17:58:24.878] [info]  [RTCControlSocket(default)] Heartbeat ACK received
[2026-08-16 17:58:25.679] [info]  [DirectVideo] attaching srcObject for 5
[2026-08-16 17:58:25.680] [info]  Subscribing to direct frames for streamId 5
[2026-08-16 17:58:25.734] [info]  [DirectVideo] handleReady for 5, have onReady callback = true
[2026-08-16 17:58:25.869] [info]  [RTCControlSocket(stream)] Sending heartbeat with last received sequence number: 22
[2026-08-16 17:58:25.888] [info]  Unsubscribing from direct frames for streamId 5
[2026-08-16 17:58:25.907] [info]  [RTCControlSocket(stream)] Heartbeat ACK received
[2026-08-16 17:58:26.095] [info]  [DirectVideo] attaching srcObject for 5
[2026-08-16 17:58:26.095] [info]  Subscribing to direct frames for streamId 5
[2026-08-16 17:58:26.136] [info]  [DirectVideo] handleReady for 5, have onReady callback = true
[2026-08-16 17:58:38.545] [info]  [RTCControlSocket(default)] Sending heartbeat with last received sequence number: 7
[2026-08-16 17:58:38.572] [info]  [RTCControlSocket(default)] Heartbeat ACK received
[2026-08-16 17:58:39.619] [info]  [RTCControlSocket(stream)] Sending heartbeat with last received sequence number: 22
[2026-08-16 17:58:39.667] [info]  [RTCControlSocket(stream)] Heartbeat ACK received
[2026-08-16 17:58:52.295] [info]  [RTCControlSocket(default)] Sending heartbeat with last received sequence number: 7
[2026-08-16 17:58:52.328] [info]  [RTCControlSocket(default)] Heartbeat ACK received
[2026-08-16 17:58:53.369] [info]  [RTCControlSocket(stream)] Sending heartbeat with last received sequence number: 22
[2026-08-16 17:58:53.397] [info]  [RTCControlSocket(stream)] Heartbeat ACK received
[2026-08-16 17:59:06.045] [info]  [RTCControlSocket(default)] Sending heartbeat with last received sequence number: 7
[2026-08-16 17:59:06.088] [info]  [RTCControlSocket(default)] Heartbeat ACK received
[2026-08-16 17:59:07.119] [info]  [RTCControlSocket(stream)] Sending heartbeat with last received sequence number: 22
[2026-08-16 17:59:07.162] [info]  [RTCControlSocket(stream)] Heartbeat ACK received
[2026-08-16 17:59:12.122] [info]  [RTCConnection(1538712945469562950, stream)] Remote media sink wants: {"4753":100,"pixelCounts":{"4753":3710962},"any":100}
[2026-08-16 17:59:16.021] [info]  [RTCConnection(1538712945469562950, stream)] Remote media sink wants: {"4753":100,"pixelCounts":{"4753":59375400},"any":100}
[2026-08-16 17:59:17.276] [info]  Unsubscribing from direct frames for streamId 5
[2026-08-16 17:59:17.765] [info]  [DirectVideo] attaching srcObject for 5
[2026-08-16 17:59:17.766] [info]  Subscribing to direct frames for streamId 5
[2026-08-16 17:59:17.801] [info]  [DirectVideo] handleReady for 5, have onReady callback = true
[2026-08-16 17:59:18.809] [info]  Unsubscribing from direct frames for streamId 5
[2026-08-16 17:59:19.795] [info]  [RTCControlSocket(default)] Sending heartbeat with last received sequence number: 7
[2026-08-16 17:59:19.820] [info]  [RTCControlSocket(default)] Heartbeat ACK received
[2026-08-16 17:59:20.869] [info]  [RTCControlSocket(stream)] Sending heartbeat with last received sequence number: 24
[2026-08-16 17:59:20.908] [info]  [RTCControlSocket(stream)] Heartbeat ACK received
[2026-08-16 17:59:33.545] [info]  [RTCControlSocket(default)] Sending heartbeat with last received sequence number: 7
[2026-08-16 17:59:33.588] [info]  [RTCControlSocket(default)] Heartbeat ACK received
[2026-08-16 17:59:34.619] [info]  [RTCControlSocket(stream)] Sending heartbeat with last received sequence number: 24
[2026-08-16 17:59:34.656] [info]  [RTCControlSocket(stream)] Heartbeat ACK received
[2026-08-16 17:59:37.217] [info]  [RTCConnection(1538712945469562950, stream)] Remote media sink wants: {"4753":100,"pixelCounts":{"4753":977956},"any":100}
[2026-08-16 17:59:39.835] [info]  [RTCConnection(1538712945469562950, stream)] Remote media sink wants: {"4753":100,"pixelCounts":{"4753":2375016},"any":100}
[2026-08-16 17:59:47.295] [info]  [RTCControlSocket(default)] Sending heartbeat with last received sequence number: 7
[2026-08-16 17:59:47.342] [info]  [RTCControlSocket(default)] Heartbeat ACK received
[2026-08-16 17:59:48.369] [info]  [RTCControlSocket(stream)] Sending heartbeat with last received sequence number: 26
[2026-08-16 17:59:48.428] [info]  [RTCControlSocket(stream)] Heartbeat ACK received
[2026-08-16 17:59:55.689] [info]  [DirectVideo] attaching srcObject for 5
[2026-08-16 17:59:55.690] [info]  Subscribing to direct frames for streamId 5
[2026-08-16 17:59:55.744] [info]  [DirectVideo] handleReady for 5, have onReady callback = true
[2026-08-16 17:59:56.680] [info]  Unsubscribing from direct frames for streamId 5
[2026-08-16 18:00:01.045] [info]  [RTCControlSocket(default)] Sending heartbeat with last received sequence number: 7
[2026-08-16 18:00:01.096] [info]  [RTCControlSocket(default)] Heartbeat ACK received
[2026-08-16 18:00:02.119] [info]  [RTCControlSocket(stream)] Sending heartbeat with last received sequence number: 26
[2026-08-16 18:00:02.185] [info]  [RTCControlSocket(stream)] Heartbeat ACK received
[2026-08-16 18:00:14.795] [info]  [RTCControlSocket(default)] Sending heartbeat with last received sequence number: 7
[2026-08-16 18:00:14.849] [info]  [RTCControlSocket(default)] Heartbeat ACK received
[2026-08-16 18:00:15.869] [info]  [RTCControlSocket(stream)] Sending heartbeat with last received sequence number: 26
[2026-08-16 18:00:15.915] [info]  [RTCControlSocket(stream)] Heartbeat ACK received
[2026-08-16 18:00:19.920] [info]  [RTCConnection(1538712945469562950, stream)] Remote media sink wants: {"pixelCounts":{"4753":0},"any":100}
[2026-08-16 18:00:19.920] [info]  [RTCConnection(1538712945469562950, stream)] Preparing DAVE protocol epoch: 1, protocol version: 1
[2026-08-16 18:00:19.922] [info]  [Connection(stream)] DAVE protocol state update: {"version":1,"epochAuthenticator":""}
[2026-08-16 18:00:19.922] [info]  [RTCConnection(1538712945469562950, stream)] Got MLS key package, sending to RTC server
[2026-08-16 18:00:19.922] [info]  [RTCControlSocket(stream)] Sending MLS key package
[2026-08-16 18:00:19.927] [info]  [RTCConnection(1538712945469562950, stream)] Preparing DAVE protocol transition: 0, protocol version: 1
[2026-08-16 18:00:21.685] [info]  [RTCConnection(1330421763812626466, default)] Preparing DAVE protocol epoch: 1, protocol version: 1
[2026-08-16 18:00:21.686] [info]  [RTCConnection(1330421763812626466, default)] Preparing DAVE protocol transition: 0, protocol version: 1
[2026-08-16 18:00:21.686] [info]  [Connection(default)] DAVE protocol state update: {"version":1,"epochAuthenticator":""}
[2026-08-16 18:00:21.686] [info]  [RTCConnection(1330421763812626466, default)] Got MLS key package, sending to RTC server
[2026-08-16 18:00:21.686] [info]  [RTCControlSocket(default)] Sending MLS key package
[2026-08-16 18:00:24.069] [info]  [Connection(stream)] Creating user: 1312221304283467830 with audio SSRC: 0 and video SSRCs: 
[2026-08-16 18:00:24.103] [info]  [Connection(default)] Creating user: 1312221304283467830 with audio SSRC: 0 and video SSRCs: 
[2026-08-16 18:00:24.193] [info]  [RTCConnection(1538712945469562950, stream)] Remote media sink wants: {"4753":100,"pixelCounts":{"4753":0},"any":100}
[2026-08-16 18:00:24.285] [info]  [RTCConnection(1538712945469562950, stream)] Received MLS proposals
[2026-08-16 18:00:24.286] [info]  [RTCConnection(1538712945469562950, stream)] Sending MLS commit welcome message
[2026-08-16 18:00:24.286] [info]  [RTCControlSocket(stream)] Sending MLS commit + welcome message
[2026-08-16 18:00:24.294] [info]  [RTCConnection(1538712945469562950, stream)] Received MLS welcome for transition ID 0
[2026-08-16 18:00:24.294] [info]  [Connection(stream)] DAVE protocol state update: {"version":1,"epochAuthenticator":"Z/7F3T75xqQJzdatNeVLo9DwAuZHPw02kzeRonshenk="}
[2026-08-16 18:00:24.316] [info]  [RTCConnection(1330421763812626466, default)] Received MLS proposals
[2026-08-16 18:00:24.316] [info]  [RTCConnection(1330421763812626466, default)] Received MLS welcome for transition ID 0
[2026-08-16 18:00:24.317] [info]  [RTCConnection(1330421763812626466, default)] Sending MLS commit welcome message
[2026-08-16 18:00:24.317] [info]  [RTCControlSocket(default)] Sending MLS commit + welcome message
[2026-08-16 18:00:24.318] [info]  [Connection(default)] DAVE protocol state update: {"version":1,"epochAuthenticator":"dcH6T7aXEZwrSYYvJObx0s4xIV2iKtiJV6wuasyPTXo="}
[2026-08-16 18:00:24.567] [info]  [Connection(default)] Creating user: 1312221304283467830 with audio SSRC: 5085 and video SSRCs: 
[2026-08-16 18:00:24.949] [info]  [StreamTile] Stream Tile State - activeStream: true | selected: false | Video: true | MediaEngine: true
[2026-08-16 18:00:24.949] [info]  [StreamTile] Stream Tile State - activeStream: true | selected: true | Video: true | MediaEngine: true
[2026-08-16 18:00:24.972] [info]  [RTCConnection(1538712945469562950, stream)] Remote media sink wants: {"4753":100,"pixelCounts":{"4753":984640},"any":100}
[2026-08-16 18:00:28.545] [info]  [RTCControlSocket(default)] Sending heartbeat with last received sequence number: 16
[2026-08-16 18:00:28.599] [info]  [RTCControlSocket(default)] Heartbeat ACK received
[2026-08-16 18:00:29.619] [info]  [RTCControlSocket(stream)] Sending heartbeat with last received sequence number: 37
[2026-08-16 18:00:29.666] [info]  [RTCControlSocket(stream)] Heartbeat ACK received
[2026-08-16 18:00:42.295] [info]  [RTCControlSocket(default)] Sending heartbeat with last received sequence number: 16
[2026-08-16 18:00:42.462] [info]  [RTCControlSocket(default)] Heartbeat ACK received
[2026-08-16 18:00:43.369] [info]  [RTCControlSocket(stream)] Sending heartbeat with last received sequence number: 37
[2026-08-16 18:00:43.427] [info]  [RTCControlSocket(stream)] Heartbeat ACK received
[2026-08-16 18:00:53.792] [info]  [RTCConnection(1538712945469562950, stream)] Remote media sink wants: {"4753":100,"pixelCounts":{"4753":230400},"any":100}
[2026-08-16 18:00:56.045] [info]  [RTCControlSocket(default)] Sending heartbeat with last received sequence number: 16
[2026-08-16 18:00:56.074] [info]  [RTCControlSocket(default)] Heartbeat ACK received
[2026-08-16 18:00:57.119] [info]  [RTCControlSocket(stream)] Sending heartbeat with last received sequence number: 38
[2026-08-16 18:00:57.191] [info]  [RTCControlSocket(stream)] Heartbeat ACK received
[2026-08-16 18:00:59.491] [info]  Subscribing to frames for streamId 5
[2026-08-16 18:00:59.501] [info]  Unsubscribing from frames for streamId 5
[2026-08-16 18:01:08.257] [info]  [RTCConnection(1538712945469562950, stream)] Remote media sink wants: {"4753":100,"pixelCounts":{"4753":984640},"any":100}
[2026-08-16 18:01:09.795] [info]  [RTCControlSocket(default)] Sending heartbeat with last received sequence number: 16
[2026-08-16 18:01:09.832] [info]  [RTCControlSocket(default)] Heartbeat ACK received
[2026-08-16 18:01:10.582] [info]  [RTCConnection(1538712945469562950, stream)] Remote media sink wants: {"4753":100,"pixelCounts":{"4753":2375016},"any":100}
[2026-08-16 18:01:10.869] [info]  [RTCControlSocket(stream)] Sending heartbeat with last received sequence number: 40
[2026-08-16 18:01:10.903] [info]  [RTCControlSocket(stream)] Heartbeat ACK received
[2026-08-16 18:01:23.545] [info]  [RTCControlSocket(default)] Sending heartbeat with last received sequence number: 16
[2026-08-16 18:01:23.588] [info]  [RTCControlSocket(default)] Heartbeat ACK received
[2026-08-16 18:01:24.619] [info]  [RTCControlSocket(stream)] Sending heartbeat with last received sequence number: 40
[2026-08-16 18:01:24.652] [info]  [RTCControlSocket(stream)] Heartbeat ACK received
[2026-08-16 18:01:36.072] [error] ResizeObserver loop completed with undelivered notifications.
[2026-08-16 18:01:37.295] [info]  [RTCControlSocket(default)] Sending heartbeat with last received sequence number: 16
[2026-08-16 18:01:37.327] [info]  [RTCControlSocket(default)] Heartbeat ACK received
[2026-08-16 18:01:37.511] [info]  [StreamTile] Stream Tile State - activeStream: true | selected: true | Video: true | MediaEngine: true
[2026-08-16 18:01:38.369] [info]  [RTCControlSocket(stream)] Sending heartbeat with last received sequence number: 40
[2026-08-16 18:01:38.417] [info]  [RTCControlSocket(stream)] Heartbeat ACK received
[2026-08-16 18:01:51.045] [info]  [RTCControlSocket(default)] Sending heartbeat with last received sequence number: 16
[2026-08-16 18:01:51.113] [info]  [RTCControlSocket(default)] Heartbeat ACK received
[2026-08-16 18:01:52.119] [info]  [RTCControlSocket(stream)] Sending heartbeat with last received sequence number: 40
[2026-08-16 18:01:52.183] [info]  [RTCControlSocket(stream)] Heartbeat ACK received
[2026-08-16 18:02:04.795] [info]  [RTCControlSocket(default)] Sending heartbeat with last received sequence number: 16
[2026-08-16 18:02:04.826] [info]  [RTCControlSocket(default)] Heartbeat ACK received
[2026-08-16 18:02:05.869] [info]  [RTCControlSocket(stream)] Sending heartbeat with last received sequence number: 40
[2026-08-16 18:02:05.912] [info]  [RTCControlSocket(stream)] Heartbeat ACK received
[2026-08-16 18:02:18.545] [info]  [RTCControlSocket(default)] Sending heartbeat with last received sequence number: 16
[2026-08-16 18:02:18.633] [info]  [RTCControlSocket(default)] Heartbeat ACK received
[2026-08-16 18:02:19.619] [info]  [RTCControlSocket(stream)] Sending heartbeat with last received sequence number: 40
[2026-08-16 18:02:19.663] [info]  [RTCControlSocket(stream)] Heartbeat ACK received
[2026-08-16 18:02:32.295] [info]  [RTCControlSocket(default)] Sending heartbeat with last received sequence number: 16
[2026-08-16 18:02:32.345] [info]  [RTCControlSocket(default)] Heartbeat ACK received
[2026-08-16 18:02:33.374] [info]  [RTCControlSocket(stream)] Sending heartbeat with last received sequence number: 40
[2026-08-16 18:02:33.426] [info]  [RTCControlSocket(stream)] Heartbeat ACK received
[2026-08-16 18:02:46.045] [info]  [RTCControlSocket(default)] Sending heartbeat with last received sequence number: 16
[2026-08-16 18:02:46.073] [info]  [RTCControlSocket(default)] Heartbeat ACK received
[2026-08-16 18:02:47.119] [info]  [RTCControlSocket(stream)] Sending heartbeat with last received sequence number: 40
[2026-08-16 18:02:47.162] [info]  [RTCControlSocket(stream)] Heartbeat ACK received
[2026-08-16 18:02:59.795] [info]  [RTCControlSocket(default)] Sending heartbeat with last received sequence number: 16
[2026-08-16 18:02:59.831] [info]  [RTCControlSocket(default)] Heartbeat ACK received
[2026-08-16 18:03:00.869] [info]  [RTCControlSocket(stream)] Sending heartbeat with last received sequence number: 40
[2026-08-16 18:03:00.912] [info]  [RTCControlSocket(stream)] Heartbeat ACK received
[2026-08-16 18:03:01.521] [info]  [RTCConnection(1538712945469562950, stream)] Remote media sink wants: {"4753":100,"pixelCounts":{"4753":3710962},"any":100}
[2026-08-16 18:03:07.584] [info]  [RTCConnection(1538712945469562950, stream)] Remote media sink wants: {"4753":100,"pixelCounts":{"4753":2375016},"any":100}
[2026-08-16 18:03:09.063] [info]  [RTCConnection(1538712945469562950, stream)] Remote media sink wants: {"4753":100,"pixelCounts":{"4753":977956},"any":100}
[2026-08-16 18:03:09.976] [info]  [RTCConnection(1538712945469562950, stream)] Remote media sink wants: {"4753":100,"pixelCounts":{"4753":2375016},"any":100}
[2026-08-16 18:03:13.545] [info]  [RTCControlSocket(default)] Sending heartbeat with last received sequence number: 16
[2026-08-16 18:03:13.590] [info]  [RTCControlSocket(default)] Heartbeat ACK received
[2026-08-16 18:03:14.619] [info]  [RTCControlSocket(stream)] Sending heartbeat with last received sequence number: 44
[2026-08-16 18:03:14.656] [info]  [RTCControlSocket(stream)] Heartbeat ACK received
[2026-08-16 18:03:27.295] [info]  [RTCControlSocket(default)] Sending heartbeat with last received sequence number: 16
[2026-08-16 18:03:27.332] [info]  [RTCControlSocket(default)] Heartbeat ACK received
[2026-08-16 18:03:28.369] [info]  [RTCControlSocket(stream)] Sending heartbeat with last received sequence number: 44
[2026-08-16 18:03:28.422] [info]  [RTCControlSocket(stream)] Heartbeat ACK received
[2026-08-16 18:03:41.045] [info]  [RTCControlSocket(default)] Sending heartbeat with last received sequence number: 16
[2026-08-16 18:03:41.098] [info]  [RTCControlSocket(default)] Heartbeat ACK received
[2026-08-16 18:03:42.119] [info]  [RTCControlSocket(stream)] Sending heartbeat with last received sequence number: 44
[2026-08-16 18:03:42.200] [info]  [RTCControlSocket(stream)] Heartbeat ACK received
[2026-08-16 18:03:54.799] [info]  [RTCControlSocket(default)] Sending heartbeat with last received sequence number: 16
[2026-08-16 18:03:54.835] [info]  [RTCControlSocket(default)] Heartbeat ACK received
[2026-08-16 18:03:55.869] [info]  [RTCControlSocket(stream)] Sending heartbeat with last received sequence number: 44
[2026-08-16 18:03:55.937] [info]  [RTCControlSocket(stream)] Heartbeat ACK received
[2026-08-16 18:04:08.545] [info]  [RTCControlSocket(default)] Sending heartbeat with last received sequence number: 16
[2026-08-16 18:04:08.610] [info]  [RTCControlSocket(default)] Heartbeat ACK received
[2026-08-16 18:04:09.619] [info]  [RTCControlSocket(stream)] Sending heartbeat with last received sequence number: 44
[2026-08-16 18:04:09.675] [info]  [RTCControlSocket(stream)] Heartbeat ACK received
[2026-08-16 18:06:15.247] [info]  splashScreenPreload: signalReady
[2026-08-16 18:06:15.276] [info]  splashScreenPreload: onStateUpdate: {"status":"checking-for-updates"}
[2026-08-16 18:06:15.540] [info]  splashScreenPreload: onStateUpdate: {"status":"launching"}
[2026-08-16 18:06:15.950] [info]  [FAST CONNECT] wss://gateway.discord.gg/?encoding=etf&v=9&compress=zstd-stream, encoding: etf, version: 9
[2026-08-16 18:06:16.069] [info]  [libdiscore] [experiment_manager] Loaded experiments from cache
[2026-08-16 18:06:16.209] [info]  Initializing voice engine with audio subsystem: standard
[2026-08-16 18:06:16.336] [info]  [default] [BUILD INFO] Release Channel: stable, Build Number: 594031, Version Hash: 3bb3f6bb46b41b648f4da39bdc3ff08d4ad3936e
[2026-08-16 18:06:16.346] [warn]  [CloudSyncUtils] CloudSync is not supported on this platform
[2026-08-16 18:06:16.426] [info]  [default] [NATIVE INFO] host 1.0.138, modules: discord_cloudsync: 1, discord_desktop_core: 1, discord_dispatch: 1, discord_erlpack: 1, discord_game_utils: 1, discord_krisp: 1, discord_modules: 1, discord_rpc: 1, discord_spellcheck: 1, discord_utils: 1, discord_voice: 1, discord_zstd: 1, build: null
[2026-08-16 18:06:16.430] [info]  [libdiscore] The answer for life the universe and everything is: 42
[2026-08-16 18:06:16.742] [warn]  [MediaEngineStore] Failed to load Krisp module: Failed to setup Krisp module, error code: -3
[2026-08-16 18:06:16.744] [error] [AVError] AV error reported: noise-canceller-error {"underlyingError":"NoiseCancellerError.KRISP_INIT_ERROR_UNSIGNED"}
[2026-08-16 18:06:16.898] [info]  [FAST CONNECT] sending identify
[2026-08-16 18:06:16.907] [info]  [RPCServer:WSS] Starting on 6463
[2026-08-16 18:06:16.910] [info]  [RPCServer:IPC] Starting on /run/user/1000/discord-ipc-0
[2026-08-16 18:06:16.910] [info]  [MediaEngineStore] OpenH264 is ready [object Object]
[2026-08-16 18:06:16.957] [info]  [GatewaySocket] [CONNECT] wss://gateway.discord.gg, encoding: etf, version: 9, compression: zstd-stream
[2026-08-16 18:06:16.957] [info]  [GatewaySocket] [FAST CONNECT] successfully took over websocket, state: [object Object]
[2026-08-16 18:06:16.957] [info]  [GatewaySocket] [CONNECTED] wss://gateway.discord.gg/?encoding=etf&v=9&compress=zstd-stream in 0 ms
[2026-08-16 18:06:16.981] [info]  [MediaEngineStore] OpenH264 cleanup [object Object]
[2026-08-16 18:06:17.237] [info]  [GatewaySocket] [READY] took 280ms, as 756ca250a2fa6edf615838d7537f0132
[2026-08-16 18:06:17.240] [info]  [Flux] Dispatching CONNECTION_OPEN
[2026-08-16 18:06:17.244] [info]  [DatabaseManager] removing database (user: 1262149707476766862, database: undefined)
[2026-08-16 18:06:17.247] [warn]  [NativeDispatchUtils] Tried getting Dispatch instance before instantiated
[2026-08-16 18:06:17.425] [info]  [GatewaySocket] [READY_SUPPLEMENTAL] took 467ms
[2026-08-16 18:06:17.429] [info]  [Clips] decider: clear() called — currentSessionGameKey=null currentSessionId=undefined pendingSessionGameKey=null candidates=0
[2026-08-16 18:06:17.429] [info]  [Clips] decider: processClipCandidates — sessionId=undefined candidates=0 staleCandidates=0 autoStashEnabled=false
[2026-08-16 18:06:17.429] [info]  [Clips] ranked clips: [object Object]
[2026-08-16 18:06:17.438] [error] [Spellchecker] sh is not a valid locale.
[2026-08-16 18:06:17.445] [info]  [Spellchecker] Switching to en-US (available)
[2026-08-16 18:06:17.633] [warn]  react-spring: The "interpolate" function is deprecated in v10 (use "to" instead)
[2026-08-16 18:06:17.874] [error] Could not find a View Model linked to Artboard BaseGlowRemapped.
[2026-08-16 18:06:17.875] [error] Could not find a View Model linked to Artboard BaseGlowRemapped.
[2026-08-16 18:06:19.188] [info]  [MessageActionCreators] Fetching messages for 1330421763812626466 between undefined and undefined. jump={"jumpType":"ANIMATED"}
[2026-08-16 18:06:19.196] [info]  [Clips] decider: clear() called — currentSessionGameKey=null currentSessionId=undefined pendingSessionGameKey=null candidates=0
[2026-08-16 18:06:19.196] [info]  [Clips] decider: processClipCandidates — sessionId=undefined candidates=0 staleCandidates=0 autoStashEnabled=false
[2026-08-16 18:06:19.197] [info]  [Clips] ranked clips: [object Object]
[2026-08-16 18:06:19.435] [info]  [MessageActionCreators] Fetched 15 messages for 1330421763812626466 isBefore:false isAfter:false
[2026-08-16 18:06:19.438] [info]  [ChannelMessages] loadComplete: resetting state for channelId=1330421763812626466, sending.length=0
[2026-08-16 18:06:19.599] [info]  [OverlayKeybindExperimentManager] Experiments initializing...
[2026-08-16 18:06:19.605] [info]  [OverlayKeybindExperimentManager] Experiments initialized
[2026-08-16 18:06:19.610] [error] Uncaught (in promise) Error: Cannot set setting key: DESKTOP_TTI_SPLASH_USE_WEBP
[2026-08-16 18:06:19.803] [info]  [SignalHelpers.web] signalAllAcceptedCredentials [object Object]
[2026-08-16 18:06:20.045] [warn]  [SignalHelpers.web] [object DOMException]
[2026-08-16 18:06:20.051] [info]  [RTCConnection(1330421763812626466, default)] Updating channel: 1330421763812626466(1)
[2026-08-16 18:06:20.052] [info]  [RTCControlSocket(default)] [CONNECT] wss://c-lax08-72aa3d4b.discord.media:2096/
[2026-08-16 18:06:20.052] [info]  [RTCConnection(1330421763812626466, default)] Connecting to RTC server wss://c-lax08-72aa3d4b.discord.media:2096/, rtc-connection-id: 16347b75-8b2b-481b-bb84-6b6c479e25fc, channel: 1330421763812626466(1)
[2026-08-16 18:06:20.052] [info]  [RTCConnection(1330421763812626466, default)] RTC connection state: AWAITING_ENDPOINT => CONNECTING
[2026-08-16 18:06:20.340] [info]  [RTCConnection(1330421763812626466, default)] Connected to RTC server.
[2026-08-16 18:06:20.340] [info]  [RTCControlSocket(default)] [CONNECTED] wss://c-lax08-72aa3d4b.discord.media:2096/ in 288 ms
[2026-08-16 18:06:20.341] [info]  [RTCConnection(1330421763812626466, default)] RTC connection state: CONNECTING => AUTHENTICATING
[2026-08-16 18:06:20.343] [info]  [RTCControlSocket(default)] [HELLO] heartbeat interval: 13750, version: 8, took 291 ms
[2026-08-16 18:06:20.343] [info]  [RTCControlSocket(default)] Starting heartbeat with interval: 13750
[2026-08-16 18:06:20.385] [info]  [RTCControlSocket(default)] [READY] took 333 ms
[2026-08-16 18:06:20.386] [info]  [RTCConnection(1330421763812626466, default)] RTC connection state: AUTHENTICATING => RTC_CONNECTING
[2026-08-16 18:06:20.387] [info]  [Connection(default)] Creating connection to 104.29.152.140:19330 with audio ssrc: 5094
[2026-08-16 18:06:20.428] [info]  [Connection(default)] Connected with local address 172.56.210.146:41855 and protocol: udp
[2026-08-16 18:06:20.428] [info]  [Connection(default)] Available engine codecs: "[{\"codec\":\"AV1\",\"decode\":true,\"encode\":false},{\"codec\":\"H264\",\"decode\":true,\"encode\":true},{\"codec\":\"VP8\",\"decode\":true,\"encode\":true}]\n"
[2026-08-16 18:06:20.428] [info]  [Connection(default)] Experimental codecs: [{"name":"AV1","encode":false,"decode":true},{"name":"H265","encode":true,"decode":true}]
[2026-08-16 18:06:20.428] [info]  [Connection(default)] Audio codecs: opus
[2026-08-16 18:06:20.428] [info]  [Connection(default)] Video codecs: AV1[encode: false, decode: true],H264[encode: true, decode: true],VP8[encode: true, decode: true]
[2026-08-16 18:06:20.428] [info]  [Connection(default)] Encryption modes: aead_aes256_gcm_rtpsize,aead_aes256_gcm,aead_xchacha20_poly1305_rtpsize,xsalsa20_poly1305_lite_rtpsize,xsalsa20_poly1305_lite,xsalsa20_poly1305_suffix,xsalsa20_poly1305
[2026-08-16 18:06:20.429] [info]  [Connection(default)] Connection state change: CONNECTING => CONNECTED
[2026-08-16 18:06:20.429] [info]  [RTCConnection(1330421763812626466, default)] RTC media connection state change: RTC_CONNECTING => CONNECTED
[2026-08-16 18:06:20.429] [info]  [RTCConnection(1330421763812626466, default)] RTC connection state: RTC_CONNECTING => RTC_CONNECTED
[2026-08-16 18:06:20.429] [info]  [discord_protos.discord_users.v1.FrecencyUserSettings] Loading proto
[2026-08-16 18:06:20.431] [info]  [RTCConnection(1330421763812626466, default)] RTC connected to media server: 104.29.152.140:19330
[2026-08-16 18:06:20.431] [info]  [RTCConnection(1330421763812626466, default)] Sending UDP info to RTC server. [object Object] fixed_keyframe_interval
[2026-08-16 18:06:20.431] [info]  [Connection(default)] Creating user: 1312221304283467830 with audio SSRC: 5091 and video SSRCs: 
[2026-08-16 18:06:20.488] [info]  [RTCConnection(1330421763812626466, default)] Setting media-session-id: fef1f026c29a5496e397687cd34597ab for rtc-connection-id: 16347b75-8b2b-481b-bb84-6b6c479e25fc
[2026-08-16 18:06:20.488] [info]  [Connection(default)] Selected encryption mode: aead_aes256_gcm_rtpsize
[2026-08-16 18:06:20.488] [info]  [RTCConnection(1330421763812626466, default)] DAVE protocol init with protocol version: 1
[2026-08-16 18:06:20.488] [info]  [RTCConnection(1330421763812626466, default)] Remote media sink wants: {"any":100}
[2026-08-16 18:06:20.489] [info]  [RTCConnection(1330421763812626466, default)] Received MLS external sender package
[2026-08-16 18:06:20.490] [info]  [RTCConnection(1330421763812626466, default)] Received MLS proposals
[2026-08-16 18:06:20.490] [info]  [Connection(default)] DAVE protocol state update: {"version":1,"epochAuthenticator":""}
[2026-08-16 18:06:20.490] [info]  [RTCConnection(1330421763812626466, default)] Got MLS key package, sending to RTC server
[2026-08-16 18:06:20.491] [info]  [RTCControlSocket(default)] Sending MLS key package
[2026-08-16 18:06:20.492] [info]  [RTCConnection(1330421763812626466, default)] Sending MLS commit welcome message
[2026-08-16 18:06:20.493] [info]  [RTCControlSocket(default)] Sending MLS commit + welcome message
[2026-08-16 18:06:20.531] [info]  [RTCConnection(1330421763812626466, default)] Received MLS commit for transition ID 0
[2026-08-16 18:06:20.531] [info]  [Connection(default)] DAVE protocol state update: {"version":1,"epochAuthenticator":"hzOR7pt2LoLudp7l+frmtKUsdEiXtDETx8ao3y+Z8/Q="}
[2026-08-16 18:06:21.999] [info]  [InputWatcher] Silence: false
[2026-08-16 18:06:29.513] [info]  [discord_protos.discord_users.v1.FrecencyUserSettings] Scheduling save from markDirty
[2026-08-16 18:06:29.513] [info]  [discord_protos.discord_users.v1.FrecencyUserSettings] Persisting proto
[2026-08-16 18:06:29.618] [info]  [libdiscore] [BlockedDomainsStore] Successfully fetched blocked domains
[2026-08-16 18:06:34.093] [info]  [RTCControlSocket(default)] Sending heartbeat with last received sequence number: 7
[2026-08-16 18:06:34.143] [info]  [RTCControlSocket(default)] Heartbeat ACK received
[2026-08-16 18:06:47.843] [info]  [RTCControlSocket(default)] Sending heartbeat with last received sequence number: 7
[2026-08-16 18:06:47.882] [info]  [RTCControlSocket(default)] Heartbeat ACK received
[2026-08-16 18:07:01.593] [info]  [RTCControlSocket(default)] Sending heartbeat with last received sequence number: 7
[2026-08-16 18:07:01.626] [info]  [RTCControlSocket(default)] Heartbeat ACK received
[2026-08-16 18:07:15.343] [info]  [RTCControlSocket(default)] Sending heartbeat with last received sequence number: 7
[2026-08-16 18:07:15.385] [info]  [RTCControlSocket(default)] Heartbeat ACK received
[2026-08-16 18:07:18.465] [warn]  AnalyticsTrackImpressionContext function unimplemented
[2026-08-16 18:07:18.468] [warn]  AnalyticsTrackImpressionContext function unimplemented
[2026-08-16 18:07:18.480] [error] Could not find a View Model linked to Artboard BaseGlowRemapped.
[2026-08-16 18:07:18.481] [error] Could not find a View Model linked to Artboard BaseGlowRemapped.
[2026-08-16 18:07:18.481] [warn]  AnalyticsTrackImpressionContext function unimplemented
[2026-08-16 18:07:18.513] [warn]  AnalyticsTrackImpressionContext function unimplemented
[2026-08-16 18:07:18.764] [warn]  AnalyticsTrackImpressionContext function unimplemented
[2026-08-16 18:07:19.475] [warn]  AnalyticsTrackImpressionContext function unimplemented
[2026-08-16 18:07:20.251] [warn]  AnalyticsTrackImpressionContext function unimplemented
[2026-08-16 18:07:20.476] [warn]  AnalyticsTrackImpressionContext function unimplemented
[2026-08-16 18:07:21.476] [warn]  AnalyticsTrackImpressionContext function unimplemented
[2026-08-16 18:07:22.476] [warn]  AnalyticsTrackImpressionContext function unimplemented
[2026-08-16 18:07:22.567] [info]  [startStreamWithSource] Starting stream for source id prepicked:screen and name A window, screen, or app and pid null
[2026-08-16 18:07:22.591] [info]  [discord_protos.discord_users.v1.PreloadedUserSettings] Updating notifications with delay 0
[2026-08-16 18:07:22.595] [info]  [discord_protos.discord_users.v1.PreloadedUserSettings] Scheduling save from markDirty
[2026-08-16 18:07:22.595] [info]  [discord_protos.discord_users.v1.PreloadedUserSettings] Updating voiceAndVideo with delay 0
[2026-08-16 18:07:22.607] [warn]  AnalyticsTrackImpressionContext function unimplemented
[2026-08-16 18:07:22.632] [info]  [discord_protos.discord_users.v1.PreloadedUserSettings] Persisting proto
[2026-08-16 18:07:22.744] [info]  [RTCConnection(1330421763812626466, default)] Updating channel: 1330421763812626466(1)
[2026-08-16 18:07:22.886] [info]  [RTCControlSocket(stream)] [CONNECT] wss://c-lax09-774b5912.discord.media:2053/
[2026-08-16 18:07:22.886] [info]  [RTCConnection(1538712945469562950, stream)] Connecting to RTC server wss://c-lax09-774b5912.discord.media:2053/, rtc-connection-id: 60b398f4-3b21-44d8-94ac-bc390dc526e4, channel: 1330421763812626466(1)
[2026-08-16 18:07:22.886] [info]  [RTCConnection(1538712945469562950, stream)] RTC connection state: AWAITING_ENDPOINT => CONNECTING
[2026-08-16 18:07:23.267] [info]  [RTCConnection(1538712945469562950, stream)] Connected to RTC server.
[2026-08-16 18:07:23.268] [info]  [RTCControlSocket(stream)] [CONNECTED] wss://c-lax09-774b5912.discord.media:2053/ in 381 ms
[2026-08-16 18:07:23.268] [info]  [RTCConnection(1538712945469562950, stream)] RTC connection state: CONNECTING => AUTHENTICATING
[2026-08-16 18:07:23.268] [info]  [RTCControlSocket(stream)] [HELLO] heartbeat interval: 13750, version: 8, took 382 ms
[2026-08-16 18:07:23.269] [info]  [RTCControlSocket(stream)] Starting heartbeat with interval: 13750
[2026-08-16 18:07:23.330] [info]  [RTCControlSocket(stream)] [READY] took 444 ms
[2026-08-16 18:07:23.330] [info]  [RTCConnection(1538712945469562950, stream)] RTC connection state: AUTHENTICATING => RTC_CONNECTING
[2026-08-16 18:07:23.331] [info]  [Connection(stream)] Creating connection to 104.29.158.46:19302 with audio ssrc: 4699
[2026-08-16 18:07:23.397] [info]  [Connection(stream)] Connected with local address 172.56.210.146:31602 and protocol: udp
[2026-08-16 18:07:23.397] [info]  [Connection(stream)] Available engine codecs: "[{\"codec\":\"AV1\",\"decode\":true,\"encode\":false},{\"codec\":\"H264\",\"decode\":true,\"encode\":true},{\"codec\":\"VP8\",\"decode\":true,\"encode\":true}]\n"
[2026-08-16 18:07:23.397] [info]  [Connection(stream)] Experimental codecs: [{"name":"AV1","encode":false,"decode":true},{"name":"H265","encode":true,"decode":true}]
[2026-08-16 18:07:23.397] [info]  [Connection(stream)] Audio codecs: opus
[2026-08-16 18:07:23.398] [info]  [Connection(stream)] Video codecs: AV1[encode: false, decode: true],H264[encode: true, decode: true],VP8[encode: true, decode: true]
[2026-08-16 18:07:23.398] [info]  [Connection(stream)] Encryption modes: aead_aes256_gcm_rtpsize,aead_aes256_gcm,aead_xchacha20_poly1305_rtpsize,xsalsa20_poly1305_lite_rtpsize,xsalsa20_poly1305_lite,xsalsa20_poly1305_suffix,xsalsa20_poly1305
[2026-08-16 18:07:23.398] [info]  [Connection(stream)] Connection state change: CONNECTING => CONNECTED
[2026-08-16 18:07:23.398] [info]  [RTCConnection(1538712945469562950, stream)] RTC media connection state change: RTC_CONNECTING => CONNECTED
[2026-08-16 18:07:23.398] [info]  [RTCConnection(1538712945469562950, stream)] RTC connection state: RTC_CONNECTING => RTC_CONNECTED
[2026-08-16 18:07:23.398] [info]  [Connection(stream)] capturing desktop (type: prepicked, handle: screen, use-video-hook: false, use-graphics-capture: false, use-graphics-capture-api-level: 0, use-capture-device-for-encode: false).
[2026-08-16 18:07:23.399] [info]  [RTCConnection(1538712945469562950, stream)] RTC connected to media server: 104.29.158.46:19302
[2026-08-16 18:07:23.399] [info]  [RTCConnection(1538712945469562950, stream)] Sending UDP info to RTC server. [object Object] fixed_keyframe_interval
[2026-08-16 18:07:23.452] [info]  [RTCConnection(1538712945469562950, stream)] Setting media-session-id: 0c3779f81fe788bff89a7f175f0af4e0 for rtc-connection-id: 60b398f4-3b21-44d8-94ac-bc390dc526e4
[2026-08-16 18:07:23.452] [info]  [Connection(stream)] Selected encryption mode: aead_aes256_gcm_rtpsize
[2026-08-16 18:07:23.452] [info]  [RTCConnection(1538712945469562950, stream)] DAVE protocol init with protocol version: 1
[2026-08-16 18:07:23.453] [info]  [Connection(stream)] DAVE protocol state update: {"version":1,"epochAuthenticator":""}
[2026-08-16 18:07:23.453] [info]  [RTCConnection(1538712945469562950, stream)] Remote media sink wants: {"pixelCounts":{"4700":0},"any":100}
[2026-08-16 18:07:23.454] [info]  [RTCConnection(1538712945469562950, stream)] Received MLS external sender package
[2026-08-16 18:07:23.454] [info]  [RTCConnection(1538712945469562950, stream)] Remote media sink wants: {"pixelCounts":{"4700":0},"any":100}
[2026-08-16 18:07:23.455] [info]  [RTCConnection(1538712945469562950, stream)] Got MLS key package, sending to RTC server
[2026-08-16 18:07:23.455] [info]  [RTCControlSocket(stream)] Sending MLS key package
[2026-08-16 18:07:23.501] [info]  [RTCConnection(1538712945469562950, stream)] Remote media sink wants: {"pixelCounts":{"4700":0},"any":100}
[2026-08-16 18:07:23.655] [info]  [DirectVideo] create video element for 5, readyState=0
[2026-08-16 18:07:23.656] [info]  [DirectVideo] attaching srcObject for 5
[2026-08-16 18:07:23.656] [info]  Subscribing to direct frames for streamId 5
[2026-08-16 18:07:23.675] [info]  [DirectVideo] handleReady for 5, have onReady callback = true
[2026-08-16 18:07:24.154] [info]  Subscribing to frames for streamId 5
[2026-08-16 18:07:24.175] [info]  Unsubscribing from frames for streamId 5
[2026-08-16 18:07:24.471] [info]  Unsubscribing from direct frames for streamId 5
[2026-08-16 18:07:24.647] [info]  [Connection(stream)] Creating user: 1312221304283467830 with audio SSRC: 0 and video SSRCs: 
[2026-08-16 18:07:24.797] [info]  [RTCConnection(1538712945469562950, stream)] Remote media sink wants: {"4700":100,"pixelCounts":{"4700":0},"any":100}
[2026-08-16 18:07:24.879] [info]  [RTCConnection(1538712945469562950, stream)] Received MLS proposals
[2026-08-16 18:07:24.879] [info]  [RTCConnection(1538712945469562950, stream)] Received MLS welcome for transition ID 0
[2026-08-16 18:07:24.880] [info]  [RTCConnection(1538712945469562950, stream)] Sending MLS commit welcome message
[2026-08-16 18:07:24.880] [info]  [RTCControlSocket(stream)] Sending MLS commit + welcome message
[2026-08-16 18:07:24.880] [info]  [Connection(stream)] DAVE protocol state update: {"version":1,"epochAuthenticator":"QcKIz0su9YLTNTnogSxurT2e2vcAmmUC7sTiZ+zIWJE="}
[2026-08-16 18:07:24.900] [info]  [InputWatcher] Silence: false
[2026-08-16 18:07:29.093] [info]  [RTCControlSocket(default)] Sending heartbeat with last received sequence number: 7
[2026-08-16 18:07:29.121] [info]  [RTCControlSocket(default)] Heartbeat ACK received
[2026-08-16 18:07:37.019] [info]  [RTCControlSocket(stream)] Sending heartbeat with last received sequence number: 9
[2026-08-16 18:07:37.053] [info]  [RTCControlSocket(stream)] Heartbeat ACK received
[2026-08-16 18:07:42.843] [info]  [RTCControlSocket(default)] Sending heartbeat with last received sequence number: 7
[2026-08-16 18:07:42.901] [info]  [RTCControlSocket(default)] Heartbeat ACK received
[2026-08-16 18:07:50.769] [info]  [RTCControlSocket(stream)] Sending heartbeat with last received sequence number: 9
[2026-08-16 18:07:50.810] [info]  [RTCControlSocket(stream)] Heartbeat ACK received
[2026-08-16 18:07:56.593] [info]  [RTCControlSocket(default)] Sending heartbeat with last received sequence number: 7
[2026-08-16 18:07:56.643] [info]  [RTCControlSocket(default)] Heartbeat ACK received
[2026-08-16 18:08:04.519] [info]  [RTCControlSocket(stream)] Sending heartbeat with last received sequence number: 9
[2026-08-16 18:08:04.552] [info]  [RTCControlSocket(stream)] Heartbeat ACK received
[2026-08-16 18:08:06.412] [info]  [DirectVideo] attaching srcObject for 5
[2026-08-16 18:08:06.412] [info]  Subscribing to direct frames for streamId 5
[2026-08-16 18:08:06.446] [info]  [DirectVideo] handleReady for 5, have onReady callback = false
[2026-08-16 18:08:07.106] [info]  Unsubscribing from direct frames for streamId 5
[2026-08-16 18:08:10.343] [info]  [RTCControlSocket(default)] Sending heartbeat with last received sequence number: 7
[2026-08-16 18:08:10.375] [info]  [RTCControlSocket(default)] Heartbeat ACK received
[2026-08-16 18:08:18.269] [info]  [RTCControlSocket(stream)] Sending heartbeat with last received sequence number: 9
[2026-08-16 18:08:18.307] [info]  [RTCControlSocket(stream)] Heartbeat ACK received
[2026-08-16 18:08:22.673] [info]  [RTCConnection(1538712945469562950, stream)] Remote media sink wants: {"4700":100,"pixelCounts":{"4700":984640},"any":100}
[2026-08-16 18:08:24.093] [info]  [RTCControlSocket(default)] Sending heartbeat with last received sequence number: 7
[2026-08-16 18:08:24.122] [info]  [RTCControlSocket(default)] Heartbeat ACK received
[2026-08-16 18:08:32.019] [info]  [RTCControlSocket(stream)] Sending heartbeat with last received sequence number: 10
[2026-08-16 18:08:32.053] [info]  [RTCControlSocket(stream)] Heartbeat ACK received
[2026-08-16 18:08:32.061] [info]  [RTCConnection(1538712945469562950, stream)] Remote media sink wants: {"4700":100,"pixelCounts":{"4700":190896},"any":100}
[2026-08-16 18:08:37.843] [info]  [RTCControlSocket(default)] Sending heartbeat with last received sequence number: 7
[2026-08-16 18:08:37.876] [info]  [RTCControlSocket(default)] Heartbeat ACK received
[2026-08-16 18:08:45.769] [info]  [RTCControlSocket(stream)] Sending heartbeat with last received sequence number: 11
[2026-08-16 18:08:45.803] [info]  [RTCControlSocket(stream)] Heartbeat ACK received
[2026-08-16 18:08:51.593] [info]  [RTCControlSocket(default)] Sending heartbeat with last received sequence number: 7
[2026-08-16 18:08:51.632] [info]  [RTCControlSocket(default)] Heartbeat ACK received
[2026-08-16 18:08:59.519] [info]  [RTCControlSocket(stream)] Sending heartbeat with last received sequence number: 11
[2026-08-16 18:08:59.557] [info]  [RTCControlSocket(stream)] Heartbeat ACK received
[2026-08-16 18:09:05.343] [info]  [RTCControlSocket(default)] Sending heartbeat with last received sequence number: 7
[2026-08-16 18:09:05.394] [info]  [RTCControlSocket(default)] Heartbeat ACK received
[2026-08-16 18:09:07.779] [info]  [RTCConnection(1538712945469562950, stream)] Remote media sink wants: {"4700":0,"pixelCounts":{"4700":0},"any":100}
[2026-08-16 18:09:13.269] [info]  [RTCControlSocket(stream)] Sending heartbeat with last received sequence number: 12
[2026-08-16 18:09:13.312] [info]  [RTCControlSocket(stream)] Heartbeat ACK received
[2026-08-16 18:09:19.093] [info]  [RTCControlSocket(default)] Sending heartbeat with last received sequence number: 7
[2026-08-16 18:09:19.154] [info]  [RTCControlSocket(default)] Heartbeat ACK received
[2026-08-16 18:09:27.019] [info]  [RTCControlSocket(stream)] Sending heartbeat with last received sequence number: 12
[2026-08-16 18:09:27.078] [info]  [RTCControlSocket(stream)] Heartbeat ACK received
[2026-08-16 18:09:29.673] [info]  [RTCConnection(1538712945469562950, stream)] Remote media sink wants: {"4700":100,"pixelCounts":{"4700":0},"any":100}
[2026-08-16 18:09:32.843] [info]  [RTCControlSocket(default)] Sending heartbeat with last received sequence number: 7
[2026-08-16 18:09:32.871] [info]  [RTCControlSocket(default)] Heartbeat ACK received
[2026-08-16 18:09:37.066] [info]  [RTCConnection(1538712945469562950, stream)] Remote media sink wants: {"4700":100,"pixelCounts":{"4700":190896},"any":100}
[2026-08-16 18:09:40.769] [info]  [RTCControlSocket(stream)] Sending heartbeat with last received sequence number: 14
[2026-08-16 18:09:40.814] [info]  [RTCControlSocket(stream)] Heartbeat ACK received
[2026-08-16 18:09:46.593] [info]  [RTCControlSocket(default)] Sending heartbeat with last received sequence number: 7
[2026-08-16 18:09:46.628] [info]  [RTCControlSocket(default)] Heartbeat ACK received
[2026-08-16 18:09:54.519] [info]  [RTCControlSocket(stream)] Sending heartbeat with last received sequence number: 14
[2026-08-16 18:09:54.553] [info]  [RTCControlSocket(stream)] Heartbeat ACK received
[2026-08-16 18:10:00.343] [info]  [RTCControlSocket(default)] Sending heartbeat with last received sequence number: 7
[2026-08-16 18:10:00.392] [info]  [RTCControlSocket(default)] Heartbeat ACK received
[2026-08-16 18:10:08.269] [info]  [RTCControlSocket(stream)] Sending heartbeat with last received sequence number: 14
[2026-08-16 18:10:08.317] [info]  [RTCControlSocket(stream)] Heartbeat ACK received
[2026-08-16 18:10:14.093] [info]  [RTCControlSocket(default)] Sending heartbeat with last received sequence number: 7
[2026-08-16 18:10:14.133] [info]  [RTCControlSocket(default)] Heartbeat ACK received
[2026-08-16 18:10:22.019] [info]  [RTCControlSocket(stream)] Sending heartbeat with last received sequence number: 14
[2026-08-16 18:10:22.056] [info]  [RTCControlSocket(stream)] Heartbeat ACK received
[2026-08-16 18:10:27.843] [info]  [RTCControlSocket(default)] Sending heartbeat with last received sequence number: 7
[2026-08-16 18:10:27.877] [info]  [RTCControlSocket(default)] Heartbeat ACK received
[2026-08-16 18:10:31.792] [info]  [RTCConnection(1538712945469562950, stream)] Remote media sink wants: {"4700":0,"pixelCounts":{"4700":0},"any":100}
[2026-08-16 18:10:35.769] [info]  [RTCControlSocket(stream)] Sending heartbeat with last received sequence number: 15
[2026-08-16 18:10:35.811] [info]  [RTCControlSocket(stream)] Heartbeat ACK received
[2026-08-16 18:10:41.593] [info]  [RTCControlSocket(default)] Sending heartbeat with last received sequence number: 7
[2026-08-16 18:10:41.627] [info]  [RTCControlSocket(default)] Heartbeat ACK received
[2026-08-16 18:10:49.519] [info]  [RTCControlSocket(stream)] Sending heartbeat with last received sequence number: 15
[2026-08-16 18:10:49.551] [info]  [RTCControlSocket(stream)] Heartbeat ACK received
[2026-08-16 18:10:55.343] [info]  [RTCControlSocket(default)] Sending heartbeat with last received sequence number: 7
[2026-08-16 18:10:55.394] [info]  [RTCControlSocket(default)] Heartbeat ACK received
[2026-08-16 18:11:03.269] [info]  [RTCControlSocket(stream)] Sending heartbeat with last received sequence number: 15
[2026-08-16 18:11:03.308] [info]  [RTCControlSocket(stream)] Heartbeat ACK received
[2026-08-16 18:11:09.093] [info]  [RTCControlSocket(default)] Sending heartbeat with last received sequence number: 7
[2026-08-16 18:11:09.541] [info]  [RTCControlSocket(default)] Heartbeat ACK received
[2026-08-16 18:11:17.019] [info]  [RTCControlSocket(stream)] Sending heartbeat with last received sequence number: 15
[2026-08-16 18:11:17.285] [info]  [RTCControlSocket(stream)] Heartbeat ACK received
[2026-08-16 18:11:22.843] [info]  [RTCControlSocket(default)] Sending heartbeat with last received sequence number: 7
[2026-08-16 18:11:22.898] [info]  [RTCControlSocket(default)] Heartbeat ACK received
[2026-08-16 18:11:30.769] [info]  [RTCControlSocket(stream)] Sending heartbeat with last received sequence number: 15
[2026-08-16 18:11:30.801] [info]  [RTCControlSocket(stream)] Heartbeat ACK received
[2026-08-16 18:11:36.593] [info]  [RTCControlSocket(default)] Sending heartbeat with last received sequence number: 7
[2026-08-16 18:11:36.628] [info]  [RTCControlSocket(default)] Heartbeat ACK received
[2026-08-16 18:11:44.519] [info]  [RTCControlSocket(stream)] Sending heartbeat with last received sequence number: 15
[2026-08-16 18:11:44.554] [info]  [RTCControlSocket(stream)] Heartbeat ACK received
[2026-08-16 18:11:50.343] [info]  [RTCControlSocket(default)] Sending heartbeat with last received sequence number: 7
[2026-08-16 18:11:50.383] [info]  [RTCControlSocket(default)] Heartbeat ACK received
[2026-08-16 18:11:58.269] [info]  [RTCControlSocket(stream)] Sending heartbeat with last received sequence number: 15
[2026-08-16 18:11:58.317] [info]  [RTCControlSocket(stream)] Heartbeat ACK received
[2026-08-16 18:12:04.093] [info]  [RTCControlSocket(default)] Sending heartbeat with last received sequence number: 7
[2026-08-16 18:12:04.127] [info]  [RTCControlSocket(default)] Heartbeat ACK received
[2026-08-16 18:12:12.019] [info]  [RTCControlSocket(stream)] Sending heartbeat with last received sequence number: 15
[2026-08-16 18:12:12.049] [info]  [RTCControlSocket(stream)] Heartbeat ACK received
[2026-08-16 18:12:17.843] [info]  [RTCControlSocket(default)] Sending heartbeat with last received sequence number: 7
[2026-08-16 18:12:17.910] [info]  [RTCControlSocket(default)] Heartbeat ACK received
[2026-08-16 18:12:25.769] [info]  [RTCControlSocket(stream)] Sending heartbeat with last received sequence number: 15
[2026-08-16 18:12:25.798] [info]  [RTCControlSocket(stream)] Heartbeat ACK received
[2026-08-16 18:12:27.208] [info]  Subscribing to frames for streamId 5
[2026-08-16 18:12:27.242] [info]  Unsubscribing from frames for streamId 5
[2026-08-16 18:12:31.593] [info]  [RTCControlSocket(default)] Sending heartbeat with last received sequence number: 7
[2026-08-16 18:12:31.640] [info]  [RTCControlSocket(default)] Heartbeat ACK received
[2026-08-16 18:12:39.519] [info]  [RTCControlSocket(stream)] Sending heartbeat with last received sequence number: 15
[2026-08-16 18:12:39.577] [info]  [RTCControlSocket(stream)] Heartbeat ACK received
[2026-08-16 18:12:45.343] [info]  [RTCControlSocket(default)] Sending heartbeat with last received sequence number: 7
[2026-08-16 18:12:45.374] [info]  [RTCControlSocket(default)] Heartbeat ACK received
[2026-08-16 18:13:53.993] [info]  splashScreenPreload: signalReady
[2026-08-16 18:13:54.023] [info]  splashScreenPreload: onStateUpdate: {"status":"checking-for-updates"}
[2026-08-16 18:13:54.315] [info]  splashScreenPreload: onStateUpdate: {"status":"launching"}
[2026-08-16 18:13:54.747] [info]  [FAST CONNECT] wss://gateway.discord.gg/?encoding=etf&v=9&compress=zstd-stream, encoding: etf, version: 9
[2026-08-16 18:13:54.863] [info]  [libdiscore] [experiment_manager] Loaded experiments from cache
[2026-08-16 18:13:55.031] [info]  Initializing voice engine with audio subsystem: standard
[2026-08-16 18:13:55.150] [info]  [default] [BUILD INFO] Release Channel: stable, Build Number: 594031, Version Hash: 3bb3f6bb46b41b648f4da39bdc3ff08d4ad3936e
[2026-08-16 18:13:55.160] [warn]  [CloudSyncUtils] CloudSync is not supported on this platform
[2026-08-16 18:13:55.245] [info]  [default] [NATIVE INFO] host 1.0.138, modules: discord_cloudsync: 1, discord_desktop_core: 1, discord_dispatch: 1, discord_erlpack: 1, discord_game_utils: 1, discord_krisp: 1, discord_modules: 1, discord_rpc: 1, discord_spellcheck: 1, discord_utils: 1, discord_voice: 1, discord_zstd: 1, build: null
[2026-08-16 18:13:55.246] [info]  [libdiscore] The answer for life the universe and everything is: 42
[2026-08-16 18:13:55.563] [warn]  [MediaEngineStore] Failed to load Krisp module: Failed to setup Krisp module, error code: -3
[2026-08-16 18:13:55.565] [error] [AVError] AV error reported: noise-canceller-error {"underlyingError":"NoiseCancellerError.KRISP_INIT_ERROR_UNSIGNED"}
[2026-08-16 18:13:55.713] [info]  [FAST CONNECT] sending identify
[2026-08-16 18:13:55.723] [info]  [RPCServer:WSS] Starting on 6463
[2026-08-16 18:13:55.729] [info]  [RPCServer:IPC] Starting on /run/user/1000/discord-ipc-0
[2026-08-16 18:13:55.730] [info]  [MediaEngineStore] OpenH264 is ready [object Object]
[2026-08-16 18:13:55.764] [info]  [GatewaySocket] [CONNECT] wss://gateway.discord.gg, encoding: etf, version: 9, compression: zstd-stream
[2026-08-16 18:13:55.764] [info]  [GatewaySocket] [FAST CONNECT] successfully took over websocket, state: [object Object]
[2026-08-16 18:13:55.764] [info]  [GatewaySocket] [CONNECTED] wss://gateway.discord.gg/?encoding=etf&v=9&compress=zstd-stream in 1 ms
[2026-08-16 18:13:55.792] [info]  [MediaEngineStore] OpenH264 cleanup [object Object]
[2026-08-16 18:13:56.275] [info]  [GatewaySocket] [READY] took 512ms, as eab32ff5addb4345dde4f01db195a675
[2026-08-16 18:13:56.279] [info]  [Flux] Dispatching CONNECTION_OPEN
[2026-08-16 18:13:56.282] [info]  [DatabaseManager] removing database (user: 1262149707476766862, database: undefined)
[2026-08-16 18:13:56.285] [warn]  [NativeDispatchUtils] Tried getting Dispatch instance before instantiated
[2026-08-16 18:13:56.451] [info]  [GatewaySocket] [READY_SUPPLEMENTAL] took 688ms
[2026-08-16 18:13:56.456] [info]  [Clips] decider: clear() called — currentSessionGameKey=null currentSessionId=undefined pendingSessionGameKey=null candidates=0
[2026-08-16 18:13:56.456] [info]  [Clips] decider: processClipCandidates — sessionId=undefined candidates=0 staleCandidates=0 autoStashEnabled=false
[2026-08-16 18:13:56.456] [info]  [Clips] ranked clips: [object Object]
[2026-08-16 18:13:56.465] [error] [Spellchecker] sh is not a valid locale.
[2026-08-16 18:13:56.472] [info]  [Spellchecker] Switching to en-US (available)
[2026-08-16 18:13:56.695] [info]  [discord_protos.discord_users.v1.PreloadedUserSettings] Updating inAppFeedbackSettings with delay 30
[2026-08-16 18:13:56.700] [info]  [discord_protos.discord_users.v1.PreloadedUserSettings] Scheduling save from markDirty
[2026-08-16 18:13:56.970] [error] Could not find a View Model linked to Artboard BaseGlowRemapped.
[2026-08-16 18:13:56.971] [error] Could not find a View Model linked to Artboard BaseGlowRemapped.
[2026-08-16 18:13:58.626] [info]  [OverlayKeybindExperimentManager] Experiments initializing...
[2026-08-16 18:13:58.630] [info]  [OverlayKeybindExperimentManager] Experiments initialized
[2026-08-16 18:13:58.634] [error] Uncaught (in promise) Error: Cannot set setting key: DESKTOP_TTI_SPLASH_USE_WEBP
[2026-08-16 18:13:58.816] [info]  [SignalHelpers.web] signalAllAcceptedCredentials [object Object]
[2026-08-16 18:13:59.098] [warn]  [SignalHelpers.web] [object DOMException]
[2026-08-16 18:14:07.978] [error] Could not find a View Model linked to Artboard BaseGlowRemapped.
[2026-08-16 18:14:07.979] [error] Could not find a View Model linked to Artboard BaseGlowRemapped.
[2026-08-16 18:14:08.276] [info]  [discord_protos.discord_users.v1.PreloadedUserSettings] Updating inAppFeedbackSettings with delay 30
[2026-08-16 18:14:08.643] [info]  [libdiscore] [BlockedDomainsStore] Successfully fetched blocked domains
[2026-08-16 18:14:09.737] [info]  [Routing/Utils] transitionTo - Transitioning to /channels/@me/1330421763812626466
[2026-08-16 18:14:09.739] [info]  [MessageActionCreators] Fetching messages for 1330421763812626466 between undefined and undefined. jump={"jumpType":"ANIMATED"}
[2026-08-16 18:14:09.937] [info]  [MessageActionCreators] Fetched 15 messages for 1330421763812626466 isBefore:false isAfter:false
[2026-08-16 18:14:09.940] [info]  [ChannelMessages] loadComplete: resetting state for channelId=1330421763812626466, sending.length=0
[2026-08-16 18:14:09.980] [info]  [MessageActionCreators] Fetching messages for 1330421763812626466 between undefined and 1489481569214140608. jump=undefined
[2026-08-16 18:14:10.101] [info]  [StreamTile] Stream Tile State - activeStream: false | selected: false | Video: true | MediaEngine: true
[2026-08-16 18:14:10.115] [error] ResizeObserver loop completed with undelivered notifications.
[2026-08-16 18:14:10.223] [info]  [MessageActionCreators] Fetched 30 messages for 1330421763812626466 isBefore:true isAfter:false
[2026-08-16 18:14:11.812] [info]  [Clips] decider: clear() called — currentSessionGameKey=null currentSessionId=undefined pendingSessionGameKey=null candidates=0
[2026-08-16 18:14:11.818] [info]  [Clips] decider: processClipCandidates — sessionId=undefined candidates=0 staleCandidates=0 autoStashEnabled=false
[2026-08-16 18:14:11.818] [info]  [Clips] ranked clips: [object Object]
[2026-08-16 18:14:11.956] [info]  [RTCConnection(1330421763812626466, default)] Updating channel: 1330421763812626466(1)
[2026-08-16 18:14:12.204] [info]  [RTCControlSocket(default)] [CONNECT] wss://c-lax08-72aa3d4b.discord.media:2096/
[2026-08-16 18:14:12.204] [info]  [RTCConnection(1330421763812626466, default)] Connecting to RTC server wss://c-lax08-72aa3d4b.discord.media:2096/, rtc-connection-id: f35d2f4b-7ea2-46c3-8ed7-74dedccefee5, channel: 1330421763812626466(1)
[2026-08-16 18:14:12.205] [info]  [RTCConnection(1330421763812626466, default)] RTC connection state: AWAITING_ENDPOINT => CONNECTING
[2026-08-16 18:14:12.221] [info]  [discord_protos.discord_users.v1.FrecencyUserSettings] Loading proto
[2026-08-16 18:14:12.547] [info]  [RTCConnection(1330421763812626466, default)] Connected to RTC server.
[2026-08-16 18:14:12.547] [info]  [RTCControlSocket(default)] [CONNECTED] wss://c-lax08-72aa3d4b.discord.media:2096/ in 343 ms
[2026-08-16 18:14:12.547] [info]  [RTCConnection(1330421763812626466, default)] RTC connection state: CONNECTING => AUTHENTICATING
[2026-08-16 18:14:12.548] [info]  [RTCControlSocket(default)] [HELLO] heartbeat interval: 13750, version: 8, took 344 ms
[2026-08-16 18:14:12.549] [info]  [RTCControlSocket(default)] Starting heartbeat with interval: 13750
[2026-08-16 18:14:12.607] [info]  [RTCControlSocket(default)] [READY] took 403 ms
[2026-08-16 18:14:12.607] [info]  [RTCConnection(1330421763812626466, default)] RTC connection state: AUTHENTICATING => RTC_CONNECTING
[2026-08-16 18:14:12.609] [info]  [Connection(default)] Creating connection to 104.29.152.140:19330 with audio ssrc: 5113
[2026-08-16 18:14:12.659] [info]  [Connection(default)] Connected with local address 172.56.210.146:62395 and protocol: udp
[2026-08-16 18:14:12.660] [info]  [Connection(default)] Available engine codecs: "[{\"codec\":\"AV1\",\"decode\":true,\"encode\":false},{\"codec\":\"H264\",\"decode\":true,\"encode\":true},{\"codec\":\"VP8\",\"decode\":true,\"encode\":true}]\n"
[2026-08-16 18:14:12.660] [info]  [Connection(default)] Experimental codecs: [{"name":"AV1","encode":false,"decode":true},{"name":"H265","encode":true,"decode":true}]
[2026-08-16 18:14:12.660] [info]  [Connection(default)] Audio codecs: opus
[2026-08-16 18:14:12.660] [info]  [Connection(default)] Video codecs: AV1[encode: false, decode: true],H264[encode: true, decode: true],VP8[encode: true, decode: true]
[2026-08-16 18:14:12.661] [info]  [Connection(default)] Encryption modes: aead_aes256_gcm_rtpsize,aead_aes256_gcm,aead_xchacha20_poly1305_rtpsize,xsalsa20_poly1305_lite_rtpsize,xsalsa20_poly1305_lite,xsalsa20_poly1305_suffix,xsalsa20_poly1305
[2026-08-16 18:14:12.661] [info]  [Connection(default)] Connection state change: CONNECTING => CONNECTED
[2026-08-16 18:14:12.661] [info]  [RTCConnection(1330421763812626466, default)] RTC media connection state change: RTC_CONNECTING => CONNECTED
[2026-08-16 18:14:12.661] [info]  [RTCConnection(1330421763812626466, default)] RTC connection state: RTC_CONNECTING => RTC_CONNECTED
[2026-08-16 18:14:12.663] [info]  [RTCConnection(1330421763812626466, default)] RTC connected to media server: 104.29.152.140:19330
[2026-08-16 18:14:12.663] [info]  [RTCConnection(1330421763812626466, default)] Sending UDP info to RTC server. [object Object] fixed_keyframe_interval
[2026-08-16 18:14:12.663] [info]  [Connection(default)] Creating user: 1312221304283467830 with audio SSRC: 5091 and video SSRCs: 
[2026-08-16 18:14:12.714] [info]  [RTCConnection(1330421763812626466, default)] Setting media-session-id: fef1f026c29a5496e397687cd34597ab for rtc-connection-id: f35d2f4b-7ea2-46c3-8ed7-74dedccefee5
[2026-08-16 18:14:12.714] [info]  [Connection(default)] Selected encryption mode: aead_aes256_gcm_rtpsize
[2026-08-16 18:14:12.714] [info]  [RTCConnection(1330421763812626466, default)] DAVE protocol init with protocol version: 1
[2026-08-16 18:14:12.715] [info]  [RTCConnection(1330421763812626466, default)] Remote media sink wants: {"any":100}
[2026-08-16 18:14:12.715] [info]  [RTCConnection(1330421763812626466, default)] Received MLS external sender package
[2026-08-16 18:14:12.715] [info]  [RTCConnection(1330421763812626466, default)] Received MLS proposals
[2026-08-16 18:14:12.718] [info]  [Connection(default)] DAVE protocol state update: {"version":1,"epochAuthenticator":""}
[2026-08-16 18:14:12.718] [info]  [RTCConnection(1330421763812626466, default)] Got MLS key package, sending to RTC server
[2026-08-16 18:14:12.718] [info]  [RTCControlSocket(default)] Sending MLS key package
[2026-08-16 18:14:12.719] [info]  [RTCConnection(1330421763812626466, default)] Sending MLS commit welcome message
[2026-08-16 18:14:12.719] [info]  [RTCControlSocket(default)] Sending MLS commit + welcome message
[2026-08-16 18:14:12.760] [info]  [RTCConnection(1330421763812626466, default)] Received MLS commit for transition ID 0
[2026-08-16 18:14:12.761] [info]  [Connection(default)] DAVE protocol state update: {"version":1,"epochAuthenticator":"9opVJG03X+MXyZqlU1Nb91pNs73XD0wmIxA5inw2RX8="}
[2026-08-16 18:14:14.275] [warn]  AnalyticsTrackImpressionContext function unimplemented
[2026-08-16 18:14:14.277] [warn]  AnalyticsTrackImpressionContext function unimplemented
[2026-08-16 18:14:14.286] [info]  [InputWatcher] Silence: false
[2026-08-16 18:14:14.293] [error] Could not find a View Model linked to Artboard BaseGlowRemapped.
[2026-08-16 18:14:14.293] [error] Could not find a View Model linked to Artboard BaseGlowRemapped.
[2026-08-16 18:14:14.293] [warn]  AnalyticsTrackImpressionContext function unimplemented
[2026-08-16 18:14:14.320] [warn]  AnalyticsTrackImpressionContext function unimplemented
[2026-08-16 18:14:14.576] [warn]  AnalyticsTrackImpressionContext function unimplemented
[2026-08-16 18:14:15.282] [warn]  AnalyticsTrackImpressionContext function unimplemented
[2026-08-16 18:14:15.403] [warn]  AnalyticsTrackImpressionContext function unimplemented
[2026-08-16 18:14:16.284] [warn]  AnalyticsTrackImpressionContext function unimplemented
[2026-08-16 18:14:17.284] [warn]  AnalyticsTrackImpressionContext function unimplemented
[2026-08-16 18:14:18.250] [info]  [startStreamWithSource] Starting stream for source id prepicked:screen and name A window, screen, or app and pid null
[2026-08-16 18:14:18.260] [info]  [discord_protos.discord_users.v1.PreloadedUserSettings] Updating notifications with delay 0
[2026-08-16 18:14:18.264] [info]  [discord_protos.discord_users.v1.PreloadedUserSettings] Scheduling save from markDirty
[2026-08-16 18:14:18.265] [info]  [discord_protos.discord_users.v1.PreloadedUserSettings] Updating voiceAndVideo with delay 0
[2026-08-16 18:14:18.289] [warn]  AnalyticsTrackImpressionContext function unimplemented
[2026-08-16 18:14:18.376] [info]  [discord_protos.discord_users.v1.PreloadedUserSettings] Persisting proto
[2026-08-16 18:14:18.380] [error] Could not find a View Model linked to Artboard BaseGlowRemapped.
[2026-08-16 18:14:18.381] [error] Could not find a View Model linked to Artboard BaseGlowRemapped.
[2026-08-16 18:14:18.391] [warn]  AnalyticsTrackImpressionContext function unimplemented
[2026-08-16 18:14:18.451] [info]  [RTCConnection(1330421763812626466, default)] Updating channel: 1330421763812626466(1)
[2026-08-16 18:14:18.454] [info]  [RTCControlSocket(stream)] [CONNECT] wss://c-lax10-3b0d30aa.discord.media:2096/
[2026-08-16 18:14:18.454] [info]  [RTCConnection(1538717576517910568, stream)] Connecting to RTC server wss://c-lax10-3b0d30aa.discord.media:2096/, rtc-connection-id: 80cc8d69-330f-44dd-b6c6-1b224c3a9bb8, channel: 1330421763812626466(1)
[2026-08-16 18:14:18.454] [info]  [RTCConnection(1538717576517910568, stream)] RTC connection state: AWAITING_ENDPOINT => CONNECTING
[2026-08-16 18:14:18.486] [info]  [StreamTile] Stream Tile State - activeStream: true | selected: false | Video: true | MediaEngine: true
[2026-08-16 18:14:18.486] [info]  [StreamTile] Stream Tile State - activeStream: true | selected: true | Video: true | MediaEngine: true
[2026-08-16 18:14:18.763] [info]  [RTCConnection(1538717576517910568, stream)] Connected to RTC server.
[2026-08-16 18:14:18.763] [info]  [RTCControlSocket(stream)] [CONNECTED] wss://c-lax10-3b0d30aa.discord.media:2096/ in 309 ms
[2026-08-16 18:14:18.763] [info]  [RTCConnection(1538717576517910568, stream)] RTC connection state: CONNECTING => AUTHENTICATING
[2026-08-16 18:14:18.764] [info]  [RTCControlSocket(stream)] [HELLO] heartbeat interval: 13750, version: 8, took 310 ms
[2026-08-16 18:14:18.764] [info]  [RTCControlSocket(stream)] Starting heartbeat with interval: 13750
[2026-08-16 18:14:18.807] [info]  [RTCControlSocket(stream)] [READY] took 353 ms
[2026-08-16 18:14:18.808] [info]  [RTCConnection(1538717576517910568, stream)] RTC connection state: AUTHENTICATING => RTC_CONNECTING
[2026-08-16 18:14:18.808] [info]  [Connection(stream)] Creating connection to 104.29.157.91:19327 with audio ssrc: 5444
[2026-08-16 18:14:18.864] [info]  [Connection(stream)] Connected with local address 172.56.210.146:24864 and protocol: udp
[2026-08-16 18:14:18.864] [info]  [Connection(stream)] Available engine codecs: "[{\"codec\":\"AV1\",\"decode\":true,\"encode\":false},{\"codec\":\"H264\",\"decode\":true,\"encode\":true},{\"codec\":\"VP8\",\"decode\":true,\"encode\":true}]\n"
[2026-08-16 18:14:18.864] [info]  [Connection(stream)] Experimental codecs: [{"name":"AV1","encode":false,"decode":true},{"name":"H265","encode":true,"decode":true}]
[2026-08-16 18:14:18.865] [info]  [Connection(stream)] Audio codecs: opus
[2026-08-16 18:14:18.865] [info]  [Connection(stream)] Video codecs: AV1[encode: false, decode: true],H264[encode: true, decode: true],VP8[encode: true, decode: true]
[2026-08-16 18:14:18.865] [info]  [Connection(stream)] Encryption modes: aead_aes256_gcm_rtpsize,aead_aes256_gcm,aead_xchacha20_poly1305_rtpsize,xsalsa20_poly1305_lite_rtpsize,xsalsa20_poly1305_lite,xsalsa20_poly1305_suffix,xsalsa20_poly1305
[2026-08-16 18:14:18.865] [info]  [Connection(stream)] Connection state change: CONNECTING => CONNECTED
[2026-08-16 18:14:18.865] [info]  [RTCConnection(1538717576517910568, stream)] RTC media connection state change: RTC_CONNECTING => CONNECTED
[2026-08-16 18:14:18.865] [info]  [RTCConnection(1538717576517910568, stream)] RTC connection state: RTC_CONNECTING => RTC_CONNECTED
[2026-08-16 18:14:18.865] [info]  [Connection(stream)] capturing desktop (type: prepicked, handle: screen, use-video-hook: false, use-graphics-capture: false, use-graphics-capture-api-level: 0, use-capture-device-for-encode: false).
[2026-08-16 18:14:18.866] [info]  [RTCConnection(1538717576517910568, stream)] RTC connected to media server: 104.29.157.91:19327
[2026-08-16 18:14:18.866] [info]  [RTCConnection(1538717576517910568, stream)] Sending UDP info to RTC server. [object Object] fixed_keyframe_interval
[2026-08-16 18:14:18.866] [info]  [Connection(stream)] Creating user: 1312221304283467830 with audio SSRC: 0 and video SSRCs: 
[2026-08-16 18:14:18.936] [info]  [RTCConnection(1538717576517910568, stream)] Setting media-session-id: fef2d6a44baed3a1524b116e6d346a20 for rtc-connection-id: 80cc8d69-330f-44dd-b6c6-1b224c3a9bb8
[2026-08-16 18:14:18.936] [info]  [Connection(stream)] Selected encryption mode: aead_aes256_gcm_rtpsize
[2026-08-16 18:14:18.936] [info]  [RTCConnection(1538717576517910568, stream)] DAVE protocol init with protocol version: 1
[2026-08-16 18:14:18.938] [info]  [Connection(stream)] DAVE protocol state update: {"version":1,"epochAuthenticator":""}
[2026-08-16 18:14:18.938] [info]  [RTCConnection(1538717576517910568, stream)] Remote media sink wants: {"pixelCounts":{"5445":0},"any":100}
[2026-08-16 18:14:18.939] [info]  [RTCConnection(1538717576517910568, stream)] Received MLS external sender package
[2026-08-16 18:14:18.939] [info]  [RTCConnection(1538717576517910568, stream)] Remote media sink wants: {"pixelCounts":{"5445":0},"any":100}
[2026-08-16 18:14:18.945] [info]  [RTCConnection(1538717576517910568, stream)] Got MLS key package, sending to RTC server
[2026-08-16 18:14:18.945] [info]  [RTCControlSocket(stream)] Sending MLS key package
[2026-08-16 18:14:18.996] [info]  [RTCConnection(1538717576517910568, stream)] Remote media sink wants: {"pixelCounts":{"5445":0},"any":100}
[2026-08-16 18:14:19.144] [info]  [DirectVideo] create video element for 6, readyState=0
[2026-08-16 18:14:19.144] [info]  [DirectVideo] attaching srcObject for 6
[2026-08-16 18:14:19.145] [info]  Subscribing to direct frames for streamId 6
[2026-08-16 18:14:19.152] [info]  [Connection(stream)] Ignoring attempt to recreate user 1312221304283467830 with 0 audio SSRC
[2026-08-16 18:14:19.176] [info]  [DirectVideo] handleReady for 6, have onReady callback = true
[2026-08-16 18:14:19.176] [info]  [VideoStream] spinner visible for 31 ms
      [self_stream, count for stream: 1]
[2026-08-16 18:14:19.245] [info]  [RTCConnection(1538717576517910568, stream)] Remote media sink wants: {"5445":100,"pixelCounts":{"5445":0},"any":100}
[2026-08-16 18:14:19.298] [info]  [RTCConnection(1538717576517910568, stream)] Received MLS proposals
[2026-08-16 18:14:19.299] [info]  [RTCConnection(1538717576517910568, stream)] Sending MLS commit welcome message
[2026-08-16 18:14:19.300] [info]  [RTCControlSocket(stream)] Sending MLS commit + welcome message
[2026-08-16 18:14:19.302] [info]  [RTCConnection(1538717576517910568, stream)] Received MLS welcome for transition ID 0
[2026-08-16 18:14:19.303] [info]  [Connection(stream)] DAVE protocol state update: {"version":1,"epochAuthenticator":"P9oF9LmFWluPjZ8bBZWoiD030stHul9K6NefDtj6z1Q="}
[2026-08-16 18:14:19.638] [info]  Subscribing to frames for streamId 6
[2026-08-16 18:14:19.642] [info]  Unsubscribing from frames for streamId 6
[2026-08-16 18:14:20.367] [info]  [InputWatcher] Silence: false
[2026-08-16 18:14:21.488] [info]  Unsubscribing from direct frames for streamId 6
[2026-08-16 18:14:21.521] [info]  [DirectVideo] attaching srcObject for 6
[2026-08-16 18:14:21.521] [info]  Subscribing to direct frames for streamId 6
[2026-08-16 18:14:21.540] [info]  Unsubscribing from direct frames for streamId 6
[2026-08-16 18:14:21.576] [info]  [DirectVideo] attaching srcObject for 6
[2026-08-16 18:14:21.577] [info]  Subscribing to direct frames for streamId 6
[2026-08-16 18:14:21.608] [info]  [DirectVideo] handleReady for 6, have onReady callback = true
[2026-08-16 18:14:23.387] [info]  [StreamTile] Stream Tile State - activeStream: true | selected: false | Video: true | MediaEngine: true
[2026-08-16 18:14:23.387] [info]  [StreamTile] Stream Tile State - activeStream: true | selected: true | Video: true | MediaEngine: true
[2026-08-16 18:14:26.299] [info]  [RTCControlSocket(default)] Sending heartbeat with last received sequence number: 7
[2026-08-16 18:14:26.336] [info]  [RTCControlSocket(default)] Heartbeat ACK received
[2026-08-16 18:14:32.514] [info]  [RTCControlSocket(stream)] Sending heartbeat with last received sequence number: 12
[2026-08-16 18:14:32.551] [info]  [RTCControlSocket(stream)] Heartbeat ACK received
[2026-08-16 18:14:33.217] [info]  Unsubscribing from direct frames for streamId 6
[2026-08-16 18:14:40.049] [info]  [RTCControlSocket(default)] Sending heartbeat with last received sequence number: 7
[2026-08-16 18:14:40.083] [info]  [RTCControlSocket(default)] Heartbeat ACK received
[2026-08-16 18:14:46.264] [info]  [RTCControlSocket(stream)] Sending heartbeat with last received sequence number: 12
[2026-08-16 18:14:46.337] [info]  [RTCControlSocket(stream)] Heartbeat ACK received
[2026-08-16 18:14:49.539] [info]  [DirectVideo] attaching srcObject for 6
[2026-08-16 18:14:49.540] [info]  Subscribing to direct frames for streamId 6
[2026-08-16 18:14:49.575] [info]  [DirectVideo] handleReady for 6, have onReady callback = true
[2026-08-16 18:14:49.816] [info]  Unsubscribing from direct frames for streamId 6
[2026-08-16 18:14:53.799] [info]  [RTCControlSocket(default)] Sending heartbeat with last received sequence number: 7
[2026-08-16 18:14:53.835] [info]  [RTCControlSocket(default)] Heartbeat ACK received
[2026-08-16 18:15:00.014] [info]  [RTCControlSocket(stream)] Sending heartbeat with last received sequence number: 12
[2026-08-16 18:15:00.074] [info]  [RTCControlSocket(stream)] Heartbeat ACK received
[2026-08-16 18:15:07.549] [info]  [RTCControlSocket(default)] Sending heartbeat with last received sequence number: 7
[2026-08-16 18:15:07.599] [info]  [RTCControlSocket(default)] Heartbeat ACK received
[2026-08-16 18:15:13.764] [info]  [RTCControlSocket(stream)] Sending heartbeat with last received sequence number: 12
[2026-08-16 18:15:13.810] [info]  [RTCControlSocket(stream)] Heartbeat ACK received
[2026-08-16 18:15:21.299] [info]  [RTCControlSocket(default)] Sending heartbeat with last received sequence number: 7
[2026-08-16 18:15:21.335] [info]  [RTCControlSocket(default)] Heartbeat ACK received
[2026-08-16 18:15:27.514] [info]  [RTCControlSocket(stream)] Sending heartbeat with last received sequence number: 12
[2026-08-16 18:15:27.557] [info]  [RTCControlSocket(stream)] Heartbeat ACK received
[2026-08-16 18:15:35.049] [info]  [RTCControlSocket(default)] Sending heartbeat with last received sequence number: 7
[2026-08-16 18:15:35.083] [info]  [RTCControlSocket(default)] Heartbeat ACK received
[2026-08-16 18:15:41.264] [info]  [RTCControlSocket(stream)] Sending heartbeat with last received sequence number: 12
[2026-08-16 18:15:41.292] [info]  [RTCControlSocket(stream)] Heartbeat ACK received
[2026-08-16 18:15:48.799] [info]  [RTCControlSocket(default)] Sending heartbeat with last received sequence number: 7
[2026-08-16 18:15:48.824] [info]  [RTCControlSocket(default)] Heartbeat ACK received
[2026-08-16 18:15:55.014] [info]  [RTCControlSocket(stream)] Sending heartbeat with last received sequence number: 12
[2026-08-16 18:15:55.058] [info]  [RTCControlSocket(stream)] Heartbeat ACK received
[2026-08-16 18:16:02.549] [info]  [RTCControlSocket(default)] Sending heartbeat with last received sequence number: 7
[2026-08-16 18:16:02.584] [info]  [RTCControlSocket(default)] Heartbeat ACK received
[2026-08-16 18:16:08.764] [info]  [RTCControlSocket(stream)] Sending heartbeat with last received sequence number: 12
[2026-08-16 18:16:08.871] [info]  [RTCControlSocket(stream)] Heartbeat ACK received
[2026-08-16 18:16:10.072] [info]  [RPCServer:IPC] Socket Opened: 4 1279031829940273203 (active: 1)
[2026-08-16 18:16:10.212] [info]  [RPCServer:IPC] Socket Emit: 4 [object Object]
[2026-08-16 18:16:11.570] [info]  [RPCServer:IPC] Socket Message: 4 [object Object]
[2026-08-16 18:16:11.571] [info]  [RPCServer:IPC] Socket Message: 4 [object Object]
[2026-08-16 18:16:11.571] [info]  [RPCServer:IPC] Socket Message: 4 [object Object]
[2026-08-16 18:16:11.571] [info]  [RPCServer:IPC] Socket Emit: 4 [object Object]
[2026-08-16 18:16:11.571] [info]  [RPCServer:IPC] Socket Emit: 4 [object Object]
[2026-08-16 18:16:11.571] [info]  [RPCServer:IPC] Socket Emit: 4 [object Object]
[2026-08-16 18:16:12.068] [info]  [RPCServer:IPC] Socket Message: 4 [object Object]
[2026-08-16 18:16:12.185] [info]  [RPCServer:IPC] Socket Emit: 4 [object Object]
[2026-08-16 18:16:16.299] [info]  [RTCControlSocket(default)] Sending heartbeat with last received sequence number: 7
[2026-08-16 18:16:16.328] [info]  [RTCControlSocket(default)] Heartbeat ACK received
[2026-08-16 18:16:22.514] [info]  [RTCControlSocket(stream)] Sending heartbeat with last received sequence number: 12
[2026-08-16 18:16:22.588] [info]  [RTCControlSocket(stream)] Heartbeat ACK received
[2026-08-16 18:16:27.675] [info]  [RTCConnection(1538717576517910568, stream)] Remote media sink wants: {"5445":100,"pixelCounts":{"5445":190896},"any":100}
[2026-08-16 18:16:30.049] [info]  [RTCControlSocket(default)] Sending heartbeat with last received sequence number: 7
[2026-08-16 18:16:30.092] [info]  [RTCControlSocket(default)] Heartbeat ACK received
[2026-08-16 18:16:32.243] [info]  [RTCConnection(1538717576517910568, stream)] Remote media sink wants: {"5445":100,"pixelCounts":{"5445":984640},"any":100}
[2026-08-16 18:16:36.264] [info]  [RTCControlSocket(stream)] Sending heartbeat with last received sequence number: 14
[2026-08-16 18:16:36.312] [info]  [RTCControlSocket(stream)] Heartbeat ACK received
[2026-08-16 18:16:43.420] [info]  [RTCConnection(1538717576517910568, stream)] Remote media sink wants: {"5445":100,"pixelCounts":{"5445":230400},"any":100}
[2026-08-16 18:16:43.799] [info]  [RTCControlSocket(default)] Sending heartbeat with last received sequence number: 7
[2026-08-16 18:16:43.832] [info]  [RTCControlSocket(default)] Heartbeat ACK received
[2026-08-16 18:16:50.014] [info]  [RTCControlSocket(stream)] Sending heartbeat with last received sequence number: 15
[2026-08-16 18:16:50.063] [info]  [RTCControlSocket(stream)] Heartbeat ACK received
[2026-08-16 18:16:55.538] [info]  [DirectVideo] attaching srcObject for 6
[2026-08-16 18:16:55.539] [info]  Subscribing to direct frames for streamId 6
[2026-08-16 18:16:55.575] [info]  [DirectVideo] handleReady for 6, have onReady callback = true
[2026-08-16 18:16:57.285] [info]  Unsubscribing from direct frames for streamId 6
[2026-08-16 18:16:57.285] [info]  [StreamTile] Stream Tile State - activeStream: false | selected: false | Video: true | MediaEngine: true
[2026-08-16 18:16:57.286] [info]  [StreamTile] Stream Tile State - activeStream: false | selected: false | Video: true | MediaEngine: true
[2026-08-16 18:16:57.376] [info]  [RTCConnection(1538717576517910568, stream)] Remote media sink wants: {"5445":100,"pixelCounts":{"5445":230400},"any":100}
[2026-08-16 18:16:57.434] [info]  [RTCConnection(1538717576517910568, stream)] Destroy RTCConnection
[2026-08-16 18:16:57.434] [info]  [RTCControlSocket(stream)] CLOSE
[2026-08-16 18:16:57.434] [info]  [RTCConnection(1538717576517910568, stream)] Disconnected from RTC server, clean: true, code: 1000, reason: Force Close, state: RTC_CONNECTED
[2026-08-16 18:16:57.436] [info]  [Connection(stream)] Connection state change: CONNECTED => DISCONNECTED
[2026-08-16 18:16:57.436] [info]  [RTCConnection(1538717576517910568, stream)] RTC media connection state change: RTC_CONNECTED => DISCONNECTED
[2026-08-16 18:16:57.436] [info]  [RTCConnection(1538717576517910568, stream)] RTC connection state: RTC_CONNECTED => RTC_DISCONNECTED
[2026-08-16 18:16:57.436] [info]  [Connection(stream)] Connection state change: DISCONNECTED => DISCONNECTED
[2026-08-16 18:16:57.437] [info]  [RTCConnection(1538717576517910568, stream)] RTC media connection state change: RTC_DISCONNECTED => DISCONNECTED
[2026-08-16 18:16:57.437] [info]  [RTCConnection(1538717576517910568, stream)] RTC connection state: RTC_DISCONNECTED => RTC_DISCONNECTED
[2026-08-16 18:16:57.437] [info]  [RTCConnection(1538717576517910568, stream)] RTC connection state: RTC_DISCONNECTED => DISCONNECTED
[2026-08-16 18:16:57.439] [info]  [RTCConnection(1330421763812626466, default)] Updating channel: 1330421763812626466(1)
[2026-08-16 18:16:57.442] [info]  [RTCConnection(1538717576517910568, stream)] [VOICE_DISCONNECT] krisp_nc_model: null
[2026-08-16 18:16:57.442] [warn]  [RTCConnection(1538717576517910568, stream)] Error: codec survey is not available
[2026-08-16 18:16:57.564] [info]  [RTCControlSocket(default)] Sending heartbeat with last received sequence number: 7
[2026-08-16 18:16:57.614] [info]  [RTCControlSocket(default)] Heartbeat ACK received
[2026-08-16 18:17:11.299] [info]  [RTCControlSocket(default)] Sending heartbeat with last received sequence number: 7
[2026-08-16 18:17:11.358] [info]  [RTCControlSocket(default)] Heartbeat ACK received
[2026-08-16 18:17:21.991] [warn]  AnalyticsTrackImpressionContext function unimplemented
[2026-08-16 18:17:21.994] [warn]  AnalyticsTrackImpressionContext function unimplemented
[2026-08-16 18:17:21.998] [warn]  AnalyticsTrackImpressionContext function unimplemented
[2026-08-16 18:17:22.002] [warn]  AnalyticsTrackImpressionContext function unimplemented
[2026-08-16 18:17:22.005] [error] Could not find a View Model linked to Artboard BaseGlowRemapped.
[2026-08-16 18:17:22.005] [error] Could not find a View Model linked to Artboard BaseGlowRemapped.
[2026-08-16 18:17:22.050] [warn]  AnalyticsTrackImpressionContext function unimplemented
[2026-08-16 18:17:22.292] [warn]  AnalyticsTrackImpressionContext function unimplemented
[2026-08-16 18:17:23.004] [warn]  AnalyticsTrackImpressionContext function unimplemented
[2026-08-16 18:17:23.024] [warn]  AnalyticsTrackImpressionContext function unimplemented
[2026-08-16 18:17:24.004] [warn]  AnalyticsTrackImpressionContext function unimplemented
[2026-08-16 18:17:25.005] [warn]  AnalyticsTrackImpressionContext function unimplemented
[2026-08-16 18:17:25.049] [info]  [RTCControlSocket(default)] Sending heartbeat with last received sequence number: 7
[2026-08-16 18:17:25.109] [info]  [RTCControlSocket(default)] Heartbeat ACK received
[2026-08-16 18:17:25.215] [info]  [startStreamWithSource] Starting stream for source id prepicked:screen and name A window, screen, or app and pid null
[2026-08-16 18:17:25.224] [info]  [discord_protos.discord_users.v1.PreloadedUserSettings] Updating notifications with delay 0
[2026-08-16 18:17:25.228] [info]  [discord_protos.discord_users.v1.PreloadedUserSettings] Scheduling save from markDirty
[2026-08-16 18:17:25.229] [info]  [discord_protos.discord_users.v1.PreloadedUserSettings] Updating voiceAndVideo with delay 0
[2026-08-16 18:17:25.244] [warn]  AnalyticsTrackImpressionContext function unimplemented
[2026-08-16 18:17:25.307] [info]  [discord_protos.discord_users.v1.PreloadedUserSettings] Persisting proto
[2026-08-16 18:17:25.310] [error] Could not find a View Model linked to Artboard BaseGlowRemapped.
[2026-08-16 18:17:25.310] [error] Could not find a View Model linked to Artboard BaseGlowRemapped.
[2026-08-16 18:17:27.010] [info]  [RTCConnection(1330421763812626466, default)] Updating channel: 1330421763812626466(1)
[2026-08-16 18:17:27.040] [info]  [StreamTile] Stream Tile State - activeStream: true | selected: false | Video: true | MediaEngine: true
[2026-08-16 18:17:27.040] [info]  [StreamTile] Stream Tile State - activeStream: true | selected: true | Video: true | MediaEngine: true
[2026-08-16 18:17:27.181] [info]  [RTCControlSocket(stream)] [CONNECT] wss://c-lax11-0c4dc45e.discord.media:2053/
[2026-08-16 18:17:27.182] [info]  [RTCConnection(1538718367509389352, stream)] Connecting to RTC server wss://c-lax11-0c4dc45e.discord.media:2053/, rtc-connection-id: 4b8ef4c3-8e2d-4dc7-95f7-b6c5c148d5f0, channel: 1330421763812626466(1)
[2026-08-16 18:17:27.182] [info]  [RTCConnection(1538718367509389352, stream)] RTC connection state: AWAITING_ENDPOINT => CONNECTING
[2026-08-16 18:17:27.491] [info]  [RTCConnection(1538718367509389352, stream)] Connected to RTC server.
[2026-08-16 18:17:27.491] [info]  [RTCControlSocket(stream)] [CONNECTED] wss://c-lax11-0c4dc45e.discord.media:2053/ in 310 ms
[2026-08-16 18:17:27.491] [info]  [RTCConnection(1538718367509389352, stream)] RTC connection state: CONNECTING => AUTHENTICATING
[2026-08-16 18:17:27.492] [info]  [RTCControlSocket(stream)] [HELLO] heartbeat interval: 13750, version: 8, took 311 ms
[2026-08-16 18:17:27.492] [info]  [RTCControlSocket(stream)] Starting heartbeat with interval: 13750
[2026-08-16 18:17:27.525] [info]  [RTCControlSocket(stream)] [READY] took 344 ms
[2026-08-16 18:17:27.526] [info]  [RTCConnection(1538718367509389352, stream)] RTC connection state: AUTHENTICATING => RTC_CONNECTING
[2026-08-16 18:17:27.527] [info]  [Connection(stream)] Creating connection to 104.29.152.72:19307 with audio ssrc: 5659
[2026-08-16 18:17:27.569] [info]  [Connection(stream)] Connected with local address 172.56.210.146:1173 and protocol: udp
[2026-08-16 18:17:27.570] [info]  [Connection(stream)] Available engine codecs: "[{\"codec\":\"AV1\",\"decode\":true,\"encode\":false},{\"codec\":\"H264\",\"decode\":true,\"encode\":true},{\"codec\":\"VP8\",\"decode\":true,\"encode\":true}]\n"
[2026-08-16 18:17:27.570] [info]  [Connection(stream)] Experimental codecs: [{"name":"AV1","encode":false,"decode":true},{"name":"H265","encode":true,"decode":true}]
[2026-08-16 18:17:27.570] [info]  [Connection(stream)] Audio codecs: opus
[2026-08-16 18:17:27.570] [info]  [Connection(stream)] Video codecs: AV1[encode: false, decode: true],H264[encode: true, decode: true],VP8[encode: true, decode: true]
[2026-08-16 18:17:27.570] [info]  [Connection(stream)] Encryption modes: aead_aes256_gcm_rtpsize,aead_aes256_gcm,aead_xchacha20_poly1305_rtpsize,xsalsa20_poly1305_lite_rtpsize,xsalsa20_poly1305_lite,xsalsa20_poly1305_suffix,xsalsa20_poly1305
[2026-08-16 18:17:27.570] [info]  [Connection(stream)] Connection state change: CONNECTING => CONNECTED
[2026-08-16 18:17:27.570] [info]  [RTCConnection(1538718367509389352, stream)] RTC media connection state change: RTC_CONNECTING => CONNECTED
[2026-08-16 18:17:27.570] [info]  [RTCConnection(1538718367509389352, stream)] RTC connection state: RTC_CONNECTING => RTC_CONNECTED
[2026-08-16 18:17:27.571] [info]  [Connection(stream)] capturing desktop (type: prepicked, handle: screen, use-video-hook: false, use-graphics-capture: false, use-graphics-capture-api-level: 0, use-capture-device-for-encode: false).
[2026-08-16 18:17:27.572] [info]  [RTCConnection(1538718367509389352, stream)] RTC connected to media server: 104.29.152.72:19307
[2026-08-16 18:17:27.572] [info]  [RTCConnection(1538718367509389352, stream)] Sending UDP info to RTC server. [object Object] fixed_keyframe_interval
[2026-08-16 18:17:27.573] [info]  [Connection(stream)] Creating user: 1312221304283467830 with audio SSRC: 0 and video SSRCs: 
[2026-08-16 18:17:27.612] [info]  [RTCConnection(1538718367509389352, stream)] Setting media-session-id: 4ac079de43f15ddce095d96644e7542a for rtc-connection-id: 4b8ef4c3-8e2d-4dc7-95f7-b6c5c148d5f0
[2026-08-16 18:17:27.613] [info]  [Connection(stream)] Selected encryption mode: aead_aes256_gcm_rtpsize
[2026-08-16 18:17:27.613] [info]  [RTCConnection(1538718367509389352, stream)] DAVE protocol init with protocol version: 1
[2026-08-16 18:17:27.613] [info]  [RTCConnection(1538718367509389352, stream)] Remote media sink wants: {"pixelCounts":{"5660":0},"any":100}
[2026-08-16 18:17:27.614] [info]  [RTCConnection(1538718367509389352, stream)] Received MLS external sender package
[2026-08-16 18:17:27.614] [info]  [RTCConnection(1538718367509389352, stream)] Remote media sink wants: {"pixelCounts":{"5660":0},"any":100}
[2026-08-16 18:17:27.625] [info]  [Connection(stream)] DAVE protocol state update: {"version":1,"epochAuthenticator":""}
[2026-08-16 18:17:27.626] [info]  [RTCConnection(1538718367509389352, stream)] Got MLS key package, sending to RTC server
[2026-08-16 18:17:27.626] [info]  [RTCControlSocket(stream)] Sending MLS key package
[2026-08-16 18:17:27.671] [info]  [RTCConnection(1538718367509389352, stream)] Remote media sink wants: {"pixelCounts":{"5660":0},"any":100}
[2026-08-16 18:17:27.825] [info]  [DirectVideo] create video element for 10, readyState=0
[2026-08-16 18:17:28.146] [info]  [Connection(stream)] Ignoring attempt to recreate user 1312221304283467830 with 0 audio SSRC
[2026-08-16 18:17:28.320] [info]  Subscribing to frames for streamId 10
[2026-08-16 18:17:28.344] [info]  Unsubscribing from frames for streamId 10
[2026-08-16 18:17:28.505] [info]  [RTCConnection(1538718367509389352, stream)] Remote media sink wants: {"5660":100,"pixelCounts":{"5660":0},"any":100}
[2026-08-16 18:17:29.075] [info]  [InputWatcher] Silence: false
[2026-08-16 18:17:29.192] [info]  [RTCConnection(1538718367509389352, stream)] Received MLS proposals
[2026-08-16 18:17:29.193] [info]  [RTCConnection(1538718367509389352, stream)] Sending MLS commit welcome message
[2026-08-16 18:17:29.193] [info]  [RTCControlSocket(stream)] Sending MLS commit + welcome message
[2026-08-16 18:17:29.201] [info]  [RTCConnection(1538718367509389352, stream)] Received MLS welcome for transition ID 0
[2026-08-16 18:17:29.201] [info]  [Connection(stream)] DAVE protocol state update: {"version":1,"epochAuthenticator":"dsH+CpWzUmM6KPWF2/bO8NV3NjmT80HZaI6GFhqkEw4="}
[2026-08-16 18:17:29.552] [info]  [RTCConnection(1538718367509389352, stream)] Remote media sink wants: {"5660":100,"pixelCounts":{"5660":190896},"any":100}
[2026-08-16 18:17:31.968] [info]  [StreamTile] Stream Tile State - activeStream: true | selected: false | Video: true | MediaEngine: true
[2026-08-16 18:17:31.969] [info]  [StreamTile] Stream Tile State - activeStream: true | selected: true | Video: true | MediaEngine: true
[2026-08-16 18:17:38.799] [info]  [RTCControlSocket(default)] Sending heartbeat with last received sequence number: 7
[2026-08-16 18:17:38.842] [info]  [RTCControlSocket(default)] Heartbeat ACK received
[2026-08-16 18:17:41.242] [info]  [RTCControlSocket(stream)] Sending heartbeat with last received sequence number: 13
[2026-08-16 18:17:41.300] [info]  [RTCControlSocket(stream)] Heartbeat ACK received
[2026-08-16 18:17:41.966] [info]  [RTCConnection(1538718367509389352, stream)] Remote media sink wants: {"5660":100,"pixelCounts":{"5660":2375016},"any":100}
[2026-08-16 18:17:52.549] [info]  [RTCControlSocket(default)] Sending heartbeat with last received sequence number: 7
[2026-08-16 18:17:52.582] [info]  [RTCControlSocket(default)] Heartbeat ACK received
[2026-08-16 18:17:54.992] [info]  [RTCControlSocket(stream)] Sending heartbeat with last received sequence number: 14
[2026-08-16 18:17:55.045] [info]  [RTCControlSocket(stream)] Heartbeat ACK received
[2026-08-16 18:18:06.299] [info]  [RTCControlSocket(default)] Sending heartbeat with last received sequence number: 7
[2026-08-16 18:18:06.347] [info]  [RTCControlSocket(default)] Heartbeat ACK received
[2026-08-16 18:18:08.742] [info]  [RTCControlSocket(stream)] Sending heartbeat with last received sequence number: 14
[2026-08-16 18:18:08.788] [info]  [RTCControlSocket(stream)] Heartbeat ACK received
[2026-08-16 18:18:20.049] [info]  [RTCControlSocket(default)] Sending heartbeat with last received sequence number: 7
[2026-08-16 18:18:20.089] [info]  [RTCControlSocket(default)] Heartbeat ACK received
[2026-08-16 18:18:22.492] [info]  [RTCControlSocket(stream)] Sending heartbeat with last received sequence number: 14
[2026-08-16 18:18:22.538] [info]  [RTCControlSocket(stream)] Heartbeat ACK received
[2026-08-16 18:18:33.799] [info]  [RTCControlSocket(default)] Sending heartbeat with last received sequence number: 7
[2026-08-16 18:18:33.828] [info]  [RTCControlSocket(default)] Heartbeat ACK received
[2026-08-16 18:18:36.242] [info]  [RTCControlSocket(stream)] Sending heartbeat with last received sequence number: 14
[2026-08-16 18:18:36.288] [info]  [RTCControlSocket(stream)] Heartbeat ACK received
[2026-08-16 18:18:47.549] [info]  [RTCControlSocket(default)] Sending heartbeat with last received sequence number: 7
[2026-08-16 18:18:47.588] [info]  [RTCControlSocket(default)] Heartbeat ACK received
[2026-08-16 18:18:49.992] [info]  [RTCControlSocket(stream)] Sending heartbeat with last received sequence number: 14
[2026-08-16 18:18:50.028] [info]  [RTCControlSocket(stream)] Heartbeat ACK received
[2026-08-16 18:18:57.628] [info]  [RPCServer:IPC] Socket Message: 4 [object Object]
[2026-08-16 18:18:57.780] [info]  [RPCServer:IPC] Socket Emit: 4 [object Object]
[2026-08-16 18:18:58.127] [info]  [RPCServer:IPC] Socket Message: 4 [object Object]
[2026-08-16 18:18:58.129] [info]  [RPCServer:IPC] Socket Emit: 4 [object Object]
[2026-08-16 18:19:01.299] [info]  [RTCControlSocket(default)] Sending heartbeat with last received sequence number: 7
[2026-08-16 18:19:01.343] [info]  [RTCControlSocket(default)] Heartbeat ACK received
[2026-08-16 18:19:03.742] [info]  [RTCControlSocket(stream)] Sending heartbeat with last received sequence number: 14
[2026-08-16 18:19:03.791] [info]  [RTCControlSocket(stream)] Heartbeat ACK received
[2026-08-16 18:19:04.127] [info]  [RPCServer:IPC] Socket Message: 4 [object Object]
[2026-08-16 18:19:04.129] [info]  [RPCServer:IPC] Socket Emit: 4 [object Object]
[2026-08-16 18:19:15.049] [info]  [RTCControlSocket(default)] Sending heartbeat with last received sequence number: 7
[2026-08-16 18:19:15.089] [info]  [RTCControlSocket(default)] Heartbeat ACK received
[2026-08-16 18:19:17.128] [info]  [RPCServer:IPC] Socket Message: 4 [object Object]
[2026-08-16 18:19:17.129] [info]  [RPCServer:IPC] Socket Emit: 4 [object Object]
[2026-08-16 18:19:17.492] [info]  [RTCControlSocket(stream)] Sending heartbeat with last received sequence number: 14
[2026-08-16 18:19:17.536] [info]  [RTCControlSocket(stream)] Heartbeat ACK received
[2026-08-16 18:19:18.128] [info]  [RPCServer:IPC] Socket Message: 4 [object Object]
[2026-08-16 18:19:18.129] [info]  [RPCServer:IPC] Socket Emit: 4 [object Object]
[2026-08-16 18:19:19.628] [info]  [RPCServer:IPC] Socket Message: 4 [object Object]
[2026-08-16 18:19:19.630] [info]  [RPCServer:IPC] Socket Emit: 4 [object Object]
[2026-08-16 18:19:28.799] [info]  [RTCControlSocket(default)] Sending heartbeat with last received sequence number: 7
[2026-08-16 18:19:28.835] [info]  [RTCControlSocket(default)] Heartbeat ACK received
[2026-08-16 18:19:31.242] [info]  [RTCControlSocket(stream)] Sending heartbeat with last received sequence number: 14
[2026-08-16 18:19:31.291] [info]  [RTCControlSocket(stream)] Heartbeat ACK received
[2026-08-16 18:19:42.549] [info]  [RTCControlSocket(default)] Sending heartbeat with last received sequence number: 7
[2026-08-16 18:19:42.602] [info]  [RTCControlSocket(default)] Heartbeat ACK received
[2026-08-16 18:19:44.992] [info]  [RTCControlSocket(stream)] Sending heartbeat with last received sequence number: 14
[2026-08-16 18:19:45.054] [info]  [RTCControlSocket(stream)] Heartbeat ACK received
[2026-08-16 18:19:50.789] [info]  [RTCConnection(1538718367509389352, stream)] Remote media sink wants: {"5660":0,"pixelCounts":{"5660":0},"any":100}
[2026-08-16 18:19:56.299] [info]  [RTCControlSocket(default)] Sending heartbeat with last received sequence number: 7
[2026-08-16 18:19:56.414] [info]  [RTCControlSocket(default)] Heartbeat ACK received
[2026-08-16 18:19:58.629] [info]  [RPCServer:IPC] Socket Message: 4 [object Object]
[2026-08-16 18:19:58.632] [info]  [RPCServer:IPC] Socket Emit: 4 [object Object]
[2026-08-16 18:19:58.742] [info]  [RTCControlSocket(stream)] Sending heartbeat with last received sequence number: 15
[2026-08-16 18:19:58.799] [info]  [RTCControlSocket(stream)] Heartbeat ACK received
[2026-08-16 18:19:59.950] [info]  [RPCServer:IPC] Socket Message: 4 [object Object]
[2026-08-16 18:19:59.952] [info]  [RPCServer:IPC] Socket Emit: 4 [object Object]
[2026-08-16 18:20:03.451] [info]  [RPCServer:IPC] Socket Message: 4 [object Object]
[2026-08-16 18:20:03.452] [info]  [RPCServer:IPC] Socket Emit: 4 [object Object]
[2026-08-16 18:20:10.049] [info]  [RTCControlSocket(default)] Sending heartbeat with last received sequence number: 7
[2026-08-16 18:20:10.090] [info]  [RTCControlSocket(default)] Heartbeat ACK received
[2026-08-16 18:20:11.950] [info]  [RPCServer:IPC] Socket Message: 4 [object Object]
[2026-08-16 18:20:11.952] [info]  [RPCServer:IPC] Socket Emit: 4 [object Object]
[2026-08-16 18:20:12.492] [info]  [RTCControlSocket(stream)] Sending heartbeat with last received sequence number: 15
[2026-08-16 18:20:12.526] [info]  [RTCControlSocket(stream)] Heartbeat ACK received
[2026-08-16 18:20:12.951] [info]  [RPCServer:IPC] Socket Message: 4 [object Object]
[2026-08-16 18:20:12.952] [info]  [RPCServer:IPC] Socket Emit: 4 [object Object]
[2026-08-16 18:20:13.451] [info]  [RPCServer:IPC] Socket Message: 4 [object Object]
[2026-08-16 18:20:13.452] [info]  [RPCServer:IPC] Socket Emit: 4 [object Object]
[2026-08-16 18:20:15.951] [info]  [RPCServer:IPC] Socket Message: 4 [object Object]
[2026-08-16 18:20:15.952] [info]  [RPCServer:IPC] Socket Emit: 4 [object Object]
[2026-08-16 18:20:16.951] [info]  [RPCServer:IPC] Socket Message: 4 [object Object]
[2026-08-16 18:20:16.952] [info]  [RPCServer:IPC] Socket Emit: 4 [object Object]
[2026-08-16 18:20:23.799] [info]  [RTCControlSocket(default)] Sending heartbeat with last received sequence number: 7
[2026-08-16 18:20:23.861] [info]  [RTCControlSocket(default)] Heartbeat ACK received
[2026-08-16 18:20:26.242] [info]  [RTCControlSocket(stream)] Sending heartbeat with last received sequence number: 15
[2026-08-16 18:20:26.288] [info]  [RTCControlSocket(stream)] Heartbeat ACK received
[2026-08-16 18:20:37.549] [info]  [RTCControlSocket(default)] Sending heartbeat with last received sequence number: 7
[2026-08-16 18:20:37.609] [info]  [RTCControlSocket(default)] Heartbeat ACK received
[2026-08-16 18:20:39.992] [info]  [RTCControlSocket(stream)] Sending heartbeat with last received sequence number: 15
[2026-08-16 18:20:40.049] [info]  [RTCControlSocket(stream)] Heartbeat ACK received
[2026-08-16 18:20:51.299] [info]  [RTCControlSocket(default)] Sending heartbeat with last received sequence number: 7
[2026-08-16 18:20:51.356] [info]  [RTCControlSocket(default)] Heartbeat ACK received
[2026-08-16 18:20:53.742] [info]  [RTCControlSocket(stream)] Sending heartbeat with last received sequence number: 15
[2026-08-16 18:20:53.787] [info]  [RTCControlSocket(stream)] Heartbeat ACK received
[2026-08-16 18:21:05.049] [info]  [RTCControlSocket(default)] Sending heartbeat with last received sequence number: 7
[2026-08-16 18:21:05.108] [info]  [RTCControlSocket(default)] Heartbeat ACK received
[2026-08-16 18:21:07.492] [info]  [RTCControlSocket(stream)] Sending heartbeat with last received sequence number: 15
[2026-08-16 18:21:07.542] [info]  [RTCControlSocket(stream)] Heartbeat ACK received
[2026-08-16 18:21:18.799] [info]  [RTCControlSocket(default)] Sending heartbeat with last received sequence number: 7
[2026-08-16 18:21:18.855] [info]  [RTCControlSocket(default)] Heartbeat ACK received
[2026-08-16 18:21:21.242] [info]  [RTCControlSocket(stream)] Sending heartbeat with last received sequence number: 15
[2026-08-16 18:21:21.291] [info]  [RTCControlSocket(stream)] Heartbeat ACK received
[2026-08-16 18:21:32.549] [info]  [RTCControlSocket(default)] Sending heartbeat with last received sequence number: 7
[2026-08-16 18:21:32.606] [info]  [RTCControlSocket(default)] Heartbeat ACK received
[2026-08-16 18:21:34.992] [info]  [RTCControlSocket(stream)] Sending heartbeat with last received sequence number: 15
[2026-08-16 18:21:35.034] [info]  [RTCControlSocket(stream)] Heartbeat ACK received
[2026-08-16 18:21:46.299] [info]  [RTCControlSocket(default)] Sending heartbeat with last received sequence number: 7
[2026-08-16 18:21:46.349] [info]  [RTCControlSocket(default)] Heartbeat ACK received
[2026-08-16 18:21:48.742] [info]  [RTCControlSocket(stream)] Sending heartbeat with last received sequence number: 15
[2026-08-16 18:21:48.773] [info]  [RTCControlSocket(stream)] Heartbeat ACK received
[2026-08-16 18:22:00.049] [info]  [RTCControlSocket(default)] Sending heartbeat with last received sequence number: 7
[2026-08-16 18:22:00.096] [info]  [RTCControlSocket(default)] Heartbeat ACK received
[2026-08-16 18:22:02.492] [info]  [RTCControlSocket(stream)] Sending heartbeat with last received sequence number: 15
[2026-08-16 18:22:02.536] [info]  [RTCControlSocket(stream)] Heartbeat ACK received
[2026-08-16 18:22:13.799] [info]  [RTCControlSocket(default)] Sending heartbeat with last received sequence number: 7
[2026-08-16 18:22:13.848] [info]  [RTCControlSocket(default)] Heartbeat ACK received
[2026-08-16 18:22:16.242] [info]  [RTCControlSocket(stream)] Sending heartbeat with last received sequence number: 15
[2026-08-16 18:22:16.287] [info]  [RTCControlSocket(stream)] Heartbeat ACK received
[2026-08-16 18:22:27.549] [info]  [RTCControlSocket(default)] Sending heartbeat with last received sequence number: 7
[2026-08-16 18:22:27.593] [info]  [RTCControlSocket(default)] Heartbeat ACK received
[2026-08-16 18:22:29.992] [info]  [RTCControlSocket(stream)] Sending heartbeat with last received sequence number: 15
[2026-08-16 18:22:30.049] [info]  [RTCControlSocket(stream)] Heartbeat ACK received
[2026-08-16 18:22:32.875] [info]  Subscribing to frames for streamId 10
[2026-08-16 18:22:32.906] [info]  Unsubscribing from frames for streamId 10
[2026-08-16 18:22:41.299] [info]  [RTCControlSocket(default)] Sending heartbeat with last received sequence number: 7
[2026-08-16 18:22:41.339] [info]  [RTCControlSocket(default)] Heartbeat ACK received
[2026-08-16 18:22:43.742] [info]  [RTCControlSocket(stream)] Sending heartbeat with last received sequence number: 15
[2026-08-16 18:22:43.788] [info]  [RTCControlSocket(stream)] Heartbeat ACK received
[2026-08-16 18:22:55.049] [info]  [RTCControlSocket(default)] Sending heartbeat with last received sequence number: 7
[2026-08-16 18:22:55.100] [info]  [RTCControlSocket(default)] Heartbeat ACK received
[2026-08-16 18:22:57.492] [info]  [RTCControlSocket(stream)] Sending heartbeat with last received sequence number: 15
[2026-08-16 18:22:57.543] [info]  [RTCControlSocket(stream)] Heartbeat ACK received
[2026-08-16 18:23:08.799] [info]  [RTCControlSocket(default)] Sending heartbeat with last received sequence number: 7
[2026-08-16 18:23:08.846] [info]  [RTCControlSocket(default)] Heartbeat ACK received
[2026-08-16 18:23:11.242] [info]  [RTCControlSocket(stream)] Sending heartbeat with last received sequence number: 15
[2026-08-16 18:23:11.296] [info]  [RTCControlSocket(stream)] Heartbeat ACK received
[2026-08-16 18:23:22.549] [info]  [RTCControlSocket(default)] Sending heartbeat with last received sequence number: 7
[2026-08-16 18:23:22.588] [info]  [RTCControlSocket(default)] Heartbeat ACK received
[2026-08-16 18:23:24.992] [info]  [RTCControlSocket(stream)] Sending heartbeat with last received sequence number: 15
[2026-08-16 18:23:25.102] [info]  [RTCControlSocket(stream)] Heartbeat ACK received
[2026-08-16 18:23:35.361] [info]  [DirectVideo] attaching srcObject for 10
[2026-08-16 18:23:35.362] [info]  Subscribing to direct frames for streamId 10
[2026-08-16 18:23:35.380] [info]  Unsubscribing from direct frames for streamId 10
[2026-08-16 18:23:35.398] [info]  [DirectVideo] attaching srcObject for 10
[2026-08-16 18:23:35.398] [info]  Subscribing to direct frames for streamId 10
[2026-08-16 18:23:35.423] [info]  Unsubscribing from direct frames for streamId 10
[2026-08-16 18:23:36.066] [info]  [DirectVideo] attaching srcObject for 10
[2026-08-16 18:23:36.066] [info]  Subscribing to direct frames for streamId 10
[2026-08-16 18:23:36.107] [info]  [DirectVideo] handleReady for 10, have onReady callback = true
[2026-08-16 18:23:36.108] [info]  [VideoStream] spinner visible for 745 ms
      [self_stream, count for stream: 1]
[2026-08-16 18:23:36.299] [info]  [RTCControlSocket(default)] Sending heartbeat with last received sequence number: 7
[2026-08-16 18:23:36.332] [info]  [RTCControlSocket(default)] Heartbeat ACK received
[2026-08-16 18:23:38.744] [info]  [RTCControlSocket(stream)] Sending heartbeat with last received sequence number: 15
[2026-08-16 18:23:38.777] [info]  [RTCControlSocket(stream)] Heartbeat ACK received
[2026-08-16 18:23:39.346] [info]  Unsubscribing from direct frames for streamId 10
[2026-08-16 18:23:39.347] [info]  [StreamTile] Stream Tile State - activeStream: false | selected: false | Video: true | MediaEngine: true
[2026-08-16 18:23:39.347] [info]  [StreamTile] Stream Tile State - activeStream: false | selected: false | Video: true | MediaEngine: true
[2026-08-16 18:23:39.443] [warn]  [RTCControlSocket(stream)] [WS CLOSED] (clean: true, code: 4014, reason: Disconnected.) retrying in 1.58 seconds.
[2026-08-16 18:23:39.472] [info]  [RTCConnection(1538718367509389352, stream)] Destroy RTCConnection
[2026-08-16 18:23:39.472] [info]  [RTCControlSocket(stream)] CLOSE
[2026-08-16 18:23:39.472] [info]  [RTCConnection(1538718367509389352, stream)] Disconnected from RTC server, clean: true, code: 1000, reason: Force Close, state: RTC_CONNECTED
[2026-08-16 18:23:39.475] [info]  [Connection(stream)] Connection state change: CONNECTED => DISCONNECTED
[2026-08-16 18:23:39.475] [info]  [RTCConnection(1538718367509389352, stream)] RTC media connection state change: RTC_CONNECTED => DISCONNECTED
[2026-08-16 18:23:39.475] [info]  [RTCConnection(1538718367509389352, stream)] RTC connection state: RTC_CONNECTED => RTC_DISCONNECTED
[2026-08-16 18:23:39.475] [info]  [Connection(stream)] Connection state change: DISCONNECTED => DISCONNECTED
[2026-08-16 18:23:39.475] [info]  [RTCConnection(1538718367509389352, stream)] RTC media connection state change: RTC_DISCONNECTED => DISCONNECTED
[2026-08-16 18:23:39.475] [info]  [RTCConnection(1538718367509389352, stream)] RTC connection state: RTC_DISCONNECTED => RTC_DISCONNECTED
[2026-08-16 18:23:39.475] [info]  [RTCConnection(1538718367509389352, stream)] RTC connection state: RTC_DISCONNECTED => DISCONNECTED
[2026-08-16 18:23:39.477] [info]  [RTCConnection(1330421763812626466, default)] Updating channel: 1330421763812626466(1)
[2026-08-16 18:23:39.480] [warn]  [RTCConnection(1538718367509389352, stream)] Error: codec survey is not available
[2026-08-16 18:23:39.480] [info]  [RTCConnection(1538718367509389352, stream)] [VOICE_DISCONNECT] krisp_nc_model: null
[2026-08-16 18:23:50.049] [info]  [RTCControlSocket(default)] Sending heartbeat with last received sequence number: 7
[2026-08-16 18:23:50.110] [info]  [RTCControlSocket(default)] Heartbeat ACK received
[2026-08-16 18:24:03.799] [info]  [RTCControlSocket(default)] Sending heartbeat with last received sequence number: 7
[2026-08-16 18:24:03.834] [info]  [RTCControlSocket(default)] Heartbeat ACK received
[2026-08-16 18:24:17.549] [info]  [RTCControlSocket(default)] Sending heartbeat with last received sequence number: 7
[2026-08-16 18:24:17.608] [info]  [RTCControlSocket(default)] Heartbeat ACK received
[2026-08-16 18:24:31.299] [info]  [RTCControlSocket(default)] Sending heartbeat with last received sequence number: 7
[2026-08-16 18:24:31.339] [info]  [RTCControlSocket(default)] Heartbeat ACK received
[2026-08-16 18:24:45.049] [info]  [RTCControlSocket(default)] Sending heartbeat with last received sequence number: 7
[2026-08-16 18:24:45.140] [info]  [RTCControlSocket(default)] Heartbeat ACK received
[2026-08-16 18:24:58.799] [info]  [RTCControlSocket(default)] Sending heartbeat with last received sequence number: 7
[2026-08-16 18:24:58.837] [info]  [RTCControlSocket(default)] Heartbeat ACK received
[2026-08-16 18:25:12.549] [info]  [RTCControlSocket(default)] Sending heartbeat with last received sequence number: 7
[2026-08-16 18:25:12.578] [info]  [RTCControlSocket(default)] Heartbeat ACK received
[2026-08-16 18:25:26.299] [info]  [RTCControlSocket(default)] Sending heartbeat with last received sequence number: 7
[2026-08-16 18:25:26.341] [info]  [RTCControlSocket(default)] Heartbeat ACK received
[2026-08-16 18:25:40.049] [info]  [RTCControlSocket(default)] Sending heartbeat with last received sequence number: 7
[2026-08-16 18:25:40.095] [info]  [RTCControlSocket(default)] Heartbeat ACK received
[2026-08-16 18:25:53.799] [info]  [RTCControlSocket(default)] Sending heartbeat with last received sequence number: 7
[2026-08-16 18:25:53.844] [info]  [RTCControlSocket(default)] Heartbeat ACK received
[2026-08-16 18:26:07.549] [info]  [RTCControlSocket(default)] Sending heartbeat with last received sequence number: 7
[2026-08-16 18:26:07.595] [info]  [RTCControlSocket(default)] Heartbeat ACK received
[2026-08-16 18:26:21.299] [info]  [RTCControlSocket(default)] Sending heartbeat with last received sequence number: 7
[2026-08-16 18:26:21.342] [info]  [RTCControlSocket(default)] Heartbeat ACK received
[2026-08-16 18:26:35.049] [info]  [RTCControlSocket(default)] Sending heartbeat with last received sequence number: 7
[2026-08-16 18:26:35.118] [info]  [RTCControlSocket(default)] Heartbeat ACK received
[2026-08-16 18:26:48.800] [info]  [RTCControlSocket(default)] Sending heartbeat with last received sequence number: 7
[2026-08-16 18:26:48.898] [info]  [RTCControlSocket(default)] Heartbeat ACK received
[2026-08-16 18:27:02.549] [info]  [RTCControlSocket(default)] Sending heartbeat with last received sequence number: 7
[2026-08-16 18:27:02.597] [info]  [RTCControlSocket(default)] Heartbeat ACK received
[2026-08-16 18:27:16.299] [info]  [RTCControlSocket(default)] Sending heartbeat with last received sequence number: 7
[2026-08-16 18:27:16.328] [info]  [RTCControlSocket(default)] Heartbeat ACK received
[2026-08-16 18:27:30.049] [info]  [RTCControlSocket(default)] Sending heartbeat with last received sequence number: 7
[2026-08-16 18:27:30.082] [info]  [RTCControlSocket(default)] Heartbeat ACK received
[2026-08-16 18:27:43.799] [info]  [RTCControlSocket(default)] Sending heartbeat with last received sequence number: 7
[2026-08-16 18:27:43.875] [info]  [RTCControlSocket(default)] Heartbeat ACK received
[2026-08-16 18:27:57.549] [info]  [RTCControlSocket(default)] Sending heartbeat with last received sequence number: 7
[2026-08-16 18:27:57.602] [info]  [RTCControlSocket(default)] Heartbeat ACK received
[2026-08-16 18:28:11.299] [info]  [RTCControlSocket(default)] Sending heartbeat with last received sequence number: 7
[2026-08-16 18:28:11.359] [info]  [RTCControlSocket(default)] Heartbeat ACK received
[2026-08-16 18:28:25.049] [info]  [RTCControlSocket(default)] Sending heartbeat with last received sequence number: 7
[2026-08-16 18:28:25.093] [info]  [RTCControlSocket(default)] Heartbeat ACK received
[2026-08-16 18:28:38.799] [info]  [RTCControlSocket(default)] Sending heartbeat with last received sequence number: 7
[2026-08-16 18:28:38.831] [info]  [RTCControlSocket(default)] Heartbeat ACK received
[2026-08-16 18:28:52.549] [info]  [RTCControlSocket(default)] Sending heartbeat with last received sequence number: 7
[2026-08-16 18:28:52.596] [info]  [RTCControlSocket(default)] Heartbeat ACK received
[2026-08-16 18:29:06.299] [info]  [RTCControlSocket(default)] Sending heartbeat with last received sequence number: 7
[2026-08-16 18:29:06.342] [info]  [RTCControlSocket(default)] Heartbeat ACK received
[2026-08-16 18:29:20.049] [info]  [RTCControlSocket(default)] Sending heartbeat with last received sequence number: 7
[2026-08-16 18:29:20.082] [info]  [RTCControlSocket(default)] Heartbeat ACK received
[2026-08-16 18:29:33.799] [info]  [RTCControlSocket(default)] Sending heartbeat with last received sequence number: 7
[2026-08-16 18:29:33.856] [info]  [RTCControlSocket(default)] Heartbeat ACK received
[2026-08-16 18:29:47.549] [info]  [RTCControlSocket(default)] Sending heartbeat with last received sequence number: 7
[2026-08-16 18:29:47.581] [info]  [RTCControlSocket(default)] Heartbeat ACK received
[2026-08-16 18:30:01.299] [info]  [RTCControlSocket(default)] Sending heartbeat with last received sequence number: 7
[2026-08-16 18:30:01.351] [info]  [RTCControlSocket(default)] Heartbeat ACK received
[2026-08-16 18:30:15.049] [info]  [RTCControlSocket(default)] Sending heartbeat with last received sequence number: 7
[2026-08-16 18:30:15.126] [info]  [RTCControlSocket(default)] Heartbeat ACK received
[2026-08-16 18:30:28.799] [info]  [RTCControlSocket(default)] Sending heartbeat with last received sequence number: 7
[2026-08-16 18:30:28.862] [info]  [RTCControlSocket(default)] Heartbeat ACK received
[2026-08-16 18:30:42.549] [info]  [RTCControlSocket(default)] Sending heartbeat with last received sequence number: 7
[2026-08-16 18:30:42.619] [info]  [RTCControlSocket(default)] Heartbeat ACK received
[2026-08-16 18:30:56.299] [info]  [RTCControlSocket(default)] Sending heartbeat with last received sequence number: 7
[2026-08-16 18:30:56.335] [info]  [RTCControlSocket(default)] Heartbeat ACK received
[2026-08-16 18:31:10.049] [info]  [RTCControlSocket(default)] Sending heartbeat with last received sequence number: 7
[2026-08-16 18:31:10.151] [info]  [RTCControlSocket(default)] Heartbeat ACK received
[2026-08-16 18:31:23.799] [info]  [RTCControlSocket(default)] Sending heartbeat with last received sequence number: 7
[2026-08-16 18:31:23.852] [info]  [RTCControlSocket(default)] Heartbeat ACK received
[2026-08-16 18:31:37.549] [info]  [RTCControlSocket(default)] Sending heartbeat with last received sequence number: 7
[2026-08-16 18:31:37.602] [info]  [RTCControlSocket(default)] Heartbeat ACK received
[2026-08-16 18:31:51.299] [info]  [RTCControlSocket(default)] Sending heartbeat with last received sequence number: 7
[2026-08-16 18:31:51.352] [info]  [RTCControlSocket(default)] Heartbeat ACK received
[2026-08-16 18:32:05.049] [info]  [RTCControlSocket(default)] Sending heartbeat with last received sequence number: 7
[2026-08-16 18:32:05.083] [info]  [RTCControlSocket(default)] Heartbeat ACK received
[2026-08-16 18:32:18.799] [info]  [RTCControlSocket(default)] Sending heartbeat with last received sequence number: 7
[2026-08-16 18:32:18.854] [info]  [RTCControlSocket(default)] Heartbeat ACK received
[2026-08-16 18:32:32.549] [info]  [RTCControlSocket(default)] Sending heartbeat with last received sequence number: 7
[2026-08-16 18:32:32.577] [info]  [RTCControlSocket(default)] Heartbeat ACK received
[2026-08-16 18:32:46.299] [info]  [RTCControlSocket(default)] Sending heartbeat with last received sequence number: 7
[2026-08-16 18:32:46.339] [info]  [RTCControlSocket(default)] Heartbeat ACK received
[2026-08-16 18:33:00.049] [info]  [RTCControlSocket(default)] Sending heartbeat with last received sequence number: 7
[2026-08-16 18:33:00.115] [info]  [RTCControlSocket(default)] Heartbeat ACK received
[2026-08-16 18:33:13.799] [info]  [RTCControlSocket(default)] Sending heartbeat with last received sequence number: 7
[2026-08-16 18:33:13.857] [info]  [RTCControlSocket(default)] Heartbeat ACK received
[2026-08-16 18:33:27.549] [info]  [RTCControlSocket(default)] Sending heartbeat with last received sequence number: 7
[2026-08-16 18:33:27.575] [info]  [RTCControlSocket(default)] Heartbeat ACK received
[2026-08-16 18:33:41.299] [info]  [RTCControlSocket(default)] Sending heartbeat with last received sequence number: 7
[2026-08-16 18:33:41.331] [info]  [RTCControlSocket(default)] Heartbeat ACK received
[2026-08-16 18:33:55.049] [info]  [RTCControlSocket(default)] Sending heartbeat with last received sequence number: 7
[2026-08-16 18:33:55.098] [info]  [RTCControlSocket(default)] Heartbeat ACK received
[2026-08-16 18:34:08.799] [info]  [RTCControlSocket(default)] Sending heartbeat with last received sequence number: 7
[2026-08-16 18:34:08.832] [info]  [RTCControlSocket(default)] Heartbeat ACK received
[2026-08-16 18:34:22.549] [info]  [RTCControlSocket(default)] Sending heartbeat with last received sequence number: 7
[2026-08-16 18:34:22.603] [info]  [RTCControlSocket(default)] Heartbeat ACK received
[2026-08-16 18:34:36.299] [info]  [RTCControlSocket(default)] Sending heartbeat with last received sequence number: 7
[2026-08-16 18:34:36.347] [info]  [RTCControlSocket(default)] Heartbeat ACK received
[2026-08-16 18:34:50.049] [info]  [RTCControlSocket(default)] Sending heartbeat with last received sequence number: 7
[2026-08-16 18:34:50.087] [info]  [RTCControlSocket(default)] Heartbeat ACK received
[2026-08-16 18:35:03.799] [info]  [RTCControlSocket(default)] Sending heartbeat with last received sequence number: 7
[2026-08-16 18:35:03.845] [info]  [RTCControlSocket(default)] Heartbeat ACK received
[2026-08-16 18:35:17.549] [info]  [RTCControlSocket(default)] Sending heartbeat with last received sequence number: 7
[2026-08-16 18:35:17.599] [info]  [RTCControlSocket(default)] Heartbeat ACK received
[2026-08-16 18:35:31.299] [info]  [RTCControlSocket(default)] Sending heartbeat with last received sequence number: 7
[2026-08-16 18:35:31.334] [info]  [RTCControlSocket(default)] Heartbeat ACK received
[2026-08-16 18:35:45.049] [info]  [RTCControlSocket(default)] Sending heartbeat with last received sequence number: 7
[2026-08-16 18:35:45.080] [info]  [RTCControlSocket(default)] Heartbeat ACK received
[2026-08-16 18:35:58.799] [info]  [RTCControlSocket(default)] Sending heartbeat with last received sequence number: 7
[2026-08-16 18:35:58.834] [info]  [RTCControlSocket(default)] Heartbeat ACK received
[2026-08-16 18:36:12.549] [info]  [RTCControlSocket(default)] Sending heartbeat with last received sequence number: 7
[2026-08-16 18:36:12.593] [info]  [RTCControlSocket(default)] Heartbeat ACK received
[2026-08-16 18:36:26.299] [info]  [RTCControlSocket(default)] Sending heartbeat with last received sequence number: 7
[2026-08-16 18:36:26.356] [info]  [RTCControlSocket(default)] Heartbeat ACK received
[2026-08-16 18:36:40.049] [info]  [RTCControlSocket(default)] Sending heartbeat with last received sequence number: 7
[2026-08-16 18:36:40.088] [info]  [RTCControlSocket(default)] Heartbeat ACK received
[2026-08-16 18:36:53.799] [info]  [RTCControlSocket(default)] Sending heartbeat with last received sequence number: 7
[2026-08-16 18:36:53.868] [info]  [RTCControlSocket(default)] Heartbeat ACK received
[2026-08-16 18:37:07.549] [info]  [RTCControlSocket(default)] Sending heartbeat with last received sequence number: 7
[2026-08-16 18:37:07.584] [info]  [RTCControlSocket(default)] Heartbeat ACK received
[2026-08-16 18:37:21.299] [info]  [RTCControlSocket(default)] Sending heartbeat with last received sequence number: 7
[2026-08-16 18:37:21.334] [info]  [RTCControlSocket(default)] Heartbeat ACK received
[2026-08-16 18:37:35.051] [info]  [RTCControlSocket(default)] Sending heartbeat with last received sequence number: 7
[2026-08-16 18:37:35.097] [info]  [RTCControlSocket(default)] Heartbeat ACK received
[2026-08-16 18:37:48.799] [info]  [RTCControlSocket(default)] Sending heartbeat with last received sequence number: 7
[2026-08-16 18:37:48.830] [info]  [RTCControlSocket(default)] Heartbeat ACK received
[2026-08-16 18:38:02.549] [info]  [RTCControlSocket(default)] Sending heartbeat with last received sequence number: 7
[2026-08-16 18:38:02.740] [info]  [RTCControlSocket(default)] Heartbeat ACK received
[2026-08-16 18:38:16.299] [info]  [RTCControlSocket(default)] Sending heartbeat with last received sequence number: 7
[2026-08-16 18:38:16.338] [info]  [RTCControlSocket(default)] Heartbeat ACK received
[2026-08-16 18:38:30.049] [info]  [RTCControlSocket(default)] Sending heartbeat with last received sequence number: 7
[2026-08-16 18:38:30.091] [info]  [RTCControlSocket(default)] Heartbeat ACK received
[2026-08-16 18:38:43.799] [info]  [RTCControlSocket(default)] Sending heartbeat with last received sequence number: 7
[2026-08-16 18:38:43.839] [info]  [RTCControlSocket(default)] Heartbeat ACK received
[2026-08-16 18:38:57.549] [info]  [RTCControlSocket(default)] Sending heartbeat with last received sequence number: 7
[2026-08-16 18:38:57.607] [info]  [RTCControlSocket(default)] Heartbeat ACK received
[2026-08-16 18:39:11.299] [info]  [RTCControlSocket(default)] Sending heartbeat with last received sequence number: 7
[2026-08-16 18:39:11.342] [info]  [RTCControlSocket(default)] Heartbeat ACK received
[2026-08-16 18:39:25.049] [info]  [RTCControlSocket(default)] Sending heartbeat with last received sequence number: 7
[2026-08-16 18:39:25.095] [info]  [RTCControlSocket(default)] Heartbeat ACK received
[2026-08-16 18:39:38.799] [info]  [RTCControlSocket(default)] Sending heartbeat with last received sequence number: 7
[2026-08-16 18:39:38.825] [info]  [RTCControlSocket(default)] Heartbeat ACK received
[2026-08-16 18:39:52.549] [info]  [RTCControlSocket(default)] Sending heartbeat with last received sequence number: 7
[2026-08-16 18:39:52.585] [info]  [RTCControlSocket(default)] Heartbeat ACK received
[2026-08-16 18:40:06.299] [info]  [RTCControlSocket(default)] Sending heartbeat with last received sequence number: 7
[2026-08-16 18:40:06.338] [info]  [RTCControlSocket(default)] Heartbeat ACK received
[2026-08-16 18:40:20.049] [info]  [RTCControlSocket(default)] Sending heartbeat with last received sequence number: 7
[2026-08-16 18:40:20.093] [info]  [RTCControlSocket(default)] Heartbeat ACK received
[2026-08-16 18:40:33.799] [info]  [RTCControlSocket(default)] Sending heartbeat with last received sequence number: 7
[2026-08-16 18:40:33.822] [info]  [RTCControlSocket(default)] Heartbeat ACK received
[2026-08-16 18:40:47.549] [info]  [RTCControlSocket(default)] Sending heartbeat with last received sequence number: 7
[2026-08-16 18:40:47.581] [info]  [RTCControlSocket(default)] Heartbeat ACK received
[2026-08-16 18:41:01.299] [info]  [RTCControlSocket(default)] Sending heartbeat with last received sequence number: 7
[2026-08-16 18:41:01.333] [info]  [RTCControlSocket(default)] Heartbeat ACK received
[2026-08-16 18:41:15.049] [info]  [RTCControlSocket(default)] Sending heartbeat with last received sequence number: 7
[2026-08-16 18:41:15.092] [info]  [RTCControlSocket(default)] Heartbeat ACK received
[2026-08-16 18:41:28.799] [info]  [RTCControlSocket(default)] Sending heartbeat with last received sequence number: 7
[2026-08-16 18:41:28.853] [info]  [RTCControlSocket(default)] Heartbeat ACK received
[2026-08-16 18:41:42.549] [info]  [RTCControlSocket(default)] Sending heartbeat with last received sequence number: 7
[2026-08-16 18:41:42.858] [info]  [RTCControlSocket(default)] Heartbeat ACK received
[2026-08-16 18:41:56.299] [info]  [RTCControlSocket(default)] Sending heartbeat with last received sequence number: 7
[2026-08-16 18:41:56.336] [info]  [RTCControlSocket(default)] Heartbeat ACK received
[2026-08-16 18:42:10.049] [info]  [RTCControlSocket(default)] Sending heartbeat with last received sequence number: 7
[2026-08-16 18:42:10.083] [info]  [RTCControlSocket(default)] Heartbeat ACK received
[2026-08-16 18:42:23.799] [info]  [RTCControlSocket(default)] Sending heartbeat with last received sequence number: 7
[2026-08-16 18:42:23.854] [info]  [RTCControlSocket(default)] Heartbeat ACK received
[2026-08-16 18:42:37.549] [info]  [RTCControlSocket(default)] Sending heartbeat with last received sequence number: 7
[2026-08-16 18:42:37.577] [info]  [RTCControlSocket(default)] Heartbeat ACK received
[2026-08-16 18:42:51.299] [info]  [RTCControlSocket(default)] Sending heartbeat with last received sequence number: 7
[2026-08-16 18:42:51.332] [info]  [RTCControlSocket(default)] Heartbeat ACK received
[2026-08-16 18:43:05.049] [info]  [RTCControlSocket(default)] Sending heartbeat with last received sequence number: 7
[2026-08-16 18:43:05.125] [info]  [RTCControlSocket(default)] Heartbeat ACK received
[2026-08-16 18:43:18.799] [info]  [RTCControlSocket(default)] Sending heartbeat with last received sequence number: 7
[2026-08-16 18:43:18.840] [info]  [RTCControlSocket(default)] Heartbeat ACK received
[2026-08-16 18:43:32.549] [info]  [RTCControlSocket(default)] Sending heartbeat with last received sequence number: 7
[2026-08-16 18:43:32.596] [info]  [RTCControlSocket(default)] Heartbeat ACK received
[2026-08-16 18:43:46.299] [info]  [RTCControlSocket(default)] Sending heartbeat with last received sequence number: 7
[2026-08-16 18:43:46.331] [info]  [RTCControlSocket(default)] Heartbeat ACK received
[2026-08-16 18:44:00.049] [info]  [RTCControlSocket(default)] Sending heartbeat with last received sequence number: 7
[2026-08-16 18:44:00.142] [info]  [RTCControlSocket(default)] Heartbeat ACK received
[2026-08-16 18:44:13.799] [info]  [RTCControlSocket(default)] Sending heartbeat with last received sequence number: 7
[2026-08-16 18:44:13.843] [info]  [RTCControlSocket(default)] Heartbeat ACK received
[2026-08-16 18:44:27.549] [info]  [RTCControlSocket(default)] Sending heartbeat with last received sequence number: 7
[2026-08-16 18:44:27.587] [info]  [RTCControlSocket(default)] Heartbeat ACK received
[2026-08-16 18:44:41.299] [info]  [RTCControlSocket(default)] Sending heartbeat with last received sequence number: 7
[2026-08-16 18:44:41.357] [info]  [RTCControlSocket(default)] Heartbeat ACK received
[2026-08-16 18:44:55.049] [info]  [RTCControlSocket(default)] Sending heartbeat with last received sequence number: 7
[2026-08-16 18:44:55.081] [info]  [RTCControlSocket(default)] Heartbeat ACK received
[2026-08-16 18:45:08.799] [info]  [RTCControlSocket(default)] Sending heartbeat with last received sequence number: 7
[2026-08-16 18:45:08.826] [info]  [RTCControlSocket(default)] Heartbeat ACK received
[2026-08-16 18:45:22.549] [info]  [RTCControlSocket(default)] Sending heartbeat with last received sequence number: 7
[2026-08-16 18:45:22.581] [info]  [RTCControlSocket(default)] Heartbeat ACK received
[2026-08-16 18:45:36.299] [info]  [RTCControlSocket(default)] Sending heartbeat with last received sequence number: 7
[2026-08-16 18:45:36.347] [info]  [RTCControlSocket(default)] Heartbeat ACK received
[2026-08-16 18:45:50.049] [info]  [RTCControlSocket(default)] Sending heartbeat with last received sequence number: 7
[2026-08-16 18:45:50.082] [info]  [RTCControlSocket(default)] Heartbeat ACK received
[2026-08-16 18:46:03.799] [info]  [RTCControlSocket(default)] Sending heartbeat with last received sequence number: 7
[2026-08-16 18:46:03.827] [info]  [RTCControlSocket(default)] Heartbeat ACK received
[2026-08-16 18:46:17.549] [info]  [RTCControlSocket(default)] Sending heartbeat with last received sequence number: 7
[2026-08-16 18:46:17.581] [info]  [RTCControlSocket(default)] Heartbeat ACK received
[2026-08-16 18:46:31.299] [info]  [RTCControlSocket(default)] Sending heartbeat with last received sequence number: 7
[2026-08-16 18:46:31.346] [info]  [RTCControlSocket(default)] Heartbeat ACK received
[2026-08-16 18:46:45.049] [info]  [RTCControlSocket(default)] Sending heartbeat with last received sequence number: 7
[2026-08-16 18:46:45.086] [info]  [RTCControlSocket(default)] Heartbeat ACK received
[2026-08-16 18:46:58.799] [info]  [RTCControlSocket(default)] Sending heartbeat with last received sequence number: 7
[2026-08-16 18:46:58.827] [info]  [RTCControlSocket(default)] Heartbeat ACK received
[2026-08-16 18:47:12.549] [info]  [RTCControlSocket(default)] Sending heartbeat with last received sequence number: 7
[2026-08-16 18:47:12.591] [info]  [RTCControlSocket(default)] Heartbeat ACK received
[2026-08-16 18:47:26.299] [info]  [RTCControlSocket(default)] Sending heartbeat with last received sequence number: 7
[2026-08-16 18:47:26.351] [info]  [RTCControlSocket(default)] Heartbeat ACK received
[2026-08-16 18:47:40.049] [info]  [RTCControlSocket(default)] Sending heartbeat with last received sequence number: 7
[2026-08-16 18:47:40.106] [info]  [RTCControlSocket(default)] Heartbeat ACK received
[2026-08-16 18:47:53.799] [info]  [RTCControlSocket(default)] Sending heartbeat with last received sequence number: 7
[2026-08-16 18:47:53.849] [info]  [RTCControlSocket(default)] Heartbeat ACK received
[2026-08-16 18:48:07.549] [info]  [RTCControlSocket(default)] Sending heartbeat with last received sequence number: 7
[2026-08-16 18:48:07.586] [info]  [RTCControlSocket(default)] Heartbeat ACK received
[2026-08-16 18:48:21.299] [info]  [RTCControlSocket(default)] Sending heartbeat with last received sequence number: 7
[2026-08-16 18:48:21.335] [info]  [RTCControlSocket(default)] Heartbeat ACK received
[2026-08-16 18:48:35.049] [info]  [RTCControlSocket(default)] Sending heartbeat with last received sequence number: 7
[2026-08-16 18:48:35.084] [info]  [RTCControlSocket(default)] Heartbeat ACK received
[2026-08-16 18:48:48.799] [info]  [RTCControlSocket(default)] Sending heartbeat with last received sequence number: 7
[2026-08-16 18:48:48.842] [info]  [RTCControlSocket(default)] Heartbeat ACK received
[2026-08-16 18:49:02.549] [info]  [RTCControlSocket(default)] Sending heartbeat with last received sequence number: 7
[2026-08-16 18:49:02.591] [info]  [RTCControlSocket(default)] Heartbeat ACK received
[2026-08-16 18:49:16.299] [info]  [RTCControlSocket(default)] Sending heartbeat with last received sequence number: 7
[2026-08-16 18:49:16.361] [info]  [RTCControlSocket(default)] Heartbeat ACK received
[2026-08-16 18:49:30.049] [info]  [RTCControlSocket(default)] Sending heartbeat with last received sequence number: 7
[2026-08-16 18:49:30.097] [info]  [RTCControlSocket(default)] Heartbeat ACK received
[2026-08-16 18:49:43.799] [info]  [RTCControlSocket(default)] Sending heartbeat with last received sequence number: 7
[2026-08-16 18:49:43.832] [info]  [RTCControlSocket(default)] Heartbeat ACK received
[2026-08-16 18:49:57.549] [info]  [RTCControlSocket(default)] Sending heartbeat with last received sequence number: 7
[2026-08-16 18:49:57.592] [info]  [RTCControlSocket(default)] Heartbeat ACK received
[2026-08-16 18:50:11.299] [info]  [RTCControlSocket(default)] Sending heartbeat with last received sequence number: 7
[2026-08-16 18:50:11.366] [info]  [RTCControlSocket(default)] Heartbeat ACK received
[2026-08-16 18:50:25.049] [info]  [RTCControlSocket(default)] Sending heartbeat with last received sequence number: 7
[2026-08-16 18:50:25.084] [info]  [RTCControlSocket(default)] Heartbeat ACK received
[2026-08-16 18:50:38.799] [info]  [RTCControlSocket(default)] Sending heartbeat with last received sequence number: 7
[2026-08-16 18:50:38.848] [info]  [RTCControlSocket(default)] Heartbeat ACK received
[2026-08-16 18:50:52.549] [info]  [RTCControlSocket(default)] Sending heartbeat with last received sequence number: 7
[2026-08-16 18:50:52.589] [info]  [RTCControlSocket(default)] Heartbeat ACK received
[2026-08-16 18:51:06.299] [info]  [RTCControlSocket(default)] Sending heartbeat with last received sequence number: 7
[2026-08-16 18:51:06.343] [info]  [RTCControlSocket(default)] Heartbeat ACK received
[2026-08-16 18:51:20.049] [info]  [RTCControlSocket(default)] Sending heartbeat with last received sequence number: 7
[2026-08-16 18:51:20.091] [info]  [RTCControlSocket(default)] Heartbeat ACK received
[2026-08-16 18:51:24.980] [info]  [ConnectionEventFramerateReducer] BaseConnection.userSpeakingChange: Reduced framerate after 15000 ms.
[2026-08-16 18:51:33.799] [info]  [RTCControlSocket(default)] Sending heartbeat with last received sequence number: 7
[2026-08-16 18:51:33.829] [info]  [RTCControlSocket(default)] Heartbeat ACK received
[2026-08-16 18:51:47.549] [info]  [RTCControlSocket(default)] Sending heartbeat with last received sequence number: 7
[2026-08-16 18:51:47.599] [info]  [RTCControlSocket(default)] Heartbeat ACK received
[2026-08-16 18:52:01.299] [info]  [RTCControlSocket(default)] Sending heartbeat with last received sequence number: 7
[2026-08-16 18:52:01.343] [info]  [RTCControlSocket(default)] Heartbeat ACK received
[2026-08-16 18:52:15.049] [info]  [RTCControlSocket(default)] Sending heartbeat with last received sequence number: 7
[2026-08-16 18:52:15.084] [info]  [RTCControlSocket(default)] Heartbeat ACK received
[2026-08-16 18:52:28.799] [info]  [RTCControlSocket(default)] Sending heartbeat with last received sequence number: 7
[2026-08-16 18:52:28.844] [info]  [RTCControlSocket(default)] Heartbeat ACK received
[2026-08-16 18:52:42.549] [info]  [RTCControlSocket(default)] Sending heartbeat with last received sequence number: 7
[2026-08-16 18:52:42.594] [info]  [RTCControlSocket(default)] Heartbeat ACK received
[2026-08-16 18:52:56.299] [info]  [RTCControlSocket(default)] Sending heartbeat with last received sequence number: 7
[2026-08-16 18:52:56.339] [info]  [RTCControlSocket(default)] Heartbeat ACK received
[2026-08-16 18:53:10.053] [info]  [RTCControlSocket(default)] Sending heartbeat with last received sequence number: 7
[2026-08-16 18:53:10.110] [info]  [RTCControlSocket(default)] Heartbeat ACK received
[2026-08-16 18:53:23.799] [info]  [RTCControlSocket(default)] Sending heartbeat with last received sequence number: 7
[2026-08-16 18:53:23.840] [info]  [RTCControlSocket(default)] Heartbeat ACK received
[2026-08-16 18:53:37.549] [info]  [RTCControlSocket(default)] Sending heartbeat with last received sequence number: 7
[2026-08-16 18:53:37.598] [info]  [RTCControlSocket(default)] Heartbeat ACK received
[2026-08-16 18:53:51.299] [info]  [RTCControlSocket(default)] Sending heartbeat with last received sequence number: 7
[2026-08-16 18:53:51.326] [info]  [RTCControlSocket(default)] Heartbeat ACK received
[2026-08-16 18:54:05.049] [info]  [RTCControlSocket(default)] Sending heartbeat with last received sequence number: 7
[2026-08-16 18:54:05.209] [info]  [RTCControlSocket(default)] Heartbeat ACK received
[2026-08-16 18:54:18.799] [info]  [RTCControlSocket(default)] Sending heartbeat with last received sequence number: 7
[2026-08-16 18:54:18.826] [info]  [RTCControlSocket(default)] Heartbeat ACK received
[2026-08-16 18:54:32.549] [info]  [RTCControlSocket(default)] Sending heartbeat with last received sequence number: 7
[2026-08-16 18:54:32.592] [info]  [RTCControlSocket(default)] Heartbeat ACK received
[2026-08-16 18:54:46.299] [info]  [RTCControlSocket(default)] Sending heartbeat with last received sequence number: 7
[2026-08-16 18:54:46.359] [info]  [RTCControlSocket(default)] Heartbeat ACK received
[2026-08-16 18:55:00.049] [info]  [RTCControlSocket(default)] Sending heartbeat with last received sequence number: 7
[2026-08-16 18:55:00.107] [info]  [RTCControlSocket(default)] Heartbeat ACK received
[2026-08-16 18:55:13.799] [info]  [RTCControlSocket(default)] Sending heartbeat with last received sequence number: 7
[2026-08-16 18:55:13.831] [info]  [RTCControlSocket(default)] Heartbeat ACK received
[2026-08-16 18:55:27.549] [info]  [RTCControlSocket(default)] Sending heartbeat with last received sequence number: 7
[2026-08-16 18:55:27.595] [info]  [RTCControlSocket(default)] Heartbeat ACK received
[2026-08-16 18:55:41.299] [info]  [RTCControlSocket(default)] Sending heartbeat with last received sequence number: 7
[2026-08-16 18:55:41.345] [info]  [RTCControlSocket(default)] Heartbeat ACK received
[2026-08-16 18:55:55.049] [info]  [RTCControlSocket(default)] Sending heartbeat with last received sequence number: 7
[2026-08-16 18:55:55.086] [info]  [RTCControlSocket(default)] Heartbeat ACK received
[2026-08-16 18:56:08.799] [info]  [RTCControlSocket(default)] Sending heartbeat with last received sequence number: 7
[2026-08-16 18:56:08.850] [info]  [RTCControlSocket(default)] Heartbeat ACK received
[2026-08-16 18:56:22.549] [info]  [RTCControlSocket(default)] Sending heartbeat with last received sequence number: 7
[2026-08-16 18:56:22.603] [info]  [RTCControlSocket(default)] Heartbeat ACK received
[2026-08-16 18:56:30.490] [info]  [RPCServer:IPC] Socket Message: 4 [object Object]
[2026-08-16 18:56:30.492] [info]  [RPCServer:IPC] Socket Emit: 4 [object Object]
[2026-08-16 18:56:31.489] [info]  [RPCServer:IPC] Socket Message: 4 [object Object]
[2026-08-16 18:56:31.491] [info]  [RPCServer:IPC] Socket Emit: 4 [object Object]
[2026-08-16 18:56:36.299] [info]  [RTCControlSocket(default)] Sending heartbeat with last received sequence number: 7
[2026-08-16 18:56:36.331] [info]  [RTCControlSocket(default)] Heartbeat ACK received
[2026-08-16 18:56:36.990] [info]  [RPCServer:IPC] Socket Message: 4 [object Object]
[2026-08-16 18:56:36.991] [info]  [RPCServer:IPC] Socket Emit: 4 [object Object]
[2026-08-16 18:56:49.490] [info]  [RPCServer:IPC] Socket Message: 4 [object Object]
[2026-08-16 18:56:49.491] [info]  [RPCServer:IPC] Socket Emit: 4 [object Object]
[2026-08-16 18:56:49.990] [info]  [RPCServer:IPC] Socket Message: 4 [object Object]
[2026-08-16 18:56:49.991] [info]  [RPCServer:IPC] Socket Emit: 4 [object Object]
[2026-08-16 18:56:50.049] [info]  [RTCControlSocket(default)] Sending heartbeat with last received sequence number: 7
[2026-08-16 18:56:50.081] [info]  [RTCControlSocket(default)] Heartbeat ACK received
[2026-08-16 18:56:51.490] [info]  [RPCServer:IPC] Socket Message: 4 [object Object]
[2026-08-16 18:56:51.492] [info]  [RPCServer:IPC] Socket Emit: 4 [object Object]
[2026-08-16 18:57:03.799] [info]  [RTCControlSocket(default)] Sending heartbeat with last received sequence number: 7
[2026-08-16 18:57:03.843] [info]  [RTCControlSocket(default)] Heartbeat ACK received
[2026-08-16 18:57:11.991] [info]  [RPCServer:IPC] Socket Message: 4 [object Object]
[2026-08-16 18:57:11.993] [info]  [RPCServer:IPC] Socket Emit: 4 [object Object]
[2026-08-16 18:57:13.492] [info]  [RPCServer:IPC] Socket Message: 4 [object Object]
[2026-08-16 18:57:13.493] [info]  [RPCServer:IPC] Socket Emit: 4 [object Object]
[2026-08-16 18:57:17.549] [info]  [RTCControlSocket(default)] Sending heartbeat with last received sequence number: 7
[2026-08-16 18:57:17.641] [info]  [RTCControlSocket(default)] Heartbeat ACK received
[2026-08-16 18:57:31.299] [info]  [RTCControlSocket(default)] Sending heartbeat with last received sequence number: 7
[2026-08-16 18:57:31.344] [info]  [RTCControlSocket(default)] Heartbeat ACK received
[2026-08-16 18:57:45.049] [info]  [RTCControlSocket(default)] Sending heartbeat with last received sequence number: 7
[2026-08-16 18:57:45.088] [info]  [RTCControlSocket(default)] Heartbeat ACK received
[2026-08-16 18:57:58.799] [info]  [RTCControlSocket(default)] Sending heartbeat with last received sequence number: 7
[2026-08-16 18:57:58.826] [info]  [RTCControlSocket(default)] Heartbeat ACK received
[2026-08-16 18:58:12.549] [info]  [RTCControlSocket(default)] Sending heartbeat with last received sequence number: 7
[2026-08-16 18:58:12.591] [info]  [RTCControlSocket(default)] Heartbeat ACK received
[2026-08-16 18:58:26.299] [info]  [RTCControlSocket(default)] Sending heartbeat with last received sequence number: 7
[2026-08-16 18:58:26.356] [info]  [RTCControlSocket(default)] Heartbeat ACK received
[2026-08-16 18:58:40.049] [info]  [RTCControlSocket(default)] Sending heartbeat with last received sequence number: 7
[2026-08-16 18:58:40.091] [info]  [RTCControlSocket(default)] Heartbeat ACK received
[2026-08-16 18:58:53.799] [info]  [RTCControlSocket(default)] Sending heartbeat with last received sequence number: 7
[2026-08-16 18:58:53.841] [info]  [RTCControlSocket(default)] Heartbeat ACK received
[2026-08-16 18:59:07.549] [info]  [RTCControlSocket(default)] Sending heartbeat with last received sequence number: 7
[2026-08-16 18:59:07.586] [info]  [RTCControlSocket(default)] Heartbeat ACK received
[2026-08-16 18:59:21.299] [info]  [RTCControlSocket(default)] Sending heartbeat with last received sequence number: 7
[2026-08-16 18:59:21.332] [info]  [RTCControlSocket(default)] Heartbeat ACK received
[2026-08-16 18:59:35.049] [info]  [RTCControlSocket(default)] Sending heartbeat with last received sequence number: 7
[2026-08-16 18:59:35.083] [info]  [RTCControlSocket(default)] Heartbeat ACK received
[2026-08-16 18:59:48.799] [info]  [RTCControlSocket(default)] Sending heartbeat with last received sequence number: 7
[2026-08-16 18:59:48.832] [info]  [RTCControlSocket(default)] Heartbeat ACK received
[2026-08-16 19:00:02.549] [info]  [RTCControlSocket(default)] Sending heartbeat with last received sequence number: 7
[2026-08-16 19:00:02.598] [info]  [RTCControlSocket(default)] Heartbeat ACK received
[2026-08-16 19:00:16.299] [info]  [RTCControlSocket(default)] Sending heartbeat with last received sequence number: 7
[2026-08-16 19:00:16.357] [info]  [RTCControlSocket(default)] Heartbeat ACK received
[2026-08-16 19:00:30.049] [info]  [RTCControlSocket(default)] Sending heartbeat with last received sequence number: 7
[2026-08-16 19:00:30.076] [info]  [RTCControlSocket(default)] Heartbeat ACK received
[2026-08-16 19:00:43.799] [info]  [RTCControlSocket(default)] Sending heartbeat with last received sequence number: 7
[2026-08-16 19:00:43.841] [info]  [RTCControlSocket(default)] Heartbeat ACK received
[2026-08-16 19:00:57.549] [info]  [RTCControlSocket(default)] Sending heartbeat with last received sequence number: 7
[2026-08-16 19:00:57.582] [info]  [RTCControlSocket(default)] Heartbeat ACK received
[2026-08-16 19:01:11.299] [info]  [RTCControlSocket(default)] Sending heartbeat with last received sequence number: 7
[2026-08-16 19:01:11.325] [info]  [RTCControlSocket(default)] Heartbeat ACK received
[2026-08-16 19:01:25.049] [info]  [RTCControlSocket(default)] Sending heartbeat with last received sequence number: 7
[2026-08-16 19:01:25.087] [info]  [RTCControlSocket(default)] Heartbeat ACK received
[2026-08-16 19:01:38.800] [info]  [RTCControlSocket(default)] Sending heartbeat with last received sequence number: 7
[2026-08-16 19:01:38.851] [info]  [RTCControlSocket(default)] Heartbeat ACK received
[2026-08-16 19:01:52.549] [info]  [RTCControlSocket(default)] Sending heartbeat with last received sequence number: 7
[2026-08-16 19:01:52.572] [info]  [RTCControlSocket(default)] Heartbeat ACK received
[2026-08-16 19:02:06.299] [info]  [RTCControlSocket(default)] Sending heartbeat with last received sequence number: 7
[2026-08-16 19:02:06.336] [info]  [RTCControlSocket(default)] Heartbeat ACK received
[2026-08-16 19:02:20.049] [info]  [RTCControlSocket(default)] Sending heartbeat with last received sequence number: 7
[2026-08-16 19:02:20.102] [info]  [RTCControlSocket(default)] Heartbeat ACK received
[2026-08-16 19:02:33.799] [info]  [RTCControlSocket(default)] Sending heartbeat with last received sequence number: 7
[2026-08-16 19:02:33.832] [info]  [RTCControlSocket(default)] Heartbeat ACK received
[2026-08-16 19:02:47.551] [info]  [RTCControlSocket(default)] Sending heartbeat with last received sequence number: 7
[2026-08-16 19:02:47.597] [info]  [RTCControlSocket(default)] Heartbeat ACK received
[2026-08-16 19:03:01.299] [info]  [RTCControlSocket(default)] Sending heartbeat with last received sequence number: 7
[2026-08-16 19:03:01.349] [info]  [RTCControlSocket(default)] Heartbeat ACK received
[2026-08-16 19:03:15.049] [info]  [RTCControlSocket(default)] Sending heartbeat with last received sequence number: 7
[2026-08-16 19:03:15.074] [info]  [RTCControlSocket(default)] Heartbeat ACK received
[2026-08-16 19:03:28.799] [info]  [RTCControlSocket(default)] Sending heartbeat with last received sequence number: 7
[2026-08-16 19:03:28.854] [info]  [RTCControlSocket(default)] Heartbeat ACK received
[2026-08-16 19:03:42.549] [info]  [RTCControlSocket(default)] Sending heartbeat with last received sequence number: 7
[2026-08-16 19:03:42.608] [info]  [RTCControlSocket(default)] Heartbeat ACK received
[2026-08-16 19:03:56.299] [info]  [RTCControlSocket(default)] Sending heartbeat with last received sequence number: 7
[2026-08-16 19:03:56.341] [info]  [RTCControlSocket(default)] Heartbeat ACK received
[2026-08-16 19:04:10.049] [info]  [RTCControlSocket(default)] Sending heartbeat with last received sequence number: 7
[2026-08-16 19:04:10.091] [info]  [RTCControlSocket(default)] Heartbeat ACK received
[2026-08-16 19:04:23.799] [info]  [RTCControlSocket(default)] Sending heartbeat with last received sequence number: 7
[2026-08-16 19:04:23.855] [info]  [RTCControlSocket(default)] Heartbeat ACK received
[2026-08-16 19:04:37.549] [info]  [RTCControlSocket(default)] Sending heartbeat with last received sequence number: 7
[2026-08-16 19:04:37.586] [info]  [RTCControlSocket(default)] Heartbeat ACK received
[2026-08-16 19:04:51.299] [info]  [RTCControlSocket(default)] Sending heartbeat with last received sequence number: 7
[2026-08-16 19:04:51.337] [info]  [RTCControlSocket(default)] Heartbeat ACK received
[2026-08-16 19:05:05.049] [info]  [RTCControlSocket(default)] Sending heartbeat with last received sequence number: 7
[2026-08-16 19:05:05.096] [info]  [RTCControlSocket(default)] Heartbeat ACK received
[2026-08-16 19:05:18.799] [info]  [RTCControlSocket(default)] Sending heartbeat with last received sequence number: 7
[2026-08-16 19:05:18.838] [info]  [RTCControlSocket(default)] Heartbeat ACK received
[2026-08-16 19:05:32.549] [info]  [RTCControlSocket(default)] Sending heartbeat with last received sequence number: 7
[2026-08-16 19:05:32.592] [info]  [RTCControlSocket(default)] Heartbeat ACK received
[2026-08-16 19:05:46.299] [info]  [RTCControlSocket(default)] Sending heartbeat with last received sequence number: 7
[2026-08-16 19:05:46.348] [info]  [RTCControlSocket(default)] Heartbeat ACK received
[2026-08-16 19:06:00.049] [info]  [RTCControlSocket(default)] Sending heartbeat with last received sequence number: 7
[2026-08-16 19:06:00.095] [info]  [RTCControlSocket(default)] Heartbeat ACK received
[2026-08-16 19:06:13.799] [info]  [RTCControlSocket(default)] Sending heartbeat with last received sequence number: 7
[2026-08-16 19:06:13.837] [info]  [RTCControlSocket(default)] Heartbeat ACK received
[2026-08-16 19:06:27.549] [info]  [RTCControlSocket(default)] Sending heartbeat with last received sequence number: 7
[2026-08-16 19:06:27.618] [info]  [RTCControlSocket(default)] Heartbeat ACK received
[2026-08-16 19:06:41.299] [info]  [RTCControlSocket(default)] Sending heartbeat with last received sequence number: 7
[2026-08-16 19:06:41.337] [info]  [RTCControlSocket(default)] Heartbeat ACK received
[2026-08-16 19:06:55.049] [info]  [RTCControlSocket(default)] Sending heartbeat with last received sequence number: 7
[2026-08-16 19:06:55.077] [info]  [RTCControlSocket(default)] Heartbeat ACK received
[2026-08-16 19:07:08.799] [info]  [RTCControlSocket(default)] Sending heartbeat with last received sequence number: 7
[2026-08-16 19:07:08.838] [info]  [RTCControlSocket(default)] Heartbeat ACK received
[2026-08-16 19:07:22.549] [info]  [RTCControlSocket(default)] Sending heartbeat with last received sequence number: 7
[2026-08-16 19:07:22.606] [info]  [RTCControlSocket(default)] Heartbeat ACK received
[2026-08-16 19:07:36.299] [info]  [RTCControlSocket(default)] Sending heartbeat with last received sequence number: 7
[2026-08-16 19:07:36.344] [info]  [RTCControlSocket(default)] Heartbeat ACK received
[2026-08-16 19:07:50.049] [info]  [RTCControlSocket(default)] Sending heartbeat with last received sequence number: 7
[2026-08-16 19:07:50.086] [info]  [RTCControlSocket(default)] Heartbeat ACK received
[2026-08-16 19:08:03.799] [info]  [RTCControlSocket(default)] Sending heartbeat with last received sequence number: 7
[2026-08-16 19:08:03.828] [info]  [RTCControlSocket(default)] Heartbeat ACK received
[2026-08-16 19:08:17.549] [info]  [RTCControlSocket(default)] Sending heartbeat with last received sequence number: 7
[2026-08-16 19:08:17.591] [info]  [RTCControlSocket(default)] Heartbeat ACK received
[2026-08-16 19:08:31.299] [info]  [RTCControlSocket(default)] Sending heartbeat with last received sequence number: 7
[2026-08-16 19:08:31.337] [info]  [RTCControlSocket(default)] Heartbeat ACK received
[2026-08-16 19:08:45.049] [info]  [RTCControlSocket(default)] Sending heartbeat with last received sequence number: 7
[2026-08-16 19:08:45.086] [info]  [RTCControlSocket(default)] Heartbeat ACK received
[2026-08-16 19:08:58.799] [info]  [RTCControlSocket(default)] Sending heartbeat with last received sequence number: 7
[2026-08-16 19:08:58.836] [info]  [RTCControlSocket(default)] Heartbeat ACK received
[2026-08-16 19:09:12.549] [info]  [RTCControlSocket(default)] Sending heartbeat with last received sequence number: 7
[2026-08-16 19:09:12.579] [info]  [RTCControlSocket(default)] Heartbeat ACK received
[2026-08-16 19:09:26.299] [info]  [RTCControlSocket(default)] Sending heartbeat with last received sequence number: 7
[2026-08-16 19:09:26.343] [info]  [RTCControlSocket(default)] Heartbeat ACK received
[2026-08-16 19:09:40.049] [info]  [RTCControlSocket(default)] Sending heartbeat with last received sequence number: 7
[2026-08-16 19:09:40.082] [info]  [RTCControlSocket(default)] Heartbeat ACK received
[2026-08-16 19:09:53.799] [info]  [RTCControlSocket(default)] Sending heartbeat with last received sequence number: 7
[2026-08-16 19:09:53.831] [info]  [RTCControlSocket(default)] Heartbeat ACK received
[2026-08-16 19:10:07.549] [info]  [RTCControlSocket(default)] Sending heartbeat with last received sequence number: 7
[2026-08-16 19:10:07.589] [info]  [RTCControlSocket(default)] Heartbeat ACK received
[2026-08-16 19:10:21.299] [info]  [RTCControlSocket(default)] Sending heartbeat with last received sequence number: 7
[2026-08-16 19:10:21.332] [info]  [RTCControlSocket(default)] Heartbeat ACK received
[2026-08-16 19:10:35.049] [info]  [RTCControlSocket(default)] Sending heartbeat with last received sequence number: 7
[2026-08-16 19:10:35.106] [info]  [RTCControlSocket(default)] Heartbeat ACK received
[2026-08-16 19:10:48.799] [info]  [RTCControlSocket(default)] Sending heartbeat with last received sequence number: 7
[2026-08-16 19:10:48.830] [info]  [RTCControlSocket(default)] Heartbeat ACK received
[2026-08-16 19:11:02.549] [info]  [RTCControlSocket(default)] Sending heartbeat with last received sequence number: 7
[2026-08-16 19:11:02.580] [info]  [RTCControlSocket(default)] Heartbeat ACK received
[2026-08-16 19:11:16.299] [info]  [RTCControlSocket(default)] Sending heartbeat with last received sequence number: 7
[2026-08-16 19:11:16.336] [info]  [RTCControlSocket(default)] Heartbeat ACK received
[2026-08-16 19:11:30.049] [info]  [RTCControlSocket(default)] Sending heartbeat with last received sequence number: 7
[2026-08-16 19:11:30.088] [info]  [RTCControlSocket(default)] Heartbeat ACK received
[2026-08-16 19:11:43.799] [info]  [RTCControlSocket(default)] Sending heartbeat with last received sequence number: 7
[2026-08-16 19:11:43.837] [info]  [RTCControlSocket(default)] Heartbeat ACK received
[2026-08-16 19:11:57.549] [info]  [RTCControlSocket(default)] Sending heartbeat with last received sequence number: 7
[2026-08-16 19:11:57.577] [info]  [RTCControlSocket(default)] Heartbeat ACK received
[2026-08-16 19:12:11.299] [info]  [RTCControlSocket(default)] Sending heartbeat with last received sequence number: 7
[2026-08-16 19:12:11.336] [info]  [RTCControlSocket(default)] Heartbeat ACK received
[2026-08-16 19:12:25.049] [info]  [RTCControlSocket(default)] Sending heartbeat with last received sequence number: 7
[2026-08-16 19:12:25.098] [info]  [RTCControlSocket(default)] Heartbeat ACK received
[2026-08-16 19:12:38.799] [info]  [RTCControlSocket(default)] Sending heartbeat with last received sequence number: 7
[2026-08-16 19:12:38.981] [info]  [RTCControlSocket(default)] Heartbeat ACK received
[2026-08-16 19:12:52.549] [info]  [RTCControlSocket(default)] Sending heartbeat with last received sequence number: 7
[2026-08-16 19:12:52.595] [info]  [RTCControlSocket(default)] Heartbeat ACK received
[2026-08-16 19:13:06.299] [info]  [RTCControlSocket(default)] Sending heartbeat with last received sequence number: 7
[2026-08-16 19:13:06.336] [info]  [RTCControlSocket(default)] Heartbeat ACK received
[2026-08-16 19:13:20.049] [info]  [RTCControlSocket(default)] Sending heartbeat with last received sequence number: 7
[2026-08-16 19:13:20.078] [info]  [RTCControlSocket(default)] Heartbeat ACK received
[2026-08-16 19:13:33.799] [info]  [RTCControlSocket(default)] Sending heartbeat with last received sequence number: 7
[2026-08-16 19:13:33.830] [info]  [RTCControlSocket(default)] Heartbeat ACK received
[2026-08-16 19:13:47.549] [info]  [RTCControlSocket(default)] Sending heartbeat with last received sequence number: 7
[2026-08-16 19:13:47.594] [info]  [RTCControlSocket(default)] Heartbeat ACK received
[2026-08-16 19:14:01.299] [info]  [RTCControlSocket(default)] Sending heartbeat with last received sequence number: 7
[2026-08-16 19:14:01.330] [info]  [RTCControlSocket(default)] Heartbeat ACK received
[2026-08-16 19:14:15.049] [info]  [RTCControlSocket(default)] Sending heartbeat with last received sequence number: 7
[2026-08-16 19:14:15.090] [info]  [RTCControlSocket(default)] Heartbeat ACK received
[2026-08-16 19:14:28.799] [info]  [RTCControlSocket(default)] Sending heartbeat with last received sequence number: 7
[2026-08-16 19:14:28.854] [info]  [RTCControlSocket(default)] Heartbeat ACK received
[2026-08-16 19:14:42.549] [info]  [RTCControlSocket(default)] Sending heartbeat with last received sequence number: 7
[2026-08-16 19:14:42.591] [info]  [RTCControlSocket(default)] Heartbeat ACK received
[2026-08-16 19:14:56.299] [info]  [RTCControlSocket(default)] Sending heartbeat with last received sequence number: 7
[2026-08-16 19:14:56.355] [info]  [RTCControlSocket(default)] Heartbeat ACK received
[2026-08-16 19:15:10.049] [info]  [RTCControlSocket(default)] Sending heartbeat with last received sequence number: 7
[2026-08-16 19:15:10.091] [info]  [RTCControlSocket(default)] Heartbeat ACK received
[2026-08-16 19:15:23.799] [info]  [RTCControlSocket(default)] Sending heartbeat with last received sequence number: 7
[2026-08-16 19:15:23.839] [info]  [RTCControlSocket(default)] Heartbeat ACK received
[2026-08-16 19:15:37.549] [info]  [RTCControlSocket(default)] Sending heartbeat with last received sequence number: 7
[2026-08-16 19:15:37.588] [info]  [RTCControlSocket(default)] Heartbeat ACK received
[2026-08-16 19:15:51.299] [info]  [RTCControlSocket(default)] Sending heartbeat with last received sequence number: 7
[2026-08-16 19:15:51.338] [info]  [RTCControlSocket(default)] Heartbeat ACK received
[2026-08-16 19:16:05.049] [info]  [RTCControlSocket(default)] Sending heartbeat with last received sequence number: 7
[2026-08-16 19:16:05.094] [info]  [RTCControlSocket(default)] Heartbeat ACK received
[2026-08-16 19:16:18.799] [info]  [RTCControlSocket(default)] Sending heartbeat with last received sequence number: 7
[2026-08-16 19:16:18.836] [info]  [RTCControlSocket(default)] Heartbeat ACK received
[2026-08-16 19:16:32.549] [info]  [RTCControlSocket(default)] Sending heartbeat with last received sequence number: 7
[2026-08-16 19:16:32.588] [info]  [RTCControlSocket(default)] Heartbeat ACK received
[2026-08-16 19:16:46.299] [info]  [RTCControlSocket(default)] Sending heartbeat with last received sequence number: 7
[2026-08-16 19:16:46.336] [info]  [RTCControlSocket(default)] Heartbeat ACK received
[2026-08-16 19:17:00.049] [info]  [RTCControlSocket(default)] Sending heartbeat with last received sequence number: 7
[2026-08-16 19:17:00.090] [info]  [RTCControlSocket(default)] Heartbeat ACK received
[2026-08-16 19:17:13.799] [info]  [RTCControlSocket(default)] Sending heartbeat with last received sequence number: 7
[2026-08-16 19:17:13.844] [info]  [RTCControlSocket(default)] Heartbeat ACK received
[2026-08-16 19:17:27.549] [info]  [RTCControlSocket(default)] Sending heartbeat with last received sequence number: 7
[2026-08-16 19:17:27.593] [info]  [RTCControlSocket(default)] Heartbeat ACK received
[2026-08-16 19:17:41.299] [info]  [RTCControlSocket(default)] Sending heartbeat with last received sequence number: 7
[2026-08-16 19:17:41.333] [info]  [RTCControlSocket(default)] Heartbeat ACK received
[2026-08-16 19:17:55.055] [info]  [RTCControlSocket(default)] Sending heartbeat with last received sequence number: 7
[2026-08-16 19:17:55.094] [info]  [RTCControlSocket(default)] Heartbeat ACK received
[2026-08-16 19:18:08.799] [info]  [RTCControlSocket(default)] Sending heartbeat with last received sequence number: 7
[2026-08-16 19:18:08.838] [info]  [RTCControlSocket(default)] Heartbeat ACK received
[2026-08-16 19:18:22.549] [info]  [RTCControlSocket(default)] Sending heartbeat with last received sequence number: 7
[2026-08-16 19:18:22.600] [info]  [RTCControlSocket(default)] Heartbeat ACK received
[2026-08-16 19:18:36.299] [info]  [RTCControlSocket(default)] Sending heartbeat with last received sequence number: 7
[2026-08-16 19:18:36.344] [info]  [RTCControlSocket(default)] Heartbeat ACK received
[2026-08-16 19:18:50.049] [info]  [RTCControlSocket(default)] Sending heartbeat with last received sequence number: 7
[2026-08-16 19:18:50.107] [info]  [RTCControlSocket(default)] Heartbeat ACK received
[2026-08-16 19:19:03.799] [info]  [RTCControlSocket(default)] Sending heartbeat with last received sequence number: 7
[2026-08-16 19:19:03.870] [info]  [RTCControlSocket(default)] Heartbeat ACK received
[2026-08-16 19:19:17.549] [info]  [RTCControlSocket(default)] Sending heartbeat with last received sequence number: 7
[2026-08-16 19:19:17.586] [info]  [RTCControlSocket(default)] Heartbeat ACK received
[2026-08-16 19:19:31.299] [info]  [RTCControlSocket(default)] Sending heartbeat with last received sequence number: 7
[2026-08-16 19:19:31.340] [info]  [RTCControlSocket(default)] Heartbeat ACK received
[2026-08-16 19:19:45.049] [info]  [RTCControlSocket(default)] Sending heartbeat with last received sequence number: 7
[2026-08-16 19:19:45.097] [info]  [RTCControlSocket(default)] Heartbeat ACK received
[2026-08-16 19:19:58.799] [info]  [RTCControlSocket(default)] Sending heartbeat with last received sequence number: 7
[2026-08-16 19:19:58.883] [info]  [RTCControlSocket(default)] Heartbeat ACK received
[2026-08-16 19:20:12.549] [info]  [RTCControlSocket(default)] Sending heartbeat with last received sequence number: 7
[2026-08-16 19:20:12.594] [info]  [RTCControlSocket(default)] Heartbeat ACK received
[2026-08-16 19:20:26.299] [info]  [RTCControlSocket(default)] Sending heartbeat with last received sequence number: 7
[2026-08-16 19:20:26.342] [info]  [RTCControlSocket(default)] Heartbeat ACK received
[2026-08-16 19:20:40.051] [info]  [RTCControlSocket(default)] Sending heartbeat with last received sequence number: 7
[2026-08-16 19:20:40.087] [info]  [RTCControlSocket(default)] Heartbeat ACK received
[2026-08-16 19:20:53.799] [info]  [RTCControlSocket(default)] Sending heartbeat with last received sequence number: 7
[2026-08-16 19:20:53.836] [info]  [RTCControlSocket(default)] Heartbeat ACK received
[2026-08-16 19:21:07.549] [info]  [RTCControlSocket(default)] Sending heartbeat with last received sequence number: 7
[2026-08-16 19:21:07.593] [info]  [RTCControlSocket(default)] Heartbeat ACK received
[2026-08-16 19:21:21.299] [info]  [RTCControlSocket(default)] Sending heartbeat with last received sequence number: 7
[2026-08-16 19:21:21.334] [info]  [RTCControlSocket(default)] Heartbeat ACK received
[2026-08-16 19:21:35.049] [info]  [RTCControlSocket(default)] Sending heartbeat with last received sequence number: 7
[2026-08-16 19:21:35.079] [info]  [RTCControlSocket(default)] Heartbeat ACK received
[2026-08-16 19:21:48.799] [info]  [RTCControlSocket(default)] Sending heartbeat with last received sequence number: 7
[2026-08-16 19:21:48.841] [info]  [RTCControlSocket(default)] Heartbeat ACK received
[2026-08-16 19:22:02.549] [info]  [RTCControlSocket(default)] Sending heartbeat with last received sequence number: 7
[2026-08-16 19:22:02.604] [info]  [RTCControlSocket(default)] Heartbeat ACK received
[2026-08-16 19:22:16.299] [info]  [RTCControlSocket(default)] Sending heartbeat with last received sequence number: 7
[2026-08-16 19:22:16.342] [info]  [RTCControlSocket(default)] Heartbeat ACK received
[2026-08-16 19:22:30.049] [info]  [RTCControlSocket(default)] Sending heartbeat with last received sequence number: 7
[2026-08-16 19:22:30.088] [info]  [RTCControlSocket(default)] Heartbeat ACK received
[2026-08-16 19:22:43.799] [info]  [RTCControlSocket(default)] Sending heartbeat with last received sequence number: 7
[2026-08-16 19:22:43.845] [info]  [RTCControlSocket(default)] Heartbeat ACK received
[2026-08-16 19:22:57.549] [info]  [RTCControlSocket(default)] Sending heartbeat with last received sequence number: 7
[2026-08-16 19:22:57.594] [info]  [RTCControlSocket(default)] Heartbeat ACK received
[2026-08-16 19:23:11.299] [info]  [RTCControlSocket(default)] Sending heartbeat with last received sequence number: 7
[2026-08-16 19:23:11.336] [info]  [RTCControlSocket(default)] Heartbeat ACK received
[2026-08-16 19:23:25.049] [info]  [RTCControlSocket(default)] Sending heartbeat with last received sequence number: 7
[2026-08-16 19:23:25.085] [info]  [RTCControlSocket(default)] Heartbeat ACK received
[2026-08-16 19:23:38.799] [info]  [RTCControlSocket(default)] Sending heartbeat with last received sequence number: 7
[2026-08-16 19:23:38.836] [info]  [RTCControlSocket(default)] Heartbeat ACK received
[2026-08-16 19:23:52.549] [info]  [RTCControlSocket(default)] Sending heartbeat with last received sequence number: 7
[2026-08-16 19:23:52.591] [info]  [RTCControlSocket(default)] Heartbeat ACK received
[2026-08-16 19:24:06.299] [info]  [RTCControlSocket(default)] Sending heartbeat with last received sequence number: 7
[2026-08-16 19:24:06.336] [info]  [RTCControlSocket(default)] Heartbeat ACK received
[2026-08-16 19:24:20.049] [info]  [RTCControlSocket(default)] Sending heartbeat with last received sequence number: 7
[2026-08-16 19:24:20.095] [info]  [RTCControlSocket(default)] Heartbeat ACK received
[2026-08-16 19:24:33.799] [info]  [RTCControlSocket(default)] Sending heartbeat with last received sequence number: 7
[2026-08-16 19:24:33.847] [info]  [RTCControlSocket(default)] Heartbeat ACK received
[2026-08-16 19:24:47.549] [info]  [RTCControlSocket(default)] Sending heartbeat with last received sequence number: 7
[2026-08-16 19:24:47.588] [info]  [RTCControlSocket(default)] Heartbeat ACK received
[2026-08-16 19:25:01.299] [info]  [RTCControlSocket(default)] Sending heartbeat with last received sequence number: 7
[2026-08-16 19:25:01.353] [info]  [RTCControlSocket(default)] Heartbeat ACK received
[2026-08-16 19:25:15.049] [info]  [RTCControlSocket(default)] Sending heartbeat with last received sequence number: 7
[2026-08-16 19:25:15.091] [info]  [RTCControlSocket(default)] Heartbeat ACK received
[2026-08-16 19:25:28.799] [info]  [RTCControlSocket(default)] Sending heartbeat with last received sequence number: 7
[2026-08-16 19:25:28.849] [info]  [RTCControlSocket(default)] Heartbeat ACK received
[2026-08-16 19:25:42.549] [info]  [RTCControlSocket(default)] Sending heartbeat with last received sequence number: 7
[2026-08-16 19:25:42.586] [info]  [RTCControlSocket(default)] Heartbeat ACK received
[2026-08-16 19:25:56.299] [info]  [RTCControlSocket(default)] Sending heartbeat with last received sequence number: 7
[2026-08-16 19:25:56.343] [info]  [RTCControlSocket(default)] Heartbeat ACK received
[2026-08-16 19:26:10.049] [info]  [RTCControlSocket(default)] Sending heartbeat with last received sequence number: 7
[2026-08-16 19:26:10.077] [info]  [RTCControlSocket(default)] Heartbeat ACK received
[2026-08-16 19:26:23.799] [info]  [RTCControlSocket(default)] Sending heartbeat with last received sequence number: 7
[2026-08-16 19:26:23.821] [info]  [RTCControlSocket(default)] Heartbeat ACK received
[2026-08-16 19:26:37.549] [info]  [RTCControlSocket(default)] Sending heartbeat with last received sequence number: 7
[2026-08-16 19:26:37.586] [info]  [RTCControlSocket(default)] Heartbeat ACK received
[2026-08-16 19:26:51.299] [info]  [RTCControlSocket(default)] Sending heartbeat with last received sequence number: 7
[2026-08-16 19:26:51.350] [info]  [RTCControlSocket(default)] Heartbeat ACK received
[2026-08-16 19:27:05.049] [info]  [RTCControlSocket(default)] Sending heartbeat with last received sequence number: 7
[2026-08-16 19:27:05.077] [info]  [RTCControlSocket(default)] Heartbeat ACK received
[2026-08-16 19:27:18.799] [info]  [RTCControlSocket(default)] Sending heartbeat with last received sequence number: 7
[2026-08-16 19:27:18.832] [info]  [RTCControlSocket(default)] Heartbeat ACK received
[2026-08-16 19:27:32.549] [info]  [RTCControlSocket(default)] Sending heartbeat with last received sequence number: 7
[2026-08-16 19:27:32.583] [info]  [RTCControlSocket(default)] Heartbeat ACK received
[2026-08-16 19:27:46.299] [info]  [RTCControlSocket(default)] Sending heartbeat with last received sequence number: 7
[2026-08-16 19:27:46.350] [info]  [RTCControlSocket(default)] Heartbeat ACK received
[2026-08-16 19:28:00.049] [info]  [RTCControlSocket(default)] Sending heartbeat with last received sequence number: 7
[2026-08-16 19:28:00.091] [info]  [RTCControlSocket(default)] Heartbeat ACK received
[2026-08-16 19:28:13.799] [info]  [RTCControlSocket(default)] Sending heartbeat with last received sequence number: 7
[2026-08-16 19:28:13.863] [info]  [RTCControlSocket(default)] Heartbeat ACK received
[2026-08-16 19:28:27.549] [info]  [RTCControlSocket(default)] Sending heartbeat with last received sequence number: 7
[2026-08-16 19:28:27.575] [info]  [RTCControlSocket(default)] Heartbeat ACK received
[2026-08-16 19:28:41.299] [info]  [RTCControlSocket(default)] Sending heartbeat with last received sequence number: 7
[2026-08-16 19:28:41.369] [info]  [RTCControlSocket(default)] Heartbeat ACK received
[2026-08-16 19:28:55.049] [info]  [RTCControlSocket(default)] Sending heartbeat with last received sequence number: 7
[2026-08-16 19:28:55.084] [info]  [RTCControlSocket(default)] Heartbeat ACK received
[2026-08-16 19:29:08.799] [info]  [RTCControlSocket(default)] Sending heartbeat with last received sequence number: 7
[2026-08-16 19:29:08.830] [info]  [RTCControlSocket(default)] Heartbeat ACK received
[2026-08-16 19:29:22.549] [info]  [RTCControlSocket(default)] Sending heartbeat with last received sequence number: 7
[2026-08-16 19:29:22.586] [info]  [RTCControlSocket(default)] Heartbeat ACK received
[2026-08-16 19:29:36.299] [info]  [RTCControlSocket(default)] Sending heartbeat with last received sequence number: 7
[2026-08-16 19:29:36.336] [info]  [RTCControlSocket(default)] Heartbeat ACK received
[2026-08-16 19:29:50.049] [info]  [RTCControlSocket(default)] Sending heartbeat with last received sequence number: 7
[2026-08-16 19:29:50.094] [info]  [RTCControlSocket(default)] Heartbeat ACK received
[2026-08-16 19:30:03.799] [info]  [RTCControlSocket(default)] Sending heartbeat with last received sequence number: 7
[2026-08-16 19:30:03.830] [info]  [RTCControlSocket(default)] Heartbeat ACK received
[2026-08-16 19:30:17.549] [info]  [RTCControlSocket(default)] Sending heartbeat with last received sequence number: 7
[2026-08-16 19:30:17.593] [info]  [RTCControlSocket(default)] Heartbeat ACK received
[2026-08-16 19:30:31.299] [info]  [RTCControlSocket(default)] Sending heartbeat with last received sequence number: 7
[2026-08-16 19:30:31.338] [info]  [RTCControlSocket(default)] Heartbeat ACK received
[2026-08-16 19:30:45.049] [info]  [RTCControlSocket(default)] Sending heartbeat with last received sequence number: 7
[2026-08-16 19:30:45.108] [info]  [RTCControlSocket(default)] Heartbeat ACK received
[2026-08-16 19:30:58.799] [info]  [RTCControlSocket(default)] Sending heartbeat with last received sequence number: 7
[2026-08-16 19:30:58.843] [info]  [RTCControlSocket(default)] Heartbeat ACK received
[2026-08-16 19:31:12.549] [info]  [RTCControlSocket(default)] Sending heartbeat with last received sequence number: 7
[2026-08-16 19:31:12.593] [info]  [RTCControlSocket(default)] Heartbeat ACK received
[2026-08-16 19:31:26.299] [info]  [RTCControlSocket(default)] Sending heartbeat with last received sequence number: 7
[2026-08-16 19:31:26.354] [info]  [RTCControlSocket(default)] Heartbeat ACK received
[2026-08-16 19:31:40.049] [info]  [RTCControlSocket(default)] Sending heartbeat with last received sequence number: 7
[2026-08-16 19:31:40.134] [info]  [RTCControlSocket(default)] Heartbeat ACK received
[2026-08-16 19:31:53.799] [info]  [RTCControlSocket(default)] Sending heartbeat with last received sequence number: 7
[2026-08-16 19:31:53.832] [info]  [RTCControlSocket(default)] Heartbeat ACK received
[2026-08-16 19:32:07.549] [info]  [RTCControlSocket(default)] Sending heartbeat with last received sequence number: 7
[2026-08-16 19:32:07.617] [info]  [RTCControlSocket(default)] Heartbeat ACK received
[2026-08-16 19:32:21.299] [info]  [RTCControlSocket(default)] Sending heartbeat with last received sequence number: 7
[2026-08-16 19:32:21.343] [info]  [RTCControlSocket(default)] Heartbeat ACK received
[2026-08-16 19:32:30.029] [info]  [RPCServer:IPC] Socket Message: 4 [object Object]
[2026-08-16 19:32:30.031] [info]  [RPCServer:IPC] Socket Emit: 4 [object Object]
[2026-08-16 19:32:32.029] [info]  [RPCServer:IPC] Socket Message: 4 [object Object]
[2026-08-16 19:32:32.031] [info]  [RPCServer:IPC] Socket Emit: 4 [object Object]
[2026-08-16 19:32:35.049] [info]  [RTCControlSocket(default)] Sending heartbeat with last received sequence number: 7
[2026-08-16 19:32:35.075] [info]  [RTCControlSocket(default)] Heartbeat ACK received
[2026-08-16 19:32:48.799] [info]  [RTCControlSocket(default)] Sending heartbeat with last received sequence number: 7
[2026-08-16 19:32:48.840] [info]  [RTCControlSocket(default)] Heartbeat ACK received
[2026-08-16 19:33:02.549] [info]  [RTCControlSocket(default)] Sending heartbeat with last received sequence number: 7
[2026-08-16 19:33:02.598] [info]  [RTCControlSocket(default)] Heartbeat ACK received
[2026-08-16 19:33:16.299] [info]  [RTCControlSocket(default)] Sending heartbeat with last received sequence number: 7
[2026-08-16 19:33:16.353] [info]  [RTCControlSocket(default)] Heartbeat ACK received
[2026-08-16 19:33:30.049] [info]  [RTCControlSocket(default)] Sending heartbeat with last received sequence number: 7
[2026-08-16 19:33:30.099] [info]  [RTCControlSocket(default)] Heartbeat ACK received
[2026-08-16 19:33:43.799] [info]  [RTCControlSocket(default)] Sending heartbeat with last received sequence number: 7
[2026-08-16 19:33:43.882] [info]  [RTCControlSocket(default)] Heartbeat ACK received
[2026-08-16 19:33:57.549] [info]  [RTCControlSocket(default)] Sending heartbeat with last received sequence number: 7
[2026-08-16 19:33:57.585] [info]  [RTCControlSocket(default)] Heartbeat ACK received
[2026-08-16 19:34:11.299] [info]  [RTCControlSocket(default)] Sending heartbeat with last received sequence number: 7
[2026-08-16 19:34:11.345] [info]  [RTCControlSocket(default)] Heartbeat ACK received
[2026-08-16 19:34:25.049] [info]  [RTCControlSocket(default)] Sending heartbeat with last received sequence number: 7
[2026-08-16 19:34:25.088] [info]  [RTCControlSocket(default)] Heartbeat ACK received
[2026-08-16 19:34:38.799] [info]  [RTCControlSocket(default)] Sending heartbeat with last received sequence number: 7
[2026-08-16 19:34:38.836] [info]  [RTCControlSocket(default)] Heartbeat ACK received
[2026-08-16 19:34:52.549] [info]  [RTCControlSocket(default)] Sending heartbeat with last received sequence number: 7
[2026-08-16 19:34:52.588] [info]  [RTCControlSocket(default)] Heartbeat ACK received
[2026-08-16 19:35:06.299] [info]  [RTCControlSocket(default)] Sending heartbeat with last received sequence number: 7
[2026-08-16 19:35:06.361] [info]  [RTCControlSocket(default)] Heartbeat ACK received
[2026-08-16 19:35:20.049] [info]  [RTCControlSocket(default)] Sending heartbeat with last received sequence number: 7
[2026-08-16 19:35:20.086] [info]  [RTCControlSocket(default)] Heartbeat ACK received
[2026-08-16 19:35:33.799] [info]  [RTCControlSocket(default)] Sending heartbeat with last received sequence number: 7
[2026-08-16 19:35:33.839] [info]  [RTCControlSocket(default)] Heartbeat ACK received
[2026-08-16 19:35:47.549] [info]  [RTCControlSocket(default)] Sending heartbeat with last received sequence number: 7
[2026-08-16 19:35:47.588] [info]  [RTCControlSocket(default)] Heartbeat ACK received
[2026-08-16 19:36:01.299] [info]  [RTCControlSocket(default)] Sending heartbeat with last received sequence number: 7
[2026-08-16 19:36:01.351] [info]  [RTCControlSocket(default)] Heartbeat ACK received
[2026-08-16 19:36:15.049] [info]  [RTCControlSocket(default)] Sending heartbeat with last received sequence number: 7
[2026-08-16 19:36:15.093] [info]  [RTCControlSocket(default)] Heartbeat ACK received
[2026-08-16 19:36:28.799] [info]  [RTCControlSocket(default)] Sending heartbeat with last received sequence number: 7
[2026-08-16 19:36:28.830] [info]  [RTCControlSocket(default)] Heartbeat ACK received
[2026-08-16 19:36:42.549] [info]  [RTCControlSocket(default)] Sending heartbeat with last received sequence number: 7
[2026-08-16 19:36:43.012] [info]  [RTCControlSocket(default)] Heartbeat ACK received
[2026-08-16 19:36:56.299] [info]  [RTCControlSocket(default)] Sending heartbeat with last received sequence number: 7
[2026-08-16 19:36:56.365] [info]  [RTCControlSocket(default)] Heartbeat ACK received
[2026-08-16 19:37:10.049] [info]  [RTCControlSocket(default)] Sending heartbeat with last received sequence number: 7
[2026-08-16 19:37:10.104] [info]  [RTCControlSocket(default)] Heartbeat ACK received
[2026-08-16 19:37:23.799] [info]  [RTCControlSocket(default)] Sending heartbeat with last received sequence number: 7
[2026-08-16 19:37:23.845] [info]  [RTCControlSocket(default)] Heartbeat ACK received
[2026-08-16 19:37:37.549] [info]  [RTCControlSocket(default)] Sending heartbeat with last received sequence number: 7
[2026-08-16 19:37:37.594] [info]  [RTCControlSocket(default)] Heartbeat ACK received
[2026-08-16 19:37:51.299] [info]  [RTCControlSocket(default)] Sending heartbeat with last received sequence number: 7
[2026-08-16 19:37:51.349] [info]  [RTCControlSocket(default)] Heartbeat ACK received
[2026-08-16 19:38:05.049] [info]  [RTCControlSocket(default)] Sending heartbeat with last received sequence number: 7
[2026-08-16 19:38:05.088] [info]  [RTCControlSocket(default)] Heartbeat ACK received
[2026-08-16 19:38:18.799] [info]  [RTCControlSocket(default)] Sending heartbeat with last received sequence number: 7
[2026-08-16 19:38:18.867] [info]  [RTCControlSocket(default)] Heartbeat ACK received
[2026-08-16 19:38:32.549] [info]  [RTCControlSocket(default)] Sending heartbeat with last received sequence number: 7
[2026-08-16 19:38:32.579] [info]  [RTCControlSocket(default)] Heartbeat ACK received
[2026-08-16 19:38:46.299] [info]  [RTCControlSocket(default)] Sending heartbeat with last received sequence number: 7
[2026-08-16 19:38:46.334] [info]  [RTCControlSocket(default)] Heartbeat ACK received
[2026-08-16 19:39:00.049] [info]  [RTCControlSocket(default)] Sending heartbeat with last received sequence number: 7
[2026-08-16 19:39:00.080] [info]  [RTCControlSocket(default)] Heartbeat ACK received
[2026-08-16 19:39:13.799] [info]  [RTCControlSocket(default)] Sending heartbeat with last received sequence number: 7
[2026-08-16 19:39:13.836] [info]  [RTCControlSocket(default)] Heartbeat ACK received
[2026-08-16 19:39:27.549] [info]  [RTCControlSocket(default)] Sending heartbeat with last received sequence number: 7
[2026-08-16 19:39:27.604] [info]  [RTCControlSocket(default)] Heartbeat ACK received
[2026-08-16 19:39:41.299] [info]  [RTCControlSocket(default)] Sending heartbeat with last received sequence number: 7
[2026-08-16 19:39:41.365] [info]  [RTCControlSocket(default)] Heartbeat ACK received
[2026-08-16 19:39:55.049] [info]  [RTCControlSocket(default)] Sending heartbeat with last received sequence number: 7
[2026-08-16 19:39:55.104] [info]  [RTCControlSocket(default)] Heartbeat ACK received
[2026-08-16 19:40:08.800] [info]  [RTCControlSocket(default)] Sending heartbeat with last received sequence number: 7
[2026-08-16 19:40:08.857] [info]  [RTCControlSocket(default)] Heartbeat ACK received
[2026-08-16 19:40:22.549] [info]  [RTCControlSocket(default)] Sending heartbeat with last received sequence number: 7
[2026-08-16 19:40:22.580] [info]  [RTCControlSocket(default)] Heartbeat ACK received
[2026-08-16 19:40:36.299] [info]  [RTCControlSocket(default)] Sending heartbeat with last received sequence number: 7
[2026-08-16 19:40:36.373] [info]  [RTCControlSocket(default)] Heartbeat ACK received
[2026-08-16 19:40:50.049] [info]  [RTCControlSocket(default)] Sending heartbeat with last received sequence number: 7
[2026-08-16 19:40:50.099] [info]  [RTCControlSocket(default)] Heartbeat ACK received
[2026-08-16 19:41:03.799] [info]  [RTCControlSocket(default)] Sending heartbeat with last received sequence number: 7
[2026-08-16 19:41:03.840] [info]  [RTCControlSocket(default)] Heartbeat ACK received
[2026-08-16 19:41:17.549] [info]  [RTCControlSocket(default)] Sending heartbeat with last received sequence number: 7
[2026-08-16 19:41:17.605] [info]  [RTCControlSocket(default)] Heartbeat ACK received
[2026-08-16 19:41:31.299] [info]  [RTCControlSocket(default)] Sending heartbeat with last received sequence number: 7
[2026-08-16 19:41:31.353] [info]  [RTCControlSocket(default)] Heartbeat ACK received
[2026-08-16 19:41:45.049] [info]  [RTCControlSocket(default)] Sending heartbeat with last received sequence number: 7
[2026-08-16 19:41:45.099] [info]  [RTCControlSocket(default)] Heartbeat ACK received
[2026-08-16 19:41:58.804] [info]  [RTCControlSocket(default)] Sending heartbeat with last received sequence number: 7
[2026-08-16 19:41:58.838] [info]  [RTCControlSocket(default)] Heartbeat ACK received
[2026-08-16 19:42:12.549] [info]  [RTCControlSocket(default)] Sending heartbeat with last received sequence number: 7
[2026-08-16 19:42:12.605] [info]  [RTCControlSocket(default)] Heartbeat ACK received
[2026-08-16 19:42:26.299] [info]  [RTCControlSocket(default)] Sending heartbeat with last received sequence number: 7
[2026-08-16 19:42:26.330] [info]  [RTCControlSocket(default)] Heartbeat ACK received
[2026-08-16 19:42:40.049] [info]  [RTCControlSocket(default)] Sending heartbeat with last received sequence number: 7
[2026-08-16 19:42:40.101] [info]  [RTCControlSocket(default)] Heartbeat ACK received
[2026-08-16 19:42:53.799] [info]  [RTCControlSocket(default)] Sending heartbeat with last received sequence number: 7
[2026-08-16 19:42:53.835] [info]  [RTCControlSocket(default)] Heartbeat ACK received
[2026-08-16 19:43:07.549] [info]  [RTCControlSocket(default)] Sending heartbeat with last received sequence number: 7
[2026-08-16 19:43:07.606] [info]  [RTCControlSocket(default)] Heartbeat ACK received
[2026-08-16 19:43:21.299] [info]  [RTCControlSocket(default)] Sending heartbeat with last received sequence number: 7
[2026-08-16 19:43:21.343] [info]  [RTCControlSocket(default)] Heartbeat ACK received
[2026-08-16 19:43:35.049] [info]  [RTCControlSocket(default)] Sending heartbeat with last received sequence number: 7
[2026-08-16 19:43:35.119] [info]  [RTCControlSocket(default)] Heartbeat ACK received
[2026-08-16 19:43:48.799] [info]  [RTCControlSocket(default)] Sending heartbeat with last received sequence number: 7
[2026-08-16 19:43:48.840] [info]  [RTCControlSocket(default)] Heartbeat ACK received
[2026-08-16 19:44:02.549] [info]  [RTCControlSocket(default)] Sending heartbeat with last received sequence number: 7
[2026-08-16 19:44:02.590] [info]  [RTCControlSocket(default)] Heartbeat ACK received
[2026-08-16 19:44:16.299] [info]  [RTCControlSocket(default)] Sending heartbeat with last received sequence number: 7
[2026-08-16 19:44:16.729] [info]  [RTCControlSocket(default)] Heartbeat ACK received
[2026-08-16 19:44:30.049] [info]  [RTCControlSocket(default)] Sending heartbeat with last received sequence number: 7
[2026-08-16 19:44:30.081] [info]  [RTCControlSocket(default)] Heartbeat ACK received
[2026-08-16 19:44:43.799] [info]  [RTCControlSocket(default)] Sending heartbeat with last received sequence number: 7
[2026-08-16 19:44:43.831] [info]  [RTCControlSocket(default)] Heartbeat ACK received
[2026-08-16 19:44:57.549] [info]  [RTCControlSocket(default)] Sending heartbeat with last received sequence number: 7
[2026-08-16 19:44:57.590] [info]  [RTCControlSocket(default)] Heartbeat ACK received
[2026-08-16 19:45:11.299] [info]  [RTCControlSocket(default)] Sending heartbeat with last received sequence number: 7
[2026-08-16 19:45:11.344] [info]  [RTCControlSocket(default)] Heartbeat ACK received
[2026-08-16 19:45:25.049] [info]  [RTCControlSocket(default)] Sending heartbeat with last received sequence number: 7
[2026-08-16 19:45:25.121] [info]  [RTCControlSocket(default)] Heartbeat ACK received
[2026-08-16 19:45:38.799] [info]  [RTCControlSocket(default)] Sending heartbeat with last received sequence number: 7
[2026-08-16 19:45:38.836] [info]  [RTCControlSocket(default)] Heartbeat ACK received
[2026-08-16 19:45:52.549] [info]  [RTCControlSocket(default)] Sending heartbeat with last received sequence number: 7
[2026-08-16 19:45:52.630] [info]  [RTCControlSocket(default)] Heartbeat ACK received
[2026-08-16 19:46:06.299] [info]  [RTCControlSocket(default)] Sending heartbeat with last received sequence number: 7
[2026-08-16 19:46:06.330] [info]  [RTCControlSocket(default)] Heartbeat ACK received
[2026-08-16 19:46:20.049] [info]  [RTCControlSocket(default)] Sending heartbeat with last received sequence number: 7
[2026-08-16 19:46:20.098] [info]  [RTCControlSocket(default)] Heartbeat ACK received
[2026-08-16 19:46:33.799] [info]  [RTCControlSocket(default)] Sending heartbeat with last received sequence number: 7
[2026-08-16 19:46:33.844] [info]  [RTCControlSocket(default)] Heartbeat ACK received
[2026-08-16 19:46:47.549] [info]  [RTCControlSocket(default)] Sending heartbeat with last received sequence number: 7
[2026-08-16 19:46:47.595] [info]  [RTCControlSocket(default)] Heartbeat ACK received
[2026-08-16 19:47:01.299] [info]  [RTCControlSocket(default)] Sending heartbeat with last received sequence number: 7
[2026-08-16 19:47:01.337] [info]  [RTCControlSocket(default)] Heartbeat ACK received
[2026-08-16 19:47:15.049] [info]  [RTCControlSocket(default)] Sending heartbeat with last received sequence number: 7
[2026-08-16 19:47:15.085] [info]  [RTCControlSocket(default)] Heartbeat ACK received
[2026-08-16 19:47:28.799] [info]  [RTCControlSocket(default)] Sending heartbeat with last received sequence number: 7
[2026-08-16 19:47:28.832] [info]  [RTCControlSocket(default)] Heartbeat ACK received
[2026-08-16 19:47:42.549] [info]  [RTCControlSocket(default)] Sending heartbeat with last received sequence number: 7
[2026-08-16 19:47:42.606] [info]  [RTCControlSocket(default)] Heartbeat ACK received
[2026-08-16 19:47:56.299] [info]  [RTCControlSocket(default)] Sending heartbeat with last received sequence number: 7
[2026-08-16 19:47:56.356] [info]  [RTCControlSocket(default)] Heartbeat ACK received
[2026-08-16 19:48:10.049] [info]  [RTCControlSocket(default)] Sending heartbeat with last received sequence number: 7
[2026-08-16 19:48:10.083] [info]  [RTCControlSocket(default)] Heartbeat ACK received
[2026-08-16 19:48:23.799] [info]  [RTCControlSocket(default)] Sending heartbeat with last received sequence number: 7
[2026-08-16 19:48:23.844] [info]  [RTCControlSocket(default)] Heartbeat ACK received
[2026-08-16 19:48:37.549] [info]  [RTCControlSocket(default)] Sending heartbeat with last received sequence number: 7
[2026-08-16 19:48:37.604] [info]  [RTCControlSocket(default)] Heartbeat ACK received
[2026-08-16 19:48:51.299] [info]  [RTCControlSocket(default)] Sending heartbeat with last received sequence number: 7
[2026-08-16 19:48:51.350] [info]  [RTCControlSocket(default)] Heartbeat ACK received
[2026-08-16 19:49:05.049] [info]  [RTCControlSocket(default)] Sending heartbeat with last received sequence number: 7
[2026-08-16 19:49:05.135] [info]  [RTCControlSocket(default)] Heartbeat ACK received
[2026-08-16 19:49:18.799] [info]  [RTCControlSocket(default)] Sending heartbeat with last received sequence number: 7
[2026-08-16 19:49:18.828] [info]  [RTCControlSocket(default)] Heartbeat ACK received
[2026-08-16 19:49:32.549] [info]  [RTCControlSocket(default)] Sending heartbeat with last received sequence number: 7
[2026-08-16 19:49:32.583] [info]  [RTCControlSocket(default)] Heartbeat ACK received
[2026-08-16 19:49:46.299] [info]  [RTCControlSocket(default)] Sending heartbeat with last received sequence number: 7
[2026-08-16 19:49:46.348] [info]  [RTCControlSocket(default)] Heartbeat ACK received
[2026-08-16 19:50:00.049] [info]  [RTCControlSocket(default)] Sending heartbeat with last received sequence number: 7
[2026-08-16 19:50:00.094] [info]  [RTCControlSocket(default)] Heartbeat ACK received
[2026-08-16 19:50:13.799] [info]  [RTCControlSocket(default)] Sending heartbeat with last received sequence number: 7
[2026-08-16 19:50:13.833] [info]  [RTCControlSocket(default)] Heartbeat ACK received
[2026-08-16 19:50:27.549] [info]  [RTCControlSocket(default)] Sending heartbeat with last received sequence number: 7
[2026-08-16 19:50:27.578] [info]  [RTCControlSocket(default)] Heartbeat ACK received
[2026-08-16 19:50:41.299] [info]  [RTCControlSocket(default)] Sending heartbeat with last received sequence number: 7
[2026-08-16 19:50:41.337] [info]  [RTCControlSocket(default)] Heartbeat ACK received
[2026-08-16 19:50:55.049] [info]  [RTCControlSocket(default)] Sending heartbeat with last received sequence number: 7
[2026-08-16 19:50:55.083] [info]  [RTCControlSocket(default)] Heartbeat ACK received
[2026-08-16 19:51:08.799] [info]  [RTCControlSocket(default)] Sending heartbeat with last received sequence number: 7
[2026-08-16 19:51:08.837] [info]  [RTCControlSocket(default)] Heartbeat ACK received
[2026-08-16 19:51:22.549] [info]  [RTCControlSocket(default)] Sending heartbeat with last received sequence number: 7
[2026-08-16 19:51:22.627] [info]  [RTCControlSocket(default)] Heartbeat ACK received
[2026-08-16 19:51:36.299] [info]  [RTCControlSocket(default)] Sending heartbeat with last received sequence number: 7
[2026-08-16 19:51:36.347] [info]  [RTCControlSocket(default)] Heartbeat ACK received
[2026-08-16 19:51:50.049] [info]  [RTCControlSocket(default)] Sending heartbeat with last received sequence number: 7
[2026-08-16 19:51:50.088] [info]  [RTCControlSocket(default)] Heartbeat ACK received
[2026-08-16 19:52:03.799] [info]  [RTCControlSocket(default)] Sending heartbeat with last received sequence number: 7
[2026-08-16 19:52:03.845] [info]  [RTCControlSocket(default)] Heartbeat ACK received
[2026-08-16 19:52:17.549] [info]  [RTCControlSocket(default)] Sending heartbeat with last received sequence number: 7
[2026-08-16 19:52:17.609] [info]  [RTCControlSocket(default)] Heartbeat ACK received
[2026-08-16 19:52:31.299] [info]  [RTCControlSocket(default)] Sending heartbeat with last received sequence number: 7
[2026-08-16 19:52:31.356] [info]  [RTCControlSocket(default)] Heartbeat ACK received
[2026-08-16 19:52:45.049] [info]  [RTCControlSocket(default)] Sending heartbeat with last received sequence number: 7
[2026-08-16 19:52:45.119] [info]  [RTCControlSocket(default)] Heartbeat ACK received
[2026-08-16 19:52:58.799] [info]  [RTCControlSocket(default)] Sending heartbeat with last received sequence number: 7
[2026-08-16 19:52:58.831] [info]  [RTCControlSocket(default)] Heartbeat ACK received
[2026-08-16 19:53:12.549] [info]  [RTCControlSocket(default)] Sending heartbeat with last received sequence number: 7
[2026-08-16 19:53:12.601] [info]  [RTCControlSocket(default)] Heartbeat ACK received
[2026-08-16 19:53:26.299] [info]  [RTCControlSocket(default)] Sending heartbeat with last received sequence number: 7
[2026-08-16 19:53:26.342] [info]  [RTCControlSocket(default)] Heartbeat ACK received
[2026-08-16 19:53:40.049] [info]  [RTCControlSocket(default)] Sending heartbeat with last received sequence number: 7
[2026-08-16 19:53:40.097] [info]  [RTCControlSocket(default)] Heartbeat ACK received
[2026-08-16 19:53:53.799] [info]  [RTCControlSocket(default)] Sending heartbeat with last received sequence number: 7
[2026-08-16 19:53:53.843] [info]  [RTCControlSocket(default)] Heartbeat ACK received
[2026-08-16 19:54:07.549] [info]  [RTCControlSocket(default)] Sending heartbeat with last received sequence number: 7
[2026-08-16 19:54:07.597] [info]  [RTCControlSocket(default)] Heartbeat ACK received
[2026-08-16 19:54:21.299] [info]  [RTCControlSocket(default)] Sending heartbeat with last received sequence number: 7
[2026-08-16 19:54:21.350] [info]  [RTCControlSocket(default)] Heartbeat ACK received
[2026-08-16 19:54:35.049] [info]  [RTCControlSocket(default)] Sending heartbeat with last received sequence number: 7
[2026-08-16 19:54:35.105] [info]  [RTCControlSocket(default)] Heartbeat ACK received
[2026-08-16 19:54:48.799] [info]  [RTCControlSocket(default)] Sending heartbeat with last received sequence number: 7
[2026-08-16 19:54:48.840] [info]  [RTCControlSocket(default)] Heartbeat ACK received
[2026-08-16 19:54:53.552] [info]  [RPCServer:IPC] Socket Message: 4 [object Object]
[2026-08-16 19:54:53.555] [info]  [RPCServer:IPC] Socket Emit: 4 [object Object]
[2026-08-16 19:54:54.552] [info]  [RPCServer:IPC] Socket Message: 4 [object Object]
[2026-08-16 19:54:54.553] [info]  [RPCServer:IPC] Socket Emit: 4 [object Object]
[2026-08-16 19:55:00.552] [info]  [RPCServer:IPC] Socket Message: 4 [object Object]
[2026-08-16 19:55:00.554] [info]  [RPCServer:IPC] Socket Emit: 4 [object Object]
[2026-08-16 19:55:02.549] [info]  [RTCControlSocket(default)] Sending heartbeat with last received sequence number: 7
[2026-08-16 19:55:02.598] [info]  [RTCControlSocket(default)] Heartbeat ACK received
[2026-08-16 19:55:16.299] [info]  [RTCControlSocket(default)] Sending heartbeat with last received sequence number: 7
[2026-08-16 19:55:16.339] [info]  [RTCControlSocket(default)] Heartbeat ACK received
[2026-08-16 19:55:30.049] [info]  [RTCControlSocket(default)] Sending heartbeat with last received sequence number: 7
[2026-08-16 19:55:30.095] [info]  [RTCControlSocket(default)] Heartbeat ACK received
[2026-08-16 19:55:43.799] [info]  [RTCControlSocket(default)] Sending heartbeat with last received sequence number: 7
[2026-08-16 19:55:43.833] [info]  [RTCControlSocket(default)] Heartbeat ACK received
[2026-08-16 19:55:48.054] [info]  [RPCServer:IPC] Socket Close: 4 1279031829940273203 (active: 0)
[2026-08-16 19:55:57.549] [info]  [RTCControlSocket(default)] Sending heartbeat with last received sequence number: 7
[2026-08-16 19:55:57.607] [info]  [RTCControlSocket(default)] Heartbeat ACK received
[2026-08-16 19:56:11.299] [info]  [RTCControlSocket(default)] Sending heartbeat with last received sequence number: 7
[2026-08-16 19:56:11.331] [info]  [RTCControlSocket(default)] Heartbeat ACK received
[2026-08-16 19:56:25.049] [info]  [RTCControlSocket(default)] Sending heartbeat with last received sequence number: 7
[2026-08-16 19:56:25.103] [info]  [RTCControlSocket(default)] Heartbeat ACK received
[2026-08-16 19:56:25.196] [info]  [RPCServer:IPC] Socket Opened: 5 1279031829940273203 (active: 1)
[2026-08-16 19:56:25.199] [info]  [RPCServer:IPC] Socket Emit: 5 [object Object]
[2026-08-16 19:56:27.195] [info]  [RPCServer:IPC] Socket Message: 5 [object Object]
[2026-08-16 19:56:27.196] [info]  [RPCServer:IPC] Socket Message: 5 [object Object]
[2026-08-16 19:56:27.196] [info]  [RPCServer:IPC] Socket Message: 5 [object Object]
[2026-08-16 19:56:27.197] [info]  [RPCServer:IPC] Socket Emit: 5 [object Object]
[2026-08-16 19:56:27.197] [info]  [RPCServer:IPC] Socket Emit: 5 [object Object]
[2026-08-16 19:56:27.197] [info]  [RPCServer:IPC] Socket Emit: 5 [object Object]
[2026-08-16 19:56:27.695] [info]  [RPCServer:IPC] Socket Message: 5 [object Object]
[2026-08-16 19:56:27.697] [info]  [RPCServer:IPC] Socket Emit: 5 [object Object]
[2026-08-16 19:56:38.799] [info]  [RTCControlSocket(default)] Sending heartbeat with last received sequence number: 7
[2026-08-16 19:56:38.853] [info]  [RTCControlSocket(default)] Heartbeat ACK received
[2026-08-16 19:56:52.549] [info]  [RTCControlSocket(default)] Sending heartbeat with last received sequence number: 7
[2026-08-16 19:56:52.623] [info]  [RTCControlSocket(default)] Heartbeat ACK received
[2026-08-16 19:57:06.299] [info]  [RTCControlSocket(default)] Sending heartbeat with last received sequence number: 7
[2026-08-16 19:57:06.333] [info]  [RTCControlSocket(default)] Heartbeat ACK received
[2026-08-16 19:57:20.049] [info]  [RTCControlSocket(default)] Sending heartbeat with last received sequence number: 7
[2026-08-16 19:57:20.109] [info]  [RTCControlSocket(default)] Heartbeat ACK received
[2026-08-16 19:57:30.399] [info]  [RPCServer:IPC] Socket Message: 5 [object Object]
[2026-08-16 19:57:30.400] [info]  [RPCServer:IPC] Socket Emit: 5 [object Object]
[2026-08-16 19:57:31.399] [info]  [RPCServer:IPC] Socket Message: 5 [object Object]
[2026-08-16 19:57:31.402] [info]  [RPCServer:IPC] Socket Emit: 5 [object Object]
[2026-08-16 19:57:33.799] [info]  [RTCControlSocket(default)] Sending heartbeat with last received sequence number: 7
[2026-08-16 19:57:33.830] [info]  [RTCControlSocket(default)] Heartbeat ACK received
[2026-08-16 19:57:47.549] [info]  [RTCControlSocket(default)] Sending heartbeat with last received sequence number: 7
[2026-08-16 19:57:47.588] [info]  [RTCControlSocket(default)] Heartbeat ACK received
[2026-08-16 19:58:01.299] [info]  [RTCControlSocket(default)] Sending heartbeat with last received sequence number: 7
[2026-08-16 19:58:01.381] [info]  [RTCControlSocket(default)] Heartbeat ACK received
[2026-08-16 19:58:15.049] [info]  [RTCControlSocket(default)] Sending heartbeat with last received sequence number: 7
[2026-08-16 19:58:15.091] [info]  [RTCControlSocket(default)] Heartbeat ACK received
[2026-08-16 19:58:28.799] [info]  [RTCControlSocket(default)] Sending heartbeat with last received sequence number: 7
[2026-08-16 19:58:28.831] [info]  [RTCControlSocket(default)] Heartbeat ACK received
[2026-08-16 19:58:42.549] [info]  [RTCControlSocket(default)] Sending heartbeat with last received sequence number: 7
[2026-08-16 19:58:42.597] [info]  [RTCControlSocket(default)] Heartbeat ACK received
[2026-08-16 19:58:56.299] [info]  [RTCControlSocket(default)] Sending heartbeat with last received sequence number: 7
[2026-08-16 19:58:56.336] [info]  [RTCControlSocket(default)] Heartbeat ACK received
[2026-08-16 19:59:10.049] [info]  [RTCControlSocket(default)] Sending heartbeat with last received sequence number: 7
[2026-08-16 19:59:10.091] [info]  [RTCControlSocket(default)] Heartbeat ACK received
[2026-08-16 19:59:23.799] [info]  [RTCControlSocket(default)] Sending heartbeat with last received sequence number: 7
[2026-08-16 19:59:23.828] [info]  [RTCControlSocket(default)] Heartbeat ACK received
[2026-08-16 19:59:37.549] [info]  [RTCControlSocket(default)] Sending heartbeat with last received sequence number: 7
[2026-08-16 19:59:37.588] [info]  [RTCControlSocket(default)] Heartbeat ACK received
[2026-08-16 19:59:51.299] [info]  [RTCControlSocket(default)] Sending heartbeat with last received sequence number: 7
[2026-08-16 19:59:51.336] [info]  [RTCControlSocket(default)] Heartbeat ACK received
[2026-08-16 20:00:05.049] [info]  [RTCControlSocket(default)] Sending heartbeat with last received sequence number: 7
[2026-08-16 20:00:05.079] [info]  [RTCControlSocket(default)] Heartbeat ACK received
[2026-08-16 20:00:18.803] [info]  [RTCControlSocket(default)] Sending heartbeat with last received sequence number: 7
[2026-08-16 20:00:18.845] [info]  [RTCControlSocket(default)] Heartbeat ACK received
[2026-08-16 20:00:32.549] [info]  [RTCControlSocket(default)] Sending heartbeat with last received sequence number: 7
[2026-08-16 20:00:32.604] [info]  [RTCControlSocket(default)] Heartbeat ACK received
[2026-08-16 20:00:46.299] [info]  [RTCControlSocket(default)] Sending heartbeat with last received sequence number: 7
[2026-08-16 20:00:46.334] [info]  [RTCControlSocket(default)] Heartbeat ACK received
[2026-08-16 20:01:00.049] [info]  [RTCControlSocket(default)] Sending heartbeat with last received sequence number: 7
[2026-08-16 20:01:00.094] [info]  [RTCControlSocket(default)] Heartbeat ACK received
[2026-08-16 20:01:13.799] [info]  [RTCControlSocket(default)] Sending heartbeat with last received sequence number: 7
[2026-08-16 20:01:13.850] [info]  [RTCControlSocket(default)] Heartbeat ACK received
[2026-08-16 20:01:27.549] [info]  [RTCControlSocket(default)] Sending heartbeat with last received sequence number: 7
[2026-08-16 20:01:27.646] [info]  [RTCControlSocket(default)] Heartbeat ACK received
[2026-08-16 20:01:41.299] [info]  [RTCControlSocket(default)] Sending heartbeat with last received sequence number: 7
[2026-08-16 20:01:41.330] [info]  [RTCControlSocket(default)] Heartbeat ACK received
[2026-08-16 20:01:55.049] [info]  [RTCControlSocket(default)] Sending heartbeat with last received sequence number: 7
[2026-08-16 20:01:55.088] [info]  [RTCControlSocket(default)] Heartbeat ACK received
[2026-08-16 20:02:08.799] [info]  [RTCControlSocket(default)] Sending heartbeat with last received sequence number: 7
[2026-08-16 20:02:08.840] [info]  [RTCControlSocket(default)] Heartbeat ACK received
[2026-08-16 20:02:22.549] [info]  [RTCControlSocket(default)] Sending heartbeat with last received sequence number: 7
[2026-08-16 20:02:22.596] [info]  [RTCControlSocket(default)] Heartbeat ACK received
[2026-08-16 20:02:36.299] [info]  [RTCControlSocket(default)] Sending heartbeat with last received sequence number: 7
[2026-08-16 20:02:36.343] [info]  [RTCControlSocket(default)] Heartbeat ACK received
[2026-08-16 20:02:50.049] [info]  [RTCControlSocket(default)] Sending heartbeat with last received sequence number: 7
[2026-08-16 20:02:50.097] [info]  [RTCControlSocket(default)] Heartbeat ACK received
[2026-08-16 20:03:03.799] [info]  [RTCControlSocket(default)] Sending heartbeat with last received sequence number: 7
[2026-08-16 20:03:03.833] [info]  [RTCControlSocket(default)] Heartbeat ACK received
[2026-08-16 20:03:17.549] [info]  [RTCControlSocket(default)] Sending heartbeat with last received sequence number: 7
[2026-08-16 20:03:17.590] [info]  [RTCControlSocket(default)] Heartbeat ACK received
[2026-08-16 20:03:31.299] [info]  [RTCControlSocket(default)] Sending heartbeat with last received sequence number: 7
[2026-08-16 20:03:31.333] [info]  [RTCControlSocket(default)] Heartbeat ACK received
[2026-08-16 20:03:40.519] [info]  [ConnectionEventFramerateReducer] BaseConnection.userSpeakingChange: Reduced framerate after 15000 ms.
[2026-08-16 20:03:45.049] [info]  [RTCControlSocket(default)] Sending heartbeat with last received sequence number: 7
[2026-08-16 20:03:45.123] [info]  [RTCControlSocket(default)] Heartbeat ACK received
[2026-08-16 20:03:58.799] [info]  [RTCControlSocket(default)] Sending heartbeat with last received sequence number: 7
[2026-08-16 20:03:58.834] [info]  [RTCControlSocket(default)] Heartbeat ACK received
[2026-08-16 20:04:03.216] [info]  [ConnectionEventFramerateReducer] BaseConnection.userSpeakingChange: Reduced framerate after 15000 ms.
[2026-08-16 20:04:12.549] [info]  [RTCControlSocket(default)] Sending heartbeat with last received sequence number: 7
[2026-08-16 20:04:12.598] [info]  [RTCControlSocket(default)] Heartbeat ACK received
[2026-08-16 20:04:22.844] [info]  [ConnectionEventFramerateReducer] BaseConnection.userSpeakingChange: Reduced framerate after 15000 ms.
[2026-08-16 20:04:26.299] [info]  [RTCControlSocket(default)] Sending heartbeat with last received sequence number: 7
[2026-08-16 20:04:26.361] [info]  [RTCControlSocket(default)] Heartbeat ACK received
[2026-08-16 20:04:40.049] [info]  [RTCControlSocket(default)] Sending heartbeat with last received sequence number: 7
[2026-08-16 20:04:40.111] [info]  [RTCControlSocket(default)] Heartbeat ACK received
[2026-08-16 20:04:53.799] [info]  [RTCControlSocket(default)] Sending heartbeat with last received sequence number: 7
[2026-08-16 20:04:53.857] [info]  [RTCControlSocket(default)] Heartbeat ACK received
[2026-08-16 20:05:07.549] [info]  [RTCControlSocket(default)] Sending heartbeat with last received sequence number: 7
[2026-08-16 20:05:07.598] [info]  [RTCControlSocket(default)] Heartbeat ACK received
[2026-08-16 20:05:21.299] [info]  [RTCControlSocket(default)] Sending heartbeat with last received sequence number: 7
[2026-08-16 20:05:21.348] [info]  [RTCControlSocket(default)] Heartbeat ACK received
[2026-08-16 20:05:22.304] [info]  [ConnectionEventFramerateReducer] BaseConnection.userSpeakingChange: Reduced framerate after 15000 ms.
[2026-08-16 20:05:35.049] [info]  [RTCControlSocket(default)] Sending heartbeat with last received sequence number: 7
[2026-08-16 20:05:35.097] [info]  [RTCControlSocket(default)] Heartbeat ACK received
[2026-08-16 20:05:48.799] [info]  [RTCControlSocket(default)] Sending heartbeat with last received sequence number: 7
[2026-08-16 20:05:48.863] [info]  [RTCControlSocket(default)] Heartbeat ACK received
[2026-08-16 20:05:56.310] [info]  [ConnectionEventFramerateReducer] BaseConnection.userSpeakingChange: Reduced framerate after 15000 ms.
[2026-08-16 20:06:02.549] [info]  [RTCControlSocket(default)] Sending heartbeat with last received sequence number: 7
[2026-08-16 20:06:02.585] [info]  [RTCControlSocket(default)] Heartbeat ACK received
[2026-08-16 20:06:13.313] [info]  [ConnectionEventFramerateReducer] BaseConnection.userSpeakingChange: Reduced framerate after 15000 ms.
[2026-08-16 20:06:16.299] [info]  [RTCControlSocket(default)] Sending heartbeat with last received sequence number: 7
[2026-08-16 20:06:16.331] [info]  [RTCControlSocket(default)] Heartbeat ACK received
[2026-08-16 20:06:30.049] [info]  [RTCControlSocket(default)] Sending heartbeat with last received sequence number: 7
[2026-08-16 20:06:30.084] [info]  [RTCControlSocket(default)] Heartbeat ACK received
[2026-08-16 20:06:43.799] [info]  [RTCControlSocket(default)] Sending heartbeat with last received sequence number: 7
[2026-08-16 20:06:43.829] [info]  [RTCControlSocket(default)] Heartbeat ACK received
[2026-08-16 20:06:57.549] [info]  [RTCControlSocket(default)] Sending heartbeat with last received sequence number: 7
[2026-08-16 20:06:57.583] [info]  [RTCControlSocket(default)] Heartbeat ACK received
[2026-08-16 20:07:11.299] [info]  [RTCControlSocket(default)] Sending heartbeat with last received sequence number: 7
[2026-08-16 20:07:11.344] [info]  [RTCControlSocket(default)] Heartbeat ACK received
[2026-08-16 20:07:25.049] [info]  [RTCControlSocket(default)] Sending heartbeat with last received sequence number: 7
[2026-08-16 20:07:25.088] [info]  [RTCControlSocket(default)] Heartbeat ACK received
[2026-08-16 20:07:38.799] [info]  [RTCControlSocket(default)] Sending heartbeat with last received sequence number: 7
[2026-08-16 20:07:38.886] [info]  [RTCControlSocket(default)] Heartbeat ACK received
[2026-08-16 20:07:52.549] [info]  [RTCControlSocket(default)] Sending heartbeat with last received sequence number: 7
[2026-08-16 20:07:52.607] [info]  [RTCControlSocket(default)] Heartbeat ACK received
[2026-08-16 20:08:03.904] [info]  [RTCConnection(1330421763812626466, default)] Preparing DAVE protocol epoch: 1, protocol version: 1
[2026-08-16 20:08:03.904] [info]  [RTCConnection(1330421763812626466, default)] Preparing DAVE protocol transition: 0, protocol version: 1
[2026-08-16 20:08:03.904] [info]  [Connection(default)] DAVE protocol state update: {"version":1,"epochAuthenticator":""}
[2026-08-16 20:08:03.904] [info]  [RTCConnection(1330421763812626466, default)] Got MLS key package, sending to RTC server
[2026-08-16 20:08:03.904] [info]  [RTCControlSocket(default)] Sending MLS key package
[2026-08-16 20:08:06.299] [info]  [RTCControlSocket(default)] Sending heartbeat with last received sequence number: 10
[2026-08-16 20:08:06.341] [info]  [RTCControlSocket(default)] Heartbeat ACK received
[2026-08-16 20:08:08.595] [info]  [Connection(default)] Creating user: 1312221304283467830 with audio SSRC: 0 and video SSRCs: 
[2026-08-16 20:08:11.031] [info]  [RTCConnection(1330421763812626466, default)] Received MLS proposals
[2026-08-16 20:08:11.032] [info]  [RTCConnection(1330421763812626466, default)] Sending MLS commit welcome message
[2026-08-16 20:08:11.032] [info]  [RTCControlSocket(default)] Sending MLS commit + welcome message
[2026-08-16 20:08:11.038] [info]  [RTCConnection(1330421763812626466, default)] Received MLS welcome for transition ID 0
[2026-08-16 20:08:11.039] [info]  [Connection(default)] DAVE protocol state update: {"version":1,"epochAuthenticator":"2GwIiUjU/JX1S/9I8sr1FqNGJStC0J/1MLXwuwDx2iQ="}
[2026-08-16 20:08:11.533] [info]  [Connection(default)] Creating user: 1312221304283467830 with audio SSRC: 5555 and video SSRCs: 
[2026-08-16 20:08:20.049] [info]  [RTCControlSocket(default)] Sending heartbeat with last received sequence number: 16
[2026-08-16 20:08:20.083] [info]  [RTCControlSocket(default)] Heartbeat ACK received
[2026-08-16 20:08:33.799] [info]  [RTCControlSocket(default)] Sending heartbeat with last received sequence number: 16
[2026-08-16 20:08:33.833] [info]  [RTCControlSocket(default)] Heartbeat ACK received
[2026-08-16 20:08:41.426] [info]  [ConnectionEventFramerateReducer] BaseConnection.userSpeakingChange: Reduced framerate after 15000 ms.
[2026-08-16 20:08:47.549] [info]  [RTCControlSocket(default)] Sending heartbeat with last received sequence number: 16
[2026-08-16 20:08:47.587] [info]  [RTCControlSocket(default)] Heartbeat ACK received
[2026-08-16 20:09:01.299] [info]  [RTCControlSocket(default)] Sending heartbeat with last received sequence number: 16
[2026-08-16 20:09:01.407] [info]  [RTCControlSocket(default)] Heartbeat ACK received
[2026-08-16 20:09:11.142] [info]  [ConnectionEventFramerateReducer] BaseConnection.userSpeakingChange: Reduced framerate after 15000 ms.
[2026-08-16 20:09:15.049] [info]  [RTCControlSocket(default)] Sending heartbeat with last received sequence number: 16
[2026-08-16 20:09:15.093] [info]  [RTCControlSocket(default)] Heartbeat ACK received
[2026-08-16 20:09:28.799] [info]  [RTCControlSocket(default)] Sending heartbeat with last received sequence number: 16
[2026-08-16 20:09:28.832] [info]  [RTCControlSocket(default)] Heartbeat ACK received
[2026-08-16 20:09:42.549] [info]  [RTCControlSocket(default)] Sending heartbeat with last received sequence number: 16
[2026-08-16 20:09:42.585] [info]  [RTCControlSocket(default)] Heartbeat ACK received
[2026-08-16 20:09:56.299] [info]  [RTCControlSocket(default)] Sending heartbeat with last received sequence number: 16
[2026-08-16 20:09:56.336] [info]  [RTCControlSocket(default)] Heartbeat ACK received
[2026-08-16 20:10:10.049] [info]  [RTCControlSocket(default)] Sending heartbeat with last received sequence number: 16
[2026-08-16 20:10:10.081] [info]  [RTCControlSocket(default)] Heartbeat ACK received
[2026-08-16 20:10:23.799] [info]  [RTCControlSocket(default)] Sending heartbeat with last received sequence number: 16
[2026-08-16 20:10:23.835] [info]  [RTCControlSocket(default)] Heartbeat ACK received
[2026-08-16 20:10:37.549] [info]  [RTCControlSocket(default)] Sending heartbeat with last received sequence number: 16
[2026-08-16 20:10:37.600] [info]  [RTCControlSocket(default)] Heartbeat ACK received
[2026-08-16 20:10:51.299] [info]  [RTCControlSocket(default)] Sending heartbeat with last received sequence number: 16
[2026-08-16 20:10:51.352] [info]  [RTCControlSocket(default)] Heartbeat ACK received
[2026-08-16 20:10:52.247] [info]  [ConnectionEventFramerateReducer] BaseConnection.userSpeakingChange: Reduced framerate after 15000 ms.
[2026-08-16 20:11:05.049] [info]  [RTCControlSocket(default)] Sending heartbeat with last received sequence number: 16
[2026-08-16 20:11:05.082] [info]  [RTCControlSocket(default)] Heartbeat ACK received
[2026-08-16 20:11:18.799] [info]  [RTCControlSocket(default)] Sending heartbeat with last received sequence number: 16
[2026-08-16 20:11:18.830] [info]  [RTCControlSocket(default)] Heartbeat ACK received
[2026-08-16 20:11:29.538] [info]  [ConnectionEventFramerateReducer] BaseConnection.userSpeakingChange: Reduced framerate after 15000 ms.
[2026-08-16 20:11:32.549] [info]  [RTCControlSocket(default)] Sending heartbeat with last received sequence number: 16
[2026-08-16 20:11:32.595] [info]  [RTCControlSocket(default)] Heartbeat ACK received
[2026-08-16 20:11:46.299] [info]  [RTCControlSocket(default)] Sending heartbeat with last received sequence number: 16
[2026-08-16 20:11:46.429] [info]  [RTCControlSocket(default)] Heartbeat ACK received
[2026-08-16 20:11:46.940] [info]  [ConnectionEventFramerateReducer] BaseConnection.userSpeakingChange: Reduced framerate after 15000 ms.
[2026-08-16 20:12:00.049] [info]  [RTCControlSocket(default)] Sending heartbeat with last received sequence number: 16
[2026-08-16 20:12:00.096] [info]  [RTCControlSocket(default)] Heartbeat ACK received
[2026-08-16 20:12:13.799] [info]  [RTCControlSocket(default)] Sending heartbeat with last received sequence number: 16
[2026-08-16 20:12:13.842] [info]  [RTCControlSocket(default)] Heartbeat ACK received
[2026-08-16 20:12:14.483] [info]  [ConnectionEventFramerateReducer] BaseConnection.userSpeakingChange: Reduced framerate after 15000 ms.
[2026-08-16 20:12:27.549] [info]  [RTCControlSocket(default)] Sending heartbeat with last received sequence number: 16
[2026-08-16 20:12:27.579] [info]  [RTCControlSocket(default)] Heartbeat ACK received
[2026-08-16 20:12:41.299] [info]  [RTCControlSocket(default)] Sending heartbeat with last received sequence number: 16
[2026-08-16 20:12:41.340] [info]  [RTCControlSocket(default)] Heartbeat ACK received
[2026-08-16 20:12:48.893] [info]  [ConnectionEventFramerateReducer] BaseConnection.userSpeakingChange: Reduced framerate after 15000 ms.
[2026-08-16 20:12:55.049] [info]  [RTCControlSocket(default)] Sending heartbeat with last received sequence number: 16
[2026-08-16 20:12:55.087] [info]  [RTCControlSocket(default)] Heartbeat ACK received
[2026-08-16 20:13:08.799] [info]  [RTCControlSocket(default)] Sending heartbeat with last received sequence number: 16
[2026-08-16 20:13:08.842] [info]  [RTCControlSocket(default)] Heartbeat ACK received
[2026-08-16 20:13:13.298] [info]  [ConnectionEventFramerateReducer] BaseConnection.userSpeakingChange: Reduced framerate after 15000 ms.
[2026-08-16 20:13:22.549] [info]  [RTCControlSocket(default)] Sending heartbeat with last received sequence number: 16
[2026-08-16 20:13:22.603] [info]  [RTCControlSocket(default)] Heartbeat ACK received
[2026-08-16 20:13:29.323] [info]  [ConnectionEventFramerateReducer] BaseConnection.userSpeakingChange: Reduced framerate after 15000 ms.
[2026-08-16 20:13:36.299] [info]  [RTCControlSocket(default)] Sending heartbeat with last received sequence number: 16
[2026-08-16 20:13:36.342] [info]  [RTCControlSocket(default)] Heartbeat ACK received
[2026-08-16 20:13:50.049] [info]  [RTCControlSocket(default)] Sending heartbeat with last received sequence number: 16
[2026-08-16 20:13:50.103] [info]  [RTCControlSocket(default)] Heartbeat ACK received
[2026-08-16 20:14:03.799] [info]  [RTCControlSocket(default)] Sending heartbeat with last received sequence number: 16
[2026-08-16 20:14:03.841] [info]  [RTCControlSocket(default)] Heartbeat ACK received
[2026-08-16 20:14:08.984] [info]  [discord_protos.discord_users.v1.FrecencyUserSettings] Scheduling save from markDirty
[2026-08-16 20:14:08.985] [info]  [discord_protos.discord_users.v1.FrecencyUserSettings] Persisting proto
[2026-08-16 20:14:17.549] [info]  [RTCControlSocket(default)] Sending heartbeat with last received sequence number: 16
[2026-08-16 20:14:17.581] [info]  [RTCControlSocket(default)] Heartbeat ACK received
[2026-08-16 20:14:31.299] [info]  [RTCControlSocket(default)] Sending heartbeat with last received sequence number: 16
[2026-08-16 20:14:31.346] [info]  [RTCControlSocket(default)] Heartbeat ACK received
[2026-08-16 20:14:45.049] [info]  [RTCControlSocket(default)] Sending heartbeat with last received sequence number: 16
[2026-08-16 20:14:45.114] [info]  [RTCControlSocket(default)] Heartbeat ACK received
[2026-08-22 13:25:55.767] [info]  splashScreenPreload: signalReady
[2026-08-22 13:25:55.793] [info]  splashScreenPreload: onStateUpdate: {"status":"checking-for-updates"}
[2026-08-22 13:25:56.100] [info]  splashScreenPreload: onStateUpdate: {"status":"launching"}
[2026-08-22 13:25:56.605] [info]  [FAST CONNECT] wss://gateway.discord.gg/?encoding=etf&v=9&compress=zstd-stream, encoding: etf, version: 9
[2026-08-22 13:25:57.001] [info]  [FAST CONNECT] connected in 396ms
[2026-08-22 13:25:57.183] [info]  [FAST CONNECT] sending identify
[2026-08-22 13:25:57.259] [info]  [libdiscore] [experiment_manager] Loaded experiments from cache
[2026-08-22 13:25:57.401] [info]  Initializing voice engine with audio subsystem: standard
[2026-08-22 13:25:57.521] [info]  [default] [BUILD INFO] Release Channel: stable, Build Number: 595897, Version Hash: cc84a8463bda05ae4552c4716adf15add252aa37
[2026-08-22 13:25:57.531] [warn]  [CloudSyncUtils] CloudSync is not supported on this platform
[2026-08-22 13:25:57.611] [info]  [default] [NATIVE INFO] host 1.0.138, modules: discord_cloudsync: 1, discord_desktop_core: 1, discord_dispatch: 1, discord_erlpack: 1, discord_game_utils: 1, discord_krisp: 1, discord_modules: 1, discord_rpc: 1, discord_spellcheck: 1, discord_utils: 1, discord_voice: 1, discord_zstd: 1, build: null
[2026-08-22 13:25:57.614] [info]  [libdiscore] The answer for life the universe and everything is: 42
[2026-08-22 13:25:57.939] [warn]  [MediaEngineStore] Failed to load Krisp module: Failed to setup Krisp module, error code: -3
[2026-08-22 13:25:57.939] [error] [AVError] AV error reported: noise-canceller-error {"underlyingError":"NoiseCancellerError.KRISP_INIT_ERROR_UNSIGNED"}
[2026-08-22 13:25:58.090] [info]  [RPCServer:WSS] Starting on 6463
[2026-08-22 13:25:58.094] [info]  [RPCServer:IPC] Starting on /run/user/1000/discord-ipc-0
[2026-08-22 13:25:58.094] [info]  [MediaEngineStore] OpenH264 is ready [object Object]
[2026-08-22 13:25:58.165] [info]  [MediaEngineStore] OpenH264 cleanup [object Object]
[2026-08-22 13:25:58.181] [info]  [GatewaySocket] [CONNECT] wss://gateway.discord.gg, encoding: etf, version: 9, compression: zstd-stream
[2026-08-22 13:25:58.181] [info]  [GatewaySocket] [FAST CONNECT] successfully took over websocket, state: [object Object]
[2026-08-22 13:25:58.181] [info]  [GatewaySocket] [CONNECTED] wss://gateway.discord.gg/?encoding=etf&v=9&compress=zstd-stream in 0 ms
[2026-08-22 13:25:58.186] [info]  [GatewaySocket] [READY] took 5ms, as 0849852e0b9ce4c5f348cd972479ee1f
[2026-08-22 13:25:58.186] [info]  [GatewaySocket] [READY_SUPPLEMENTAL] took 5ms
[2026-08-22 13:25:58.267] [info]  [Flux] Dispatching CONNECTION_OPEN
[2026-08-22 13:25:58.272] [info]  [DatabaseManager] removing database (user: 1262149707476766862, database: undefined)
[2026-08-22 13:25:58.275] [warn]  [NativeDispatchUtils] Tried getting Dispatch instance before instantiated
[2026-08-22 13:25:58.433] [error] [Spellchecker] sh is not a valid locale.
[2026-08-22 13:25:58.448] [info]  [Spellchecker] Switching to en-US (available)
[2026-08-22 13:25:58.811] [error] Could not find a View Model linked to Artboard BaseGlowRemapped.
[2026-08-22 13:25:58.812] [error] Could not find a View Model linked to Artboard BaseGlowRemapped.
[2026-08-22 13:26:00.303] [info]  [OverlayKeybindExperimentManager] Experiments initializing...
[2026-08-22 13:26:00.309] [info]  [OverlayKeybindExperimentManager] Experiments initialized
[2026-08-22 13:26:00.569] [info]  [SignalHelpers.web] signalAllAcceptedCredentials [object Object]
[2026-08-22 13:26:00.817] [warn]  [SignalHelpers.web] [object DOMException]
[2026-08-22 13:26:00.882] [info]  [Routing/Utils] transitionTo - Transitioning to /channels/@me/1330421763812626466
[2026-08-22 13:26:00.883] [info]  [MessageActionCreators] Fetching messages for 1330421763812626466 between undefined and undefined. jump={"jumpType":"ANIMATED"}
[2026-08-22 13:26:01.232] [info]  [MessageActionCreators] Fetched 15 messages for 1330421763812626466 isBefore:false isAfter:false
[2026-08-22 13:26:01.235] [info]  [ChannelMessages] loadComplete: resetting state for channelId=1330421763812626466, sending.length=0
[2026-08-22 13:26:03.261] [info]  [MessageActionCreators] Fetching messages for 1330421763812626466 between undefined and 1540504768991072338. jump=undefined
[2026-08-22 13:26:03.264] [info]  [Clips] decider: clear() called — currentSessionGameKey=null currentSessionId=undefined pendingSessionGameKey=null candidates=0
[2026-08-22 13:26:03.264] [info]  [Clips] decider: processClipCandidates — sessionId=undefined candidates=0 staleCandidates=0 autoStashEnabled=false
[2026-08-22 13:26:03.265] [info]  [Clips] ranked clips: [object Object]
[2026-08-22 13:26:03.522] [info]  [MessageActionCreators] Fetched 30 messages for 1330421763812626466 isBefore:true isAfter:false
[2026-08-22 13:26:04.077] [info]  [RTCControlSocket(default)] [CONNECT] wss://c-lax01-7d16435c.discord.media:443/
[2026-08-22 13:26:04.077] [info]  [RTCConnection(1330421763812626466, default)] Connecting to RTC server wss://c-lax01-7d16435c.discord.media:443/, rtc-connection-id: ead2f869-7cdd-4bc6-b47e-13e0c7a16dd9, channel: 1330421763812626466(1)
[2026-08-22 13:26:04.078] [info]  [RTCConnection(1330421763812626466, default)] RTC connection state: AWAITING_ENDPOINT => CONNECTING
[2026-08-22 13:26:04.510] [info]  [RTCConnection(1330421763812626466, default)] Connected to RTC server.
[2026-08-22 13:26:04.510] [info]  [RTCControlSocket(default)] [CONNECTED] wss://c-lax01-7d16435c.discord.media:443/ in 433 ms
[2026-08-22 13:26:04.510] [info]  [RTCConnection(1330421763812626466, default)] RTC connection state: CONNECTING => AUTHENTICATING
[2026-08-22 13:26:04.511] [info]  [RTCControlSocket(default)] [HELLO] heartbeat interval: 13750, version: 8, took 434 ms
[2026-08-22 13:26:04.511] [info]  [RTCControlSocket(default)] Starting heartbeat with interval: 13750
[2026-08-22 13:26:04.622] [info]  [RTCControlSocket(default)] [READY] took 546 ms
[2026-08-22 13:26:04.623] [info]  [RTCConnection(1330421763812626466, default)] RTC connection state: AUTHENTICATING => RTC_CONNECTING
[2026-08-22 13:26:04.625] [info]  [Connection(default)] Creating connection to 104.29.157.57:19320 with audio ssrc: 5534
[2026-08-22 13:26:05.025] [info]  [discord_protos.discord_users.v1.FrecencyUserSettings] Loading proto
[2026-08-22 13:26:07.390] [info]  [Connection(default)] Connected with local address 172.56.210.146:35180 and protocol: udp
[2026-08-22 13:26:07.390] [info]  [Connection(default)] Available engine codecs: "[{\"codec\":\"AV1\",\"decode\":true,\"encode\":false},{\"codec\":\"H264\",\"decode\":true,\"encode\":true},{\"codec\":\"VP8\",\"decode\":true,\"encode\":true}]\n"
[2026-08-22 13:26:07.390] [info]  [Connection(default)] Experimental codecs: [{"name":"AV1","encode":false,"decode":true},{"name":"H265","encode":true,"decode":true}]
[2026-08-22 13:26:07.391] [info]  [Connection(default)] Audio codecs: opus
[2026-08-22 13:26:07.391] [info]  [Connection(default)] Video codecs: AV1[encode: false, decode: true],H264[encode: true, decode: true],VP8[encode: true, decode: true]
[2026-08-22 13:26:07.391] [info]  [Connection(default)] Encryption modes: aead_aes256_gcm_rtpsize,aead_aes256_gcm,aead_xchacha20_poly1305_rtpsize,xsalsa20_poly1305_lite_rtpsize,xsalsa20_poly1305_lite,xsalsa20_poly1305_suffix,xsalsa20_poly1305
[2026-08-22 13:26:07.391] [info]  [Connection(default)] Connection state change: CONNECTING => CONNECTED
[2026-08-22 13:26:07.391] [info]  [RTCConnection(1330421763812626466, default)] RTC media connection state change: RTC_CONNECTING => CONNECTED
[2026-08-22 13:26:07.391] [info]  [RTCConnection(1330421763812626466, default)] RTC connection state: RTC_CONNECTING => RTC_CONNECTED
[2026-08-22 13:26:07.394] [info]  [RTCConnection(1330421763812626466, default)] RTC connected to media server: 104.29.157.57:19320
[2026-08-22 13:26:07.394] [info]  [RTCConnection(1330421763812626466, default)] Sending UDP info to RTC server. [object Object] fixed_keyframe_interval
[2026-08-22 13:26:07.394] [info]  [Connection(default)] Creating user: 1312221304283467830 with audio SSRC: 0 and video SSRCs: 
[2026-08-22 13:26:07.407] [info]  [DirectVideo] create video element for 2, readyState=0
[2026-08-22 13:26:07.408] [info]  [DirectVideo] attaching srcObject for 2
[2026-08-22 13:26:07.409] [info]  Subscribing to direct frames for streamId 2
[2026-08-22 13:26:07.421] [info]  [DirectVideo] handleReady for 2, have onReady callback = true
[2026-08-22 13:26:07.422] [info]  [VideoStream] spinner visible for 13 ms
      [self_video, count for stream: 1]
[2026-08-22 13:26:07.448] [info]  [RTCConnection(1330421763812626466, default)] Setting media-session-id: 5bd71d0a936dc7659545c430fe46d3ef for rtc-connection-id: ead2f869-7cdd-4bc6-b47e-13e0c7a16dd9
[2026-08-22 13:26:07.449] [info]  [Connection(default)] Selected encryption mode: aead_aes256_gcm_rtpsize
[2026-08-22 13:26:07.449] [info]  [RTCConnection(1330421763812626466, default)] DAVE protocol init with protocol version: 1
[2026-08-22 13:26:07.449] [info]  [RTCConnection(1330421763812626466, default)] Remote media sink wants: {"any":100}
[2026-08-22 13:26:07.450] [info]  [RTCConnection(1330421763812626466, default)] Received MLS external sender package
[2026-08-22 13:26:07.450] [info]  [RTCConnection(1330421763812626466, default)] Remote media sink wants: {"any":100}
[2026-08-22 13:26:07.457] [info]  [DirectVideo] create video element for 4, readyState=0
[2026-08-22 13:26:07.458] [info]  Unsubscribing from direct frames for streamId 2
[2026-08-22 13:26:07.458] [info]  [DirectVideo] attaching srcObject for 4
[2026-08-22 13:26:07.459] [info]  Subscribing to direct frames for streamId 4
[2026-08-22 13:26:07.464] [info]  [Connection(default)] DAVE protocol state update: {"version":1,"epochAuthenticator":""}
[2026-08-22 13:26:07.464] [info]  [RTCConnection(1330421763812626466, default)] Got MLS key package, sending to RTC server
[2026-08-22 13:26:07.464] [info]  [RTCControlSocket(default)] Sending MLS key package
[2026-08-22 13:26:07.488] [info]  [RTCConnection(1330421763812626466, default)] Remote media sink wants: {"any":100}
[2026-08-22 13:26:07.489] [info]  [DirectVideo] handleReady for 4, have onReady callback = true
[2026-08-22 13:26:07.490] [info]  [VideoStream] spinner visible for 31 ms
      [self_video, count for stream: 1]
[2026-08-22 13:26:07.573] [info]  [RTCConnection(1330421763812626466, default)] Remote media sink wants: {"5535":100,"any":100}
[2026-08-22 13:26:08.089] [info]  [RTCConnection(1330421763812626466, default)] Received MLS proposals
[2026-08-22 13:26:08.099] [info]  [RTCConnection(1330421763812626466, default)] Sending MLS commit welcome message
[2026-08-22 13:26:08.099] [info]  [RTCControlSocket(default)] Sending MLS commit + welcome message
[2026-08-22 13:26:08.278] [info]  [RTCConnection(1330421763812626466, default)] Received MLS commit for transition ID 0
[2026-08-22 13:26:08.279] [info]  [Connection(default)] DAVE protocol state update: {"version":1,"epochAuthenticator":"kxL0eXJSHbG8PxNt4WHI0ccjXyFrsIFKAcUZKc380po="}
[2026-08-22 13:26:08.901] [info]  [Connection(default)] Creating user: 1312221304283467830 with audio SSRC: 5537 and video SSRCs: 
[2026-08-22 13:26:08.918] [info]  [InputWatcher] Silence: false
[2026-08-22 13:26:10.425] [info]  [libdiscore] [BlockedDomainsStore] Successfully fetched blocked domains
[2026-08-22 13:26:18.262] [info]  [RTCControlSocket(default)] Sending heartbeat with last received sequence number: 10
[2026-08-22 13:26:18.327] [info]  [RTCControlSocket(default)] Heartbeat ACK received
[2026-08-22 13:26:32.015] [info]  [RTCControlSocket(default)] Sending heartbeat with last received sequence number: 10
[2026-08-22 13:26:32.048] [info]  [RTCControlSocket(default)] Heartbeat ACK received
[2026-08-22 13:26:45.762] [info]  [RTCControlSocket(default)] Sending heartbeat with last received sequence number: 10
[2026-08-22 13:26:45.805] [info]  [RTCControlSocket(default)] Heartbeat ACK received
[2026-08-22 13:26:47.788] [info]  [RTCConnection(1330421763812626466, default)] Remote media sink wants: {"5535":0,"any":100}
[2026-08-22 13:26:59.512] [info]  [RTCControlSocket(default)] Sending heartbeat with last received sequence number: 11
[2026-08-22 13:26:59.540] [info]  [RTCControlSocket(default)] Heartbeat ACK received
[2026-08-22 13:27:13.262] [info]  [RTCControlSocket(default)] Sending heartbeat with last received sequence number: 11
[2026-08-22 13:27:13.283] [info]  [RTCControlSocket(default)] Heartbeat ACK received
[2026-08-22 13:27:27.012] [info]  [RTCControlSocket(default)] Sending heartbeat with last received sequence number: 11
[2026-08-22 13:27:27.045] [info]  [RTCControlSocket(default)] Heartbeat ACK received
[2026-08-22 13:27:40.762] [info]  [RTCControlSocket(default)] Sending heartbeat with last received sequence number: 11
[2026-08-22 13:27:40.791] [info]  [RTCControlSocket(default)] Heartbeat ACK received
[2026-08-22 13:27:54.512] [info]  [RTCControlSocket(default)] Sending heartbeat with last received sequence number: 11
[2026-08-22 13:27:54.538] [info]  [RTCControlSocket(default)] Heartbeat ACK received
[2026-08-22 13:28:08.262] [info]  [RTCControlSocket(default)] Sending heartbeat with last received sequence number: 11
[2026-08-22 13:28:08.295] [info]  [RTCControlSocket(default)] Heartbeat ACK received
[2026-08-22 13:28:22.012] [info]  [RTCControlSocket(default)] Sending heartbeat with last received sequence number: 11
[2026-08-22 13:28:22.044] [info]  [RTCControlSocket(default)] Heartbeat ACK received
[2026-08-22 13:28:35.762] [info]  [RTCControlSocket(default)] Sending heartbeat with last received sequence number: 11
[2026-08-22 13:28:35.799] [info]  [RTCControlSocket(default)] Heartbeat ACK received
[2026-08-22 13:28:49.512] [info]  [RTCControlSocket(default)] Sending heartbeat with last received sequence number: 11
[2026-08-22 13:28:49.538] [info]  [RTCControlSocket(default)] Heartbeat ACK received
[2026-08-22 13:29:03.262] [info]  [RTCControlSocket(default)] Sending heartbeat with last received sequence number: 11
[2026-08-22 13:29:03.341] [info]  [RTCControlSocket(default)] Heartbeat ACK received
[2026-08-22 13:29:17.012] [info]  [RTCControlSocket(default)] Sending heartbeat with last received sequence number: 11
[2026-08-22 13:29:17.039] [info]  [RTCControlSocket(default)] Heartbeat ACK received
[2026-08-22 13:29:30.762] [info]  [RTCControlSocket(default)] Sending heartbeat with last received sequence number: 11
[2026-08-22 13:29:30.803] [info]  [RTCControlSocket(default)] Heartbeat ACK received
[2026-08-22 13:29:44.512] [info]  [RTCControlSocket(default)] Sending heartbeat with last received sequence number: 11
[2026-08-22 13:29:44.538] [info]  [RTCControlSocket(default)] Heartbeat ACK received
[2026-08-22 13:29:58.262] [info]  [RTCControlSocket(default)] Sending heartbeat with last received sequence number: 11
[2026-08-22 13:29:58.294] [info]  [RTCControlSocket(default)] Heartbeat ACK received
[2026-08-22 13:30:12.012] [info]  [RTCControlSocket(default)] Sending heartbeat with last received sequence number: 11
[2026-08-22 13:30:12.054] [info]  [RTCControlSocket(default)] Heartbeat ACK received
[2026-08-22 13:30:25.762] [info]  [RTCControlSocket(default)] Sending heartbeat with last received sequence number: 11
[2026-08-22 13:30:25.799] [info]  [RTCControlSocket(default)] Heartbeat ACK received
[2026-08-22 13:30:39.512] [info]  [RTCControlSocket(default)] Sending heartbeat with last received sequence number: 11
[2026-08-22 13:30:39.557] [info]  [RTCControlSocket(default)] Heartbeat ACK received
[2026-08-22 13:30:53.265] [info]  [RTCControlSocket(default)] Sending heartbeat with last received sequence number: 11
[2026-08-22 13:30:53.299] [info]  [RTCControlSocket(default)] Heartbeat ACK received
[2026-08-22 13:31:07.014] [info]  [RTCControlSocket(default)] Sending heartbeat with last received sequence number: 11
[2026-08-22 13:31:07.044] [info]  [RTCControlSocket(default)] Heartbeat ACK received
[2026-08-22 13:31:20.762] [info]  [RTCControlSocket(default)] Sending heartbeat with last received sequence number: 11
[2026-08-22 13:31:20.804] [info]  [RTCControlSocket(default)] Heartbeat ACK received
[2026-08-22 13:31:34.512] [info]  [RTCControlSocket(default)] Sending heartbeat with last received sequence number: 11
[2026-08-22 13:31:34.540] [info]  [RTCControlSocket(default)] Heartbeat ACK received
[2026-08-22 13:31:48.262] [info]  [RTCControlSocket(default)] Sending heartbeat with last received sequence number: 11
[2026-08-22 13:31:48.299] [info]  [RTCControlSocket(default)] Heartbeat ACK received
[2026-08-22 13:32:02.012] [info]  [RTCControlSocket(default)] Sending heartbeat with last received sequence number: 11
[2026-08-22 13:32:02.038] [info]  [RTCControlSocket(default)] Heartbeat ACK received
[2026-08-22 13:32:15.762] [info]  [RTCControlSocket(default)] Sending heartbeat with last received sequence number: 11
[2026-08-22 13:32:15.836] [info]  [RTCControlSocket(default)] Heartbeat ACK received
[2026-08-22 13:32:29.512] [info]  [RTCControlSocket(default)] Sending heartbeat with last received sequence number: 11
[2026-08-22 13:32:29.561] [info]  [RTCControlSocket(default)] Heartbeat ACK received
[2026-08-22 13:32:43.262] [info]  [RTCControlSocket(default)] Sending heartbeat with last received sequence number: 11
[2026-08-22 13:32:43.294] [info]  [RTCControlSocket(default)] Heartbeat ACK received
[2026-08-22 13:32:57.012] [info]  [RTCControlSocket(default)] Sending heartbeat with last received sequence number: 11
[2026-08-22 13:32:57.056] [info]  [RTCControlSocket(default)] Heartbeat ACK received
[2026-08-22 13:33:10.762] [info]  [RTCControlSocket(default)] Sending heartbeat with last received sequence number: 11
[2026-08-22 13:33:10.813] [info]  [RTCControlSocket(default)] Heartbeat ACK received
[2026-08-22 13:33:24.512] [info]  [RTCControlSocket(default)] Sending heartbeat with last received sequence number: 11
[2026-08-22 13:33:24.562] [info]  [RTCControlSocket(default)] Heartbeat ACK received
[2026-08-22 13:33:38.262] [info]  [RTCControlSocket(default)] Sending heartbeat with last received sequence number: 11
[2026-08-22 13:33:38.300] [info]  [RTCControlSocket(default)] Heartbeat ACK received
[2026-08-22 13:33:52.012] [info]  [RTCControlSocket(default)] Sending heartbeat with last received sequence number: 11
[2026-08-22 13:33:52.071] [info]  [RTCControlSocket(default)] Heartbeat ACK received
[2026-08-22 13:34:05.762] [info]  [RTCControlSocket(default)] Sending heartbeat with last received sequence number: 11
[2026-08-22 13:34:05.799] [info]  [RTCControlSocket(default)] Heartbeat ACK received
[2026-08-22 13:34:19.512] [info]  [RTCControlSocket(default)] Sending heartbeat with last received sequence number: 11
[2026-08-22 13:34:19.552] [info]  [RTCControlSocket(default)] Heartbeat ACK received
[2026-08-22 13:34:33.262] [info]  [RTCControlSocket(default)] Sending heartbeat with last received sequence number: 11
[2026-08-22 13:34:33.307] [info]  [RTCControlSocket(default)] Heartbeat ACK received
[2026-08-22 13:34:47.012] [info]  [RTCControlSocket(default)] Sending heartbeat with last received sequence number: 11
[2026-08-22 13:34:47.071] [info]  [RTCControlSocket(default)] Heartbeat ACK received
[2026-08-22 13:35:00.762] [info]  [RTCControlSocket(default)] Sending heartbeat with last received sequence number: 11
[2026-08-22 13:35:00.796] [info]  [RTCControlSocket(default)] Heartbeat ACK received
[2026-08-22 13:35:14.512] [info]  [RTCControlSocket(default)] Sending heartbeat with last received sequence number: 11
[2026-08-22 13:35:14.540] [info]  [RTCControlSocket(default)] Heartbeat ACK received
[2026-08-22 13:35:28.262] [info]  [RTCControlSocket(default)] Sending heartbeat with last received sequence number: 11
[2026-08-22 13:35:28.300] [info]  [RTCControlSocket(default)] Heartbeat ACK received
[2026-08-22 13:35:42.012] [info]  [RTCControlSocket(default)] Sending heartbeat with last received sequence number: 11
[2026-08-22 13:35:42.041] [info]  [RTCControlSocket(default)] Heartbeat ACK received
[2026-08-22 13:35:55.762] [info]  [RTCControlSocket(default)] Sending heartbeat with last received sequence number: 11
[2026-08-22 13:35:55.790] [info]  [RTCControlSocket(default)] Heartbeat ACK received
[2026-08-22 13:36:09.512] [info]  [RTCControlSocket(default)] Sending heartbeat with last received sequence number: 11
[2026-08-22 13:36:09.557] [info]  [RTCControlSocket(default)] Heartbeat ACK received
[2026-08-22 13:36:23.262] [info]  [RTCControlSocket(default)] Sending heartbeat with last received sequence number: 11
[2026-08-22 13:36:23.302] [info]  [RTCControlSocket(default)] Heartbeat ACK received
[2026-08-22 13:36:37.014] [info]  [RTCControlSocket(default)] Sending heartbeat with last received sequence number: 11
[2026-08-22 13:36:37.047] [info]  [RTCControlSocket(default)] Heartbeat ACK received
[2026-08-22 13:36:50.762] [info]  [RTCControlSocket(default)] Sending heartbeat with last received sequence number: 11
[2026-08-22 13:36:50.807] [info]  [RTCControlSocket(default)] Heartbeat ACK received
[2026-08-22 13:37:04.512] [info]  [RTCControlSocket(default)] Sending heartbeat with last received sequence number: 11
[2026-08-22 13:37:04.551] [info]  [RTCControlSocket(default)] Heartbeat ACK received
[2026-08-22 13:37:18.262] [info]  [RTCControlSocket(default)] Sending heartbeat with last received sequence number: 11
[2026-08-22 13:37:18.289] [info]  [RTCControlSocket(default)] Heartbeat ACK received
[2026-08-22 13:37:32.012] [info]  [RTCControlSocket(default)] Sending heartbeat with last received sequence number: 11
[2026-08-22 13:37:32.046] [info]  [RTCControlSocket(default)] Heartbeat ACK received
[2026-08-22 13:37:45.762] [info]  [RTCControlSocket(default)] Sending heartbeat with last received sequence number: 11
[2026-08-22 13:37:45.806] [info]  [RTCControlSocket(default)] Heartbeat ACK received
[2026-08-22 13:37:59.512] [info]  [RTCControlSocket(default)] Sending heartbeat with last received sequence number: 11
[2026-08-22 13:37:59.575] [info]  [RTCControlSocket(default)] Heartbeat ACK received
[2026-08-22 13:38:13.262] [info]  [RTCControlSocket(default)] Sending heartbeat with last received sequence number: 11
[2026-08-22 13:38:13.319] [info]  [RTCControlSocket(default)] Heartbeat ACK received
[2026-08-22 13:38:27.012] [info]  [RTCControlSocket(default)] Sending heartbeat with last received sequence number: 11
[2026-08-22 13:38:27.041] [info]  [RTCControlSocket(default)] Heartbeat ACK received
[2026-08-22 13:38:40.762] [info]  [RTCControlSocket(default)] Sending heartbeat with last received sequence number: 11
[2026-08-22 13:38:40.785] [info]  [RTCControlSocket(default)] Heartbeat ACK received
[2026-08-22 13:38:54.512] [info]  [RTCControlSocket(default)] Sending heartbeat with last received sequence number: 11
[2026-08-22 13:38:54.546] [info]  [RTCControlSocket(default)] Heartbeat ACK received
[2026-08-22 13:39:08.262] [info]  [RTCControlSocket(default)] Sending heartbeat with last received sequence number: 11
[2026-08-22 13:39:08.290] [info]  [RTCControlSocket(default)] Heartbeat ACK received
[2026-08-22 13:39:22.012] [info]  [RTCControlSocket(default)] Sending heartbeat with last received sequence number: 11
[2026-08-22 13:39:22.040] [info]  [RTCControlSocket(default)] Heartbeat ACK received
[2026-08-22 13:39:35.762] [info]  [RTCControlSocket(default)] Sending heartbeat with last received sequence number: 11
[2026-08-22 13:39:35.795] [info]  [RTCControlSocket(default)] Heartbeat ACK received
[2026-08-22 13:39:49.512] [info]  [RTCControlSocket(default)] Sending heartbeat with last received sequence number: 11
[2026-08-22 13:39:49.547] [info]  [RTCControlSocket(default)] Heartbeat ACK received
[2026-08-22 13:40:03.262] [info]  [RTCControlSocket(default)] Sending heartbeat with last received sequence number: 11
[2026-08-22 13:40:03.305] [info]  [RTCControlSocket(default)] Heartbeat ACK received
[2026-08-22 13:40:17.012] [info]  [RTCControlSocket(default)] Sending heartbeat with last received sequence number: 11
[2026-08-22 13:40:17.063] [info]  [RTCControlSocket(default)] Heartbeat ACK received
[2026-08-22 13:40:30.762] [info]  [RTCControlSocket(default)] Sending heartbeat with last received sequence number: 11
[2026-08-22 13:40:30.806] [info]  [RTCControlSocket(default)] Heartbeat ACK received
[2026-08-22 13:40:44.512] [info]  [RTCControlSocket(default)] Sending heartbeat with last received sequence number: 11
[2026-08-22 13:40:44.547] [info]  [RTCControlSocket(default)] Heartbeat ACK received
[2026-08-22 13:40:58.262] [info]  [RTCControlSocket(default)] Sending heartbeat with last received sequence number: 11
[2026-08-22 13:40:58.290] [info]  [RTCControlSocket(default)] Heartbeat ACK received
[2026-08-22 13:41:12.012] [info]  [RTCControlSocket(default)] Sending heartbeat with last received sequence number: 11
[2026-08-22 13:41:12.040] [info]  [RTCControlSocket(default)] Heartbeat ACK received
[2026-08-22 13:41:25.762] [info]  [RTCControlSocket(default)] Sending heartbeat with last received sequence number: 11
[2026-08-22 13:41:25.792] [info]  [RTCControlSocket(default)] Heartbeat ACK received
[2026-08-22 13:41:39.512] [info]  [RTCControlSocket(default)] Sending heartbeat with last received sequence number: 11
[2026-08-22 13:41:39.540] [info]  [RTCControlSocket(default)] Heartbeat ACK received
[2026-08-22 13:41:53.262] [info]  [RTCControlSocket(default)] Sending heartbeat with last received sequence number: 11
[2026-08-22 13:41:53.288] [info]  [RTCControlSocket(default)] Heartbeat ACK received
[2026-08-22 13:42:07.012] [info]  [RTCControlSocket(default)] Sending heartbeat with last received sequence number: 11
[2026-08-22 13:42:07.044] [info]  [RTCControlSocket(default)] Heartbeat ACK received
[2026-08-22 13:42:20.762] [info]  [RTCControlSocket(default)] Sending heartbeat with last received sequence number: 11
[2026-08-22 13:42:20.803] [info]  [RTCControlSocket(default)] Heartbeat ACK received
[2026-08-22 13:42:34.512] [info]  [RTCControlSocket(default)] Sending heartbeat with last received sequence number: 11
[2026-08-22 13:42:34.548] [info]  [RTCControlSocket(default)] Heartbeat ACK received
[2026-08-22 13:42:48.262] [info]  [RTCControlSocket(default)] Sending heartbeat with last received sequence number: 11
[2026-08-22 13:42:48.282] [info]  [RTCControlSocket(default)] Heartbeat ACK received
[2026-08-22 13:43:02.012] [info]  [RTCControlSocket(default)] Sending heartbeat with last received sequence number: 11
[2026-08-22 13:43:02.043] [info]  [RTCControlSocket(default)] Heartbeat ACK received
[2026-08-22 13:43:15.762] [info]  [RTCControlSocket(default)] Sending heartbeat with last received sequence number: 11
[2026-08-22 13:43:15.792] [info]  [RTCControlSocket(default)] Heartbeat ACK received
[2026-08-22 13:43:29.517] [info]  [RTCControlSocket(default)] Sending heartbeat with last received sequence number: 11
[2026-08-22 13:43:29.552] [info]  [RTCControlSocket(default)] Heartbeat ACK received
[2026-08-22 13:43:43.262] [info]  [RTCControlSocket(default)] Sending heartbeat with last received sequence number: 11
[2026-08-22 13:43:43.297] [info]  [RTCControlSocket(default)] Heartbeat ACK received
[2026-08-22 13:43:57.012] [info]  [RTCControlSocket(default)] Sending heartbeat with last received sequence number: 11
[2026-08-22 13:43:57.057] [info]  [RTCControlSocket(default)] Heartbeat ACK received
[2026-08-22 13:44:10.762] [info]  [RTCControlSocket(default)] Sending heartbeat with last received sequence number: 11
[2026-08-22 13:44:10.796] [info]  [RTCControlSocket(default)] Heartbeat ACK received
[2026-08-22 13:44:24.512] [info]  [RTCControlSocket(default)] Sending heartbeat with last received sequence number: 11
[2026-08-22 13:44:24.555] [info]  [RTCControlSocket(default)] Heartbeat ACK received
[2026-08-22 13:44:38.262] [info]  [RTCControlSocket(default)] Sending heartbeat with last received sequence number: 11
[2026-08-22 13:44:38.300] [info]  [RTCControlSocket(default)] Heartbeat ACK received
[2026-08-22 13:44:52.012] [info]  [RTCControlSocket(default)] Sending heartbeat with last received sequence number: 11
[2026-08-22 13:44:52.040] [info]  [RTCControlSocket(default)] Heartbeat ACK received
[2026-08-22 13:45:05.762] [info]  [RTCControlSocket(default)] Sending heartbeat with last received sequence number: 11
[2026-08-22 13:45:05.785] [info]  [RTCControlSocket(default)] Heartbeat ACK received
[2026-08-22 13:45:19.512] [info]  [RTCControlSocket(default)] Sending heartbeat with last received sequence number: 11
[2026-08-22 13:45:19.540] [info]  [RTCControlSocket(default)] Heartbeat ACK received
[2026-08-22 13:45:33.262] [info]  [RTCControlSocket(default)] Sending heartbeat with last received sequence number: 11
[2026-08-22 13:45:33.296] [info]  [RTCControlSocket(default)] Heartbeat ACK received
[2026-08-22 13:45:47.012] [info]  [RTCControlSocket(default)] Sending heartbeat with last received sequence number: 11
[2026-08-22 13:45:47.040] [info]  [RTCControlSocket(default)] Heartbeat ACK received
[2026-08-22 13:46:00.762] [info]  [RTCControlSocket(default)] Sending heartbeat with last received sequence number: 11
[2026-08-22 13:46:00.793] [info]  [RTCControlSocket(default)] Heartbeat ACK received
[2026-08-22 13:46:14.512] [info]  [RTCControlSocket(default)] Sending heartbeat with last received sequence number: 11
[2026-08-22 13:46:14.554] [info]  [RTCControlSocket(default)] Heartbeat ACK received
[2026-08-22 13:46:28.262] [info]  [RTCControlSocket(default)] Sending heartbeat with last received sequence number: 11
[2026-08-22 13:46:28.295] [info]  [RTCControlSocket(default)] Heartbeat ACK received
[2026-08-22 13:46:42.012] [info]  [RTCControlSocket(default)] Sending heartbeat with last received sequence number: 11
[2026-08-22 13:46:42.044] [info]  [RTCControlSocket(default)] Heartbeat ACK received
[2026-08-22 13:46:55.762] [info]  [RTCControlSocket(default)] Sending heartbeat with last received sequence number: 11
[2026-08-22 13:46:55.794] [info]  [RTCControlSocket(default)] Heartbeat ACK received
[2026-08-22 13:47:09.512] [info]  [RTCControlSocket(default)] Sending heartbeat with last received sequence number: 11
[2026-08-22 13:47:09.535] [info]  [RTCControlSocket(default)] Heartbeat ACK received
[2026-08-22 13:47:23.262] [info]  [RTCControlSocket(default)] Sending heartbeat with last received sequence number: 11
[2026-08-22 13:47:23.297] [info]  [RTCControlSocket(default)] Heartbeat ACK received
[2026-08-22 13:47:37.012] [info]  [RTCControlSocket(default)] Sending heartbeat with last received sequence number: 11
[2026-08-22 13:47:37.033] [info]  [RTCControlSocket(default)] Heartbeat ACK received
[2026-08-22 13:47:50.762] [info]  [RTCControlSocket(default)] Sending heartbeat with last received sequence number: 11
[2026-08-22 13:47:50.814] [info]  [RTCControlSocket(default)] Heartbeat ACK received
[2026-08-22 13:48:04.512] [info]  [RTCControlSocket(default)] Sending heartbeat with last received sequence number: 11
[2026-08-22 13:48:04.553] [info]  [RTCControlSocket(default)] Heartbeat ACK received
[2026-08-22 13:48:18.262] [info]  [RTCControlSocket(default)] Sending heartbeat with last received sequence number: 11
[2026-08-22 13:48:18.292] [info]  [RTCControlSocket(default)] Heartbeat ACK received
[2026-08-22 13:48:32.012] [info]  [RTCControlSocket(default)] Sending heartbeat with last received sequence number: 11
[2026-08-22 13:48:32.047] [info]  [RTCControlSocket(default)] Heartbeat ACK received
[2026-08-22 13:48:45.762] [info]  [RTCControlSocket(default)] Sending heartbeat with last received sequence number: 11
[2026-08-22 13:48:45.797] [info]  [RTCControlSocket(default)] Heartbeat ACK received
[2026-08-22 13:48:59.512] [info]  [RTCControlSocket(default)] Sending heartbeat with last received sequence number: 11
[2026-08-22 13:48:59.555] [info]  [RTCControlSocket(default)] Heartbeat ACK received
[2026-08-22 13:49:13.262] [info]  [RTCControlSocket(default)] Sending heartbeat with last received sequence number: 11
[2026-08-22 13:49:13.297] [info]  [RTCControlSocket(default)] Heartbeat ACK received
[2026-08-22 13:49:27.012] [info]  [RTCControlSocket(default)] Sending heartbeat with last received sequence number: 11
[2026-08-22 13:49:27.041] [info]  [RTCControlSocket(default)] Heartbeat ACK received
[2026-08-22 13:49:40.762] [info]  [RTCControlSocket(default)] Sending heartbeat with last received sequence number: 11
[2026-08-22 13:49:40.796] [info]  [RTCControlSocket(default)] Heartbeat ACK received
[2026-08-22 13:49:54.512] [info]  [RTCControlSocket(default)] Sending heartbeat with last received sequence number: 11
[2026-08-22 13:49:54.546] [info]  [RTCControlSocket(default)] Heartbeat ACK received
[2026-08-22 13:50:08.262] [info]  [RTCControlSocket(default)] Sending heartbeat with last received sequence number: 11
[2026-08-22 13:50:08.292] [info]  [RTCControlSocket(default)] Heartbeat ACK received
[2026-08-22 13:50:22.012] [info]  [RTCControlSocket(default)] Sending heartbeat with last received sequence number: 11
[2026-08-22 13:50:22.059] [info]  [RTCControlSocket(default)] Heartbeat ACK received
[2026-08-22 13:50:35.762] [info]  [RTCControlSocket(default)] Sending heartbeat with last received sequence number: 11
[2026-08-22 13:50:35.804] [info]  [RTCControlSocket(default)] Heartbeat ACK received
[2026-08-22 13:50:49.512] [info]  [RTCControlSocket(default)] Sending heartbeat with last received sequence number: 11
[2026-08-22 13:50:49.536] [info]  [RTCControlSocket(default)] Heartbeat ACK received
[2026-08-22 13:51:03.262] [info]  [RTCControlSocket(default)] Sending heartbeat with last received sequence number: 11
[2026-08-22 13:51:03.306] [info]  [RTCControlSocket(default)] Heartbeat ACK received
[2026-08-22 13:51:17.012] [info]  [RTCControlSocket(default)] Sending heartbeat with last received sequence number: 11
[2026-08-22 13:51:17.053] [info]  [RTCControlSocket(default)] Heartbeat ACK received
[2026-08-22 13:51:30.762] [info]  [RTCControlSocket(default)] Sending heartbeat with last received sequence number: 11
[2026-08-22 13:51:30.792] [info]  [RTCControlSocket(default)] Heartbeat ACK received
[2026-08-22 13:51:44.512] [info]  [RTCControlSocket(default)] Sending heartbeat with last received sequence number: 11
[2026-08-22 13:51:44.540] [info]  [RTCControlSocket(default)] Heartbeat ACK received
[2026-08-22 13:51:58.262] [info]  [RTCControlSocket(default)] Sending heartbeat with last received sequence number: 11
[2026-08-22 13:51:58.307] [info]  [RTCControlSocket(default)] Heartbeat ACK received
[2026-08-22 13:52:12.012] [info]  [RTCControlSocket(default)] Sending heartbeat with last received sequence number: 11
[2026-08-22 13:52:12.042] [info]  [RTCControlSocket(default)] Heartbeat ACK received
[2026-08-22 13:52:25.762] [info]  [RTCControlSocket(default)] Sending heartbeat with last received sequence number: 11
[2026-08-22 13:52:25.789] [info]  [RTCControlSocket(default)] Heartbeat ACK received
[2026-08-22 13:52:39.512] [info]  [RTCControlSocket(default)] Sending heartbeat with last received sequence number: 11
[2026-08-22 13:52:39.554] [info]  [RTCControlSocket(default)] Heartbeat ACK received
[2026-08-22 13:52:53.262] [info]  [RTCControlSocket(default)] Sending heartbeat with last received sequence number: 11
[2026-08-22 13:52:53.294] [info]  [RTCControlSocket(default)] Heartbeat ACK received
[2026-08-22 13:53:07.012] [info]  [RTCControlSocket(default)] Sending heartbeat with last received sequence number: 11
[2026-08-22 13:53:07.040] [info]  [RTCControlSocket(default)] Heartbeat ACK received
[2026-08-22 13:53:20.762] [info]  [RTCControlSocket(default)] Sending heartbeat with last received sequence number: 11
[2026-08-22 13:53:20.818] [info]  [RTCControlSocket(default)] Heartbeat ACK received
[2026-08-22 13:53:34.512] [info]  [RTCControlSocket(default)] Sending heartbeat with last received sequence number: 11
[2026-08-22 13:53:34.539] [info]  [RTCControlSocket(default)] Heartbeat ACK received
[2026-08-22 13:53:48.262] [info]  [RTCControlSocket(default)] Sending heartbeat with last received sequence number: 11
[2026-08-22 13:53:48.301] [info]  [RTCControlSocket(default)] Heartbeat ACK received
[2026-08-22 13:54:02.012] [info]  [RTCControlSocket(default)] Sending heartbeat with last received sequence number: 11
[2026-08-22 13:54:02.049] [info]  [RTCControlSocket(default)] Heartbeat ACK received
[2026-08-22 13:54:15.762] [info]  [RTCControlSocket(default)] Sending heartbeat with last received sequence number: 11
[2026-08-22 13:54:15.787] [info]  [RTCControlSocket(default)] Heartbeat ACK received
[2026-08-22 13:54:29.512] [info]  [RTCControlSocket(default)] Sending heartbeat with last received sequence number: 11
[2026-08-22 13:54:29.546] [info]  [RTCControlSocket(default)] Heartbeat ACK received
[2026-08-22 13:54:43.262] [info]  [RTCControlSocket(default)] Sending heartbeat with last received sequence number: 11
[2026-08-22 13:54:43.313] [info]  [RTCControlSocket(default)] Heartbeat ACK received
[2026-08-22 13:54:57.012] [info]  [RTCControlSocket(default)] Sending heartbeat with last received sequence number: 11
[2026-08-22 13:54:57.066] [info]  [RTCControlSocket(default)] Heartbeat ACK received
[2026-08-22 13:55:10.762] [info]  [RTCControlSocket(default)] Sending heartbeat with last received sequence number: 11
[2026-08-22 13:55:10.804] [info]  [RTCControlSocket(default)] Heartbeat ACK received
[2026-08-22 13:55:24.512] [info]  [RTCControlSocket(default)] Sending heartbeat with last received sequence number: 11
[2026-08-22 13:55:24.581] [info]  [RTCControlSocket(default)] Heartbeat ACK received
[2026-08-22 13:55:38.262] [info]  [RTCControlSocket(default)] Sending heartbeat with last received sequence number: 11
[2026-08-22 13:55:38.300] [info]  [RTCControlSocket(default)] Heartbeat ACK received
[2026-08-22 13:55:52.012] [info]  [RTCControlSocket(default)] Sending heartbeat with last received sequence number: 11
[2026-08-22 13:55:52.044] [info]  [RTCControlSocket(default)] Heartbeat ACK received
[2026-08-22 13:56:05.762] [info]  [RTCControlSocket(default)] Sending heartbeat with last received sequence number: 11
[2026-08-22 13:56:05.788] [info]  [RTCControlSocket(default)] Heartbeat ACK received
[2026-08-22 13:56:19.512] [info]  [RTCControlSocket(default)] Sending heartbeat with last received sequence number: 11
[2026-08-22 13:56:19.549] [info]  [RTCControlSocket(default)] Heartbeat ACK received
[2026-08-22 13:56:33.262] [info]  [RTCControlSocket(default)] Sending heartbeat with last received sequence number: 11
[2026-08-22 13:56:33.301] [info]  [RTCControlSocket(default)] Heartbeat ACK received
[2026-08-22 13:56:47.012] [info]  [RTCControlSocket(default)] Sending heartbeat with last received sequence number: 11
[2026-08-22 13:56:47.037] [info]  [RTCControlSocket(default)] Heartbeat ACK received
[2026-08-22 13:57:00.762] [info]  [RTCControlSocket(default)] Sending heartbeat with last received sequence number: 11
[2026-08-22 13:57:00.804] [info]  [RTCControlSocket(default)] Heartbeat ACK received
[2026-08-22 13:57:14.512] [info]  [RTCControlSocket(default)] Sending heartbeat with last received sequence number: 11
[2026-08-22 13:57:14.539] [info]  [RTCControlSocket(default)] Heartbeat ACK received
[2026-08-22 13:57:28.262] [info]  [RTCControlSocket(default)] Sending heartbeat with last received sequence number: 11
[2026-08-22 13:57:28.288] [info]  [RTCControlSocket(default)] Heartbeat ACK received
[2026-08-22 13:57:42.012] [info]  [RTCControlSocket(default)] Sending heartbeat with last received sequence number: 11
[2026-08-22 13:57:42.049] [info]  [RTCControlSocket(default)] Heartbeat ACK received
[2026-08-22 13:57:55.762] [info]  [RTCControlSocket(default)] Sending heartbeat with last received sequence number: 11
[2026-08-22 13:57:55.809] [info]  [RTCControlSocket(default)] Heartbeat ACK received
[2026-08-22 13:58:09.512] [info]  [RTCControlSocket(default)] Sending heartbeat with last received sequence number: 11
[2026-08-22 13:58:09.548] [info]  [RTCControlSocket(default)] Heartbeat ACK received
[2026-08-22 13:58:23.262] [info]  [RTCControlSocket(default)] Sending heartbeat with last received sequence number: 11
[2026-08-22 13:58:23.289] [info]  [RTCControlSocket(default)] Heartbeat ACK received
[2026-08-22 13:58:37.012] [info]  [RTCControlSocket(default)] Sending heartbeat with last received sequence number: 11
[2026-08-22 13:58:37.053] [info]  [RTCControlSocket(default)] Heartbeat ACK received
[2026-08-22 13:58:50.762] [info]  [RTCControlSocket(default)] Sending heartbeat with last received sequence number: 11
[2026-08-22 13:58:50.813] [info]  [RTCControlSocket(default)] Heartbeat ACK received
[2026-08-22 13:59:04.512] [info]  [RTCControlSocket(default)] Sending heartbeat with last received sequence number: 11
[2026-08-22 13:59:04.544] [info]  [RTCControlSocket(default)] Heartbeat ACK received
[2026-08-22 13:59:18.262] [info]  [RTCControlSocket(default)] Sending heartbeat with last received sequence number: 11
[2026-08-22 13:59:18.296] [info]  [RTCControlSocket(default)] Heartbeat ACK received
[2026-08-22 13:59:32.012] [info]  [RTCControlSocket(default)] Sending heartbeat with last received sequence number: 11
[2026-08-22 13:59:32.035] [info]  [RTCControlSocket(default)] Heartbeat ACK received
[2026-08-22 13:59:45.762] [info]  [RTCControlSocket(default)] Sending heartbeat with last received sequence number: 11
[2026-08-22 13:59:45.805] [info]  [RTCControlSocket(default)] Heartbeat ACK received
[2026-08-22 13:59:59.512] [info]  [RTCControlSocket(default)] Sending heartbeat with last received sequence number: 11
[2026-08-22 13:59:59.547] [info]  [RTCControlSocket(default)] Heartbeat ACK received
[2026-08-22 14:00:13.262] [info]  [RTCControlSocket(default)] Sending heartbeat with last received sequence number: 11
[2026-08-22 14:00:13.318] [info]  [RTCControlSocket(default)] Heartbeat ACK received
[2026-08-22 14:00:27.012] [info]  [RTCControlSocket(default)] Sending heartbeat with last received sequence number: 11
[2026-08-22 14:00:27.056] [info]  [RTCControlSocket(default)] Heartbeat ACK received
[2026-08-22 14:00:40.762] [info]  [RTCControlSocket(default)] Sending heartbeat with last received sequence number: 11
[2026-08-22 14:00:40.800] [info]  [RTCControlSocket(default)] Heartbeat ACK received
[2026-08-22 14:00:54.512] [info]  [RTCControlSocket(default)] Sending heartbeat with last received sequence number: 11
[2026-08-22 14:00:54.548] [info]  [RTCControlSocket(default)] Heartbeat ACK received
[2026-08-22 14:01:08.262] [info]  [RTCControlSocket(default)] Sending heartbeat with last received sequence number: 11
[2026-08-22 14:01:08.313] [info]  [RTCControlSocket(default)] Heartbeat ACK received
[2026-08-22 14:01:22.012] [info]  [RTCControlSocket(default)] Sending heartbeat with last received sequence number: 11
[2026-08-22 14:01:22.050] [info]  [RTCControlSocket(default)] Heartbeat ACK received
[2026-08-22 14:01:35.762] [info]  [RTCControlSocket(default)] Sending heartbeat with last received sequence number: 11
[2026-08-22 14:01:35.787] [info]  [RTCControlSocket(default)] Heartbeat ACK received
[2026-08-22 14:01:49.512] [info]  [RTCControlSocket(default)] Sending heartbeat with last received sequence number: 11
[2026-08-22 14:01:49.557] [info]  [RTCControlSocket(default)] Heartbeat ACK received
[2026-08-22 14:02:03.262] [info]  [RTCControlSocket(default)] Sending heartbeat with last received sequence number: 11
[2026-08-22 14:02:03.287] [info]  [RTCControlSocket(default)] Heartbeat ACK received
[2026-08-22 14:02:17.012] [info]  [RTCControlSocket(default)] Sending heartbeat with last received sequence number: 11
[2026-08-22 14:02:17.078] [info]  [RTCControlSocket(default)] Heartbeat ACK received
[2026-08-22 14:02:30.762] [info]  [RTCControlSocket(default)] Sending heartbeat with last received sequence number: 11
[2026-08-22 14:02:30.808] [info]  [RTCControlSocket(default)] Heartbeat ACK received
[2026-08-22 14:02:44.512] [info]  [RTCControlSocket(default)] Sending heartbeat with last received sequence number: 11
[2026-08-22 14:02:44.545] [info]  [RTCControlSocket(default)] Heartbeat ACK received
[2026-08-22 14:02:58.262] [info]  [RTCControlSocket(default)] Sending heartbeat with last received sequence number: 11
[2026-08-22 14:02:58.309] [info]  [RTCControlSocket(default)] Heartbeat ACK received
[2026-08-22 14:03:12.012] [info]  [RTCControlSocket(default)] Sending heartbeat with last received sequence number: 11
[2026-08-22 14:03:12.047] [info]  [RTCControlSocket(default)] Heartbeat ACK received
[2026-08-22 14:03:25.762] [info]  [RTCControlSocket(default)] Sending heartbeat with last received sequence number: 11
[2026-08-22 14:03:25.797] [info]  [RTCControlSocket(default)] Heartbeat ACK received
[2026-08-22 14:03:39.512] [info]  [RTCControlSocket(default)] Sending heartbeat with last received sequence number: 11
[2026-08-22 14:03:39.547] [info]  [RTCControlSocket(default)] Heartbeat ACK received
[2026-08-22 14:03:53.262] [info]  [RTCControlSocket(default)] Sending heartbeat with last received sequence number: 11
[2026-08-22 14:03:53.289] [info]  [RTCControlSocket(default)] Heartbeat ACK received
[2026-08-22 14:04:07.012] [info]  [RTCControlSocket(default)] Sending heartbeat with last received sequence number: 11
[2026-08-22 14:04:07.049] [info]  [RTCControlSocket(default)] Heartbeat ACK received
[2026-08-22 14:04:20.762] [info]  [RTCControlSocket(default)] Sending heartbeat with last received sequence number: 11
[2026-08-22 14:04:20.850] [info]  [RTCControlSocket(default)] Heartbeat ACK received
[2026-08-22 14:04:34.512] [info]  [RTCControlSocket(default)] Sending heartbeat with last received sequence number: 11
[2026-08-22 14:04:34.542] [info]  [RTCControlSocket(default)] Heartbeat ACK received
[2026-08-22 14:04:48.262] [info]  [RTCControlSocket(default)] Sending heartbeat with last received sequence number: 11
[2026-08-22 14:04:48.286] [info]  [RTCControlSocket(default)] Heartbeat ACK received
[2026-08-22 14:05:02.012] [info]  [RTCControlSocket(default)] Sending heartbeat with last received sequence number: 11
[2026-08-22 14:05:02.048] [info]  [RTCControlSocket(default)] Heartbeat ACK received
[2026-08-22 14:05:15.762] [info]  [RTCControlSocket(default)] Sending heartbeat with last received sequence number: 11
[2026-08-22 14:05:15.800] [info]  [RTCControlSocket(default)] Heartbeat ACK received
[2026-08-22 14:05:29.512] [info]  [RTCControlSocket(default)] Sending heartbeat with last received sequence number: 11
[2026-08-22 14:05:29.543] [info]  [RTCControlSocket(default)] Heartbeat ACK received
[2026-08-22 14:05:43.262] [info]  [RTCControlSocket(default)] Sending heartbeat with last received sequence number: 11
[2026-08-22 14:05:43.292] [info]  [RTCControlSocket(default)] Heartbeat ACK received
[2026-08-22 14:05:57.015] [info]  [RTCControlSocket(default)] Sending heartbeat with last received sequence number: 11
[2026-08-22 14:05:57.052] [info]  [RTCControlSocket(default)] Heartbeat ACK received
[2026-08-22 14:06:10.762] [info]  [RTCControlSocket(default)] Sending heartbeat with last received sequence number: 11
[2026-08-22 14:06:10.793] [info]  [RTCControlSocket(default)] Heartbeat ACK received
[2026-08-22 14:06:24.512] [info]  [RTCControlSocket(default)] Sending heartbeat with last received sequence number: 11
[2026-08-22 14:06:24.543] [info]  [RTCControlSocket(default)] Heartbeat ACK received
[2026-08-22 14:06:38.262] [info]  [RTCControlSocket(default)] Sending heartbeat with last received sequence number: 11
[2026-08-22 14:06:38.347] [info]  [RTCControlSocket(default)] Heartbeat ACK received
[2026-08-22 14:06:52.012] [info]  [RTCControlSocket(default)] Sending heartbeat with last received sequence number: 11
[2026-08-22 14:06:52.098] [info]  [RTCControlSocket(default)] Heartbeat ACK received
[2026-08-22 14:07:05.762] [info]  [RTCControlSocket(default)] Sending heartbeat with last received sequence number: 11
[2026-08-22 14:07:05.791] [info]  [RTCControlSocket(default)] Heartbeat ACK received
[2026-08-22 14:07:19.512] [info]  [RTCControlSocket(default)] Sending heartbeat with last received sequence number: 11
[2026-08-22 14:07:19.547] [info]  [RTCControlSocket(default)] Heartbeat ACK received
[2026-08-22 14:07:33.262] [info]  [RTCControlSocket(default)] Sending heartbeat with last received sequence number: 11
[2026-08-22 14:07:33.306] [info]  [RTCControlSocket(default)] Heartbeat ACK received
[2026-08-22 14:07:47.012] [info]  [RTCControlSocket(default)] Sending heartbeat with last received sequence number: 11
[2026-08-22 14:07:47.041] [info]  [RTCControlSocket(default)] Heartbeat ACK received
[2026-08-22 14:08:00.762] [info]  [RTCControlSocket(default)] Sending heartbeat with last received sequence number: 11
[2026-08-22 14:08:00.795] [info]  [RTCControlSocket(default)] Heartbeat ACK received
[2026-08-22 14:08:14.512] [info]  [RTCControlSocket(default)] Sending heartbeat with last received sequence number: 11
[2026-08-22 14:08:14.541] [info]  [RTCControlSocket(default)] Heartbeat ACK received
[2026-08-22 14:08:28.262] [info]  [RTCControlSocket(default)] Sending heartbeat with last received sequence number: 11
[2026-08-22 14:08:28.300] [info]  [RTCControlSocket(default)] Heartbeat ACK received
[2026-08-22 14:08:42.012] [info]  [RTCControlSocket(default)] Sending heartbeat with last received sequence number: 11
[2026-08-22 14:08:42.051] [info]  [RTCControlSocket(default)] Heartbeat ACK received
[2026-08-22 14:08:55.762] [info]  [RTCControlSocket(default)] Sending heartbeat with last received sequence number: 11
[2026-08-22 14:08:55.808] [info]  [RTCControlSocket(default)] Heartbeat ACK received
[2026-08-22 14:09:09.512] [info]  [RTCControlSocket(default)] Sending heartbeat with last received sequence number: 11
[2026-08-22 14:09:09.548] [info]  [RTCControlSocket(default)] Heartbeat ACK received
[2026-08-22 14:09:23.262] [info]  [RTCControlSocket(default)] Sending heartbeat with last received sequence number: 11
[2026-08-22 14:09:23.291] [info]  [RTCControlSocket(default)] Heartbeat ACK received
[2026-08-22 14:09:37.012] [info]  [RTCControlSocket(default)] Sending heartbeat with last received sequence number: 11
[2026-08-22 14:09:37.040] [info]  [RTCControlSocket(default)] Heartbeat ACK received
[2026-08-22 14:09:50.762] [info]  [RTCControlSocket(default)] Sending heartbeat with last received sequence number: 11
[2026-08-22 14:09:50.809] [info]  [RTCControlSocket(default)] Heartbeat ACK received
[2026-08-22 14:10:04.512] [info]  [RTCControlSocket(default)] Sending heartbeat with last received sequence number: 11
[2026-08-22 14:10:04.542] [info]  [RTCControlSocket(default)] Heartbeat ACK received
[2026-08-22 14:10:18.262] [info]  [RTCControlSocket(default)] Sending heartbeat with last received sequence number: 11
[2026-08-22 14:10:18.297] [info]  [RTCControlSocket(default)] Heartbeat ACK received
[2026-08-22 14:10:32.012] [info]  [RTCControlSocket(default)] Sending heartbeat with last received sequence number: 11
[2026-08-22 14:10:32.041] [info]  [RTCControlSocket(default)] Heartbeat ACK received
[2026-08-22 14:10:45.762] [info]  [RTCControlSocket(default)] Sending heartbeat with last received sequence number: 11
[2026-08-22 14:10:45.797] [info]  [RTCControlSocket(default)] Heartbeat ACK received
[2026-08-22 14:10:59.512] [info]  [RTCControlSocket(default)] Sending heartbeat with last received sequence number: 11
[2026-08-22 14:10:59.554] [info]  [RTCControlSocket(default)] Heartbeat ACK received
[2026-08-22 14:11:13.262] [info]  [RTCControlSocket(default)] Sending heartbeat with last received sequence number: 11
[2026-08-22 14:11:13.291] [info]  [RTCControlSocket(default)] Heartbeat ACK received
[2026-08-22 14:11:27.012] [info]  [RTCControlSocket(default)] Sending heartbeat with last received sequence number: 11
[2026-08-22 14:11:27.047] [info]  [RTCControlSocket(default)] Heartbeat ACK received
[2026-08-22 14:11:40.762] [info]  [RTCControlSocket(default)] Sending heartbeat with last received sequence number: 11
[2026-08-22 14:11:40.785] [info]  [RTCControlSocket(default)] Heartbeat ACK received
[2026-08-22 14:11:54.512] [info]  [RTCControlSocket(default)] Sending heartbeat with last received sequence number: 11
[2026-08-22 14:11:54.552] [info]  [RTCControlSocket(default)] Heartbeat ACK received
[2026-08-22 14:12:08.262] [info]  [RTCControlSocket(default)] Sending heartbeat with last received sequence number: 11
[2026-08-22 14:12:08.298] [info]  [RTCControlSocket(default)] Heartbeat ACK received
[2026-08-22 14:12:22.012] [info]  [RTCControlSocket(default)] Sending heartbeat with last received sequence number: 11
[2026-08-22 14:12:22.041] [info]  [RTCControlSocket(default)] Heartbeat ACK received
[2026-08-22 14:12:35.762] [info]  [RTCControlSocket(default)] Sending heartbeat with last received sequence number: 11
[2026-08-22 14:12:35.806] [info]  [RTCControlSocket(default)] Heartbeat ACK received
[2026-08-22 14:12:49.512] [info]  [RTCControlSocket(default)] Sending heartbeat with last received sequence number: 11
[2026-08-22 14:12:49.548] [info]  [RTCControlSocket(default)] Heartbeat ACK received
[2026-08-22 14:13:03.262] [info]  [RTCControlSocket(default)] Sending heartbeat with last received sequence number: 11
[2026-08-22 14:13:03.286] [info]  [RTCControlSocket(default)] Heartbeat ACK received
[2026-08-22 14:13:17.012] [info]  [RTCControlSocket(default)] Sending heartbeat with last received sequence number: 11
[2026-08-22 14:13:17.055] [info]  [RTCControlSocket(default)] Heartbeat ACK received
[2026-08-22 14:13:30.762] [info]  [RTCControlSocket(default)] Sending heartbeat with last received sequence number: 11
[2026-08-22 14:13:30.791] [info]  [RTCControlSocket(default)] Heartbeat ACK received
[2026-08-22 14:13:44.512] [info]  [RTCControlSocket(default)] Sending heartbeat with last received sequence number: 11
[2026-08-22 14:13:44.717] [info]  [RTCControlSocket(default)] Heartbeat ACK received
[2026-08-22 14:13:58.262] [info]  [RTCControlSocket(default)] Sending heartbeat with last received sequence number: 11
[2026-08-22 14:13:58.301] [info]  [RTCControlSocket(default)] Heartbeat ACK received
[2026-08-22 14:14:12.012] [info]  [RTCControlSocket(default)] Sending heartbeat with last received sequence number: 11
[2026-08-22 14:14:12.084] [info]  [RTCControlSocket(default)] Heartbeat ACK received
[2026-08-22 14:14:25.762] [info]  [RTCControlSocket(default)] Sending heartbeat with last received sequence number: 11
[2026-08-22 14:14:25.806] [info]  [RTCControlSocket(default)] Heartbeat ACK received
[2026-08-22 14:14:39.512] [info]  [RTCControlSocket(default)] Sending heartbeat with last received sequence number: 11
[2026-08-22 14:14:39.541] [info]  [RTCControlSocket(default)] Heartbeat ACK received
[2026-08-22 14:14:53.262] [info]  [RTCControlSocket(default)] Sending heartbeat with last received sequence number: 11
[2026-08-22 14:14:53.313] [info]  [RTCControlSocket(default)] Heartbeat ACK received
[2026-08-22 14:15:07.012] [info]  [RTCControlSocket(default)] Sending heartbeat with last received sequence number: 11
[2026-08-22 14:15:07.049] [info]  [RTCControlSocket(default)] Heartbeat ACK received
[2026-08-22 14:15:20.762] [info]  [RTCControlSocket(default)] Sending heartbeat with last received sequence number: 11
[2026-08-22 14:15:20.797] [info]  [RTCControlSocket(default)] Heartbeat ACK received
[2026-08-22 14:15:34.512] [info]  [RTCControlSocket(default)] Sending heartbeat with last received sequence number: 11
[2026-08-22 14:15:34.546] [info]  [RTCControlSocket(default)] Heartbeat ACK received
[2026-08-22 14:15:48.262] [info]  [RTCControlSocket(default)] Sending heartbeat with last received sequence number: 11
[2026-08-22 14:15:48.306] [info]  [RTCControlSocket(default)] Heartbeat ACK received
[2026-08-22 14:16:02.012] [info]  [RTCControlSocket(default)] Sending heartbeat with last received sequence number: 11
[2026-08-22 14:16:02.045] [info]  [RTCControlSocket(default)] Heartbeat ACK received
[2026-08-22 14:16:15.762] [info]  [RTCControlSocket(default)] Sending heartbeat with last received sequence number: 11
[2026-08-22 14:16:15.795] [info]  [RTCControlSocket(default)] Heartbeat ACK received
[2026-08-22 14:16:29.512] [info]  [RTCControlSocket(default)] Sending heartbeat with last received sequence number: 11
[2026-08-22 14:16:29.552] [info]  [RTCControlSocket(default)] Heartbeat ACK received
[2026-08-22 14:16:43.262] [info]  [RTCControlSocket(default)] Sending heartbeat with last received sequence number: 11
[2026-08-22 14:16:43.294] [info]  [RTCControlSocket(default)] Heartbeat ACK received
[2026-08-22 14:16:57.012] [info]  [RTCControlSocket(default)] Sending heartbeat with last received sequence number: 11
[2026-08-22 14:16:57.038] [info]  [RTCControlSocket(default)] Heartbeat ACK received
[2026-08-22 14:17:10.762] [info]  [RTCControlSocket(default)] Sending heartbeat with last received sequence number: 11
[2026-08-22 14:17:10.791] [info]  [RTCControlSocket(default)] Heartbeat ACK received
[2026-08-22 14:17:24.512] [info]  [RTCControlSocket(default)] Sending heartbeat with last received sequence number: 11
[2026-08-22 14:17:24.549] [info]  [RTCControlSocket(default)] Heartbeat ACK received
[2026-08-22 14:17:38.263] [info]  [RTCControlSocket(default)] Sending heartbeat with last received sequence number: 11
[2026-08-22 14:17:38.290] [info]  [RTCControlSocket(default)] Heartbeat ACK received
[2026-08-22 14:17:52.012] [info]  [RTCControlSocket(default)] Sending heartbeat with last received sequence number: 11
[2026-08-22 14:17:52.041] [info]  [RTCControlSocket(default)] Heartbeat ACK received
[2026-08-22 14:18:05.762] [info]  [RTCControlSocket(default)] Sending heartbeat with last received sequence number: 11
[2026-08-22 14:18:05.795] [info]  [RTCControlSocket(default)] Heartbeat ACK received
[2026-08-22 14:18:19.512] [info]  [RTCControlSocket(default)] Sending heartbeat with last received sequence number: 11
[2026-08-22 14:18:19.556] [info]  [RTCControlSocket(default)] Heartbeat ACK received
[2026-08-22 14:18:33.262] [info]  [RTCControlSocket(default)] Sending heartbeat with last received sequence number: 11
[2026-08-22 14:18:33.300] [info]  [RTCControlSocket(default)] Heartbeat ACK received
[2026-08-22 14:18:47.012] [info]  [RTCControlSocket(default)] Sending heartbeat with last received sequence number: 11
[2026-08-22 14:18:47.050] [info]  [RTCControlSocket(default)] Heartbeat ACK received
[2026-08-22 14:19:00.762] [info]  [RTCControlSocket(default)] Sending heartbeat with last received sequence number: 11
[2026-08-22 14:19:00.807] [info]  [RTCControlSocket(default)] Heartbeat ACK received
[2026-08-22 14:19:14.512] [info]  [RTCControlSocket(default)] Sending heartbeat with last received sequence number: 11
[2026-08-22 14:19:14.552] [info]  [RTCControlSocket(default)] Heartbeat ACK received
[2026-08-22 14:19:28.262] [info]  [RTCControlSocket(default)] Sending heartbeat with last received sequence number: 11
[2026-08-22 14:19:28.290] [info]  [RTCControlSocket(default)] Heartbeat ACK received
[2026-08-22 14:19:42.012] [info]  [RTCControlSocket(default)] Sending heartbeat with last received sequence number: 11
[2026-08-22 14:19:42.041] [info]  [RTCControlSocket(default)] Heartbeat ACK received
[2026-08-22 14:19:55.762] [info]  [RTCControlSocket(default)] Sending heartbeat with last received sequence number: 11
[2026-08-22 14:19:55.793] [info]  [RTCControlSocket(default)] Heartbeat ACK received
[2026-08-22 14:20:09.512] [info]  [RTCControlSocket(default)] Sending heartbeat with last received sequence number: 11
[2026-08-22 14:20:09.537] [info]  [RTCControlSocket(default)] Heartbeat ACK received
[2026-08-22 14:20:23.262] [info]  [RTCControlSocket(default)] Sending heartbeat with last received sequence number: 11
[2026-08-22 14:20:23.292] [info]  [RTCControlSocket(default)] Heartbeat ACK received
[2026-08-22 14:20:37.012] [info]  [RTCControlSocket(default)] Sending heartbeat with last received sequence number: 11
[2026-08-22 14:20:37.052] [info]  [RTCControlSocket(default)] Heartbeat ACK received
[2026-08-22 14:20:50.762] [info]  [RTCControlSocket(default)] Sending heartbeat with last received sequence number: 11
[2026-08-22 14:20:50.799] [info]  [RTCControlSocket(default)] Heartbeat ACK received
[2026-08-22 14:21:04.512] [info]  [RTCControlSocket(default)] Sending heartbeat with last received sequence number: 11
[2026-08-22 14:21:04.544] [info]  [RTCControlSocket(default)] Heartbeat ACK received
[2026-08-22 14:21:18.262] [info]  [RTCControlSocket(default)] Sending heartbeat with last received sequence number: 11
[2026-08-22 14:21:18.293] [info]  [RTCControlSocket(default)] Heartbeat ACK received
[2026-08-22 14:21:32.012] [info]  [RTCControlSocket(default)] Sending heartbeat with last received sequence number: 11
[2026-08-22 14:21:32.033] [info]  [RTCControlSocket(default)] Heartbeat ACK received
[2026-08-22 14:21:45.762] [info]  [RTCControlSocket(default)] Sending heartbeat with last received sequence number: 11
[2026-08-22 14:21:45.792] [info]  [RTCControlSocket(default)] Heartbeat ACK received
[2026-08-22 14:21:59.512] [info]  [RTCControlSocket(default)] Sending heartbeat with last received sequence number: 11
[2026-08-22 14:21:59.533] [info]  [RTCControlSocket(default)] Heartbeat ACK received
[2026-08-22 14:22:13.262] [info]  [RTCControlSocket(default)] Sending heartbeat with last received sequence number: 11
[2026-08-22 14:22:13.295] [info]  [RTCControlSocket(default)] Heartbeat ACK received
[2026-08-22 14:22:27.012] [info]  [RTCControlSocket(default)] Sending heartbeat with last received sequence number: 11
[2026-08-22 14:22:27.038] [info]  [RTCControlSocket(default)] Heartbeat ACK received
[2026-08-22 14:22:40.762] [info]  [RTCControlSocket(default)] Sending heartbeat with last received sequence number: 11
[2026-08-22 14:22:40.800] [info]  [RTCControlSocket(default)] Heartbeat ACK received
[2026-08-22 14:22:54.512] [info]  [RTCControlSocket(default)] Sending heartbeat with last received sequence number: 11
[2026-08-22 14:22:54.538] [info]  [RTCControlSocket(default)] Heartbeat ACK received
[2026-08-22 14:23:08.262] [info]  [RTCControlSocket(default)] Sending heartbeat with last received sequence number: 11
[2026-08-22 14:23:08.300] [info]  [RTCControlSocket(default)] Heartbeat ACK received
[2026-08-22 14:23:22.012] [info]  [RTCControlSocket(default)] Sending heartbeat with last received sequence number: 11
[2026-08-22 14:23:22.045] [info]  [RTCControlSocket(default)] Heartbeat ACK received
[2026-08-22 14:23:35.762] [info]  [RTCControlSocket(default)] Sending heartbeat with last received sequence number: 11
[2026-08-22 14:23:35.788] [info]  [RTCControlSocket(default)] Heartbeat ACK received
[2026-08-22 14:23:49.512] [info]  [RTCControlSocket(default)] Sending heartbeat with last received sequence number: 11
[2026-08-22 14:23:49.544] [info]  [RTCControlSocket(default)] Heartbeat ACK received
[2026-08-22 14:24:03.262] [info]  [RTCControlSocket(default)] Sending heartbeat with last received sequence number: 11
[2026-08-22 14:24:03.296] [info]  [RTCControlSocket(default)] Heartbeat ACK received
[2026-08-22 14:24:17.012] [info]  [RTCControlSocket(default)] Sending heartbeat with last received sequence number: 11
[2026-08-22 14:24:17.049] [info]  [RTCControlSocket(default)] Heartbeat ACK received
[2026-08-22 14:24:30.762] [info]  [RTCControlSocket(default)] Sending heartbeat with last received sequence number: 11
[2026-08-22 14:24:30.795] [info]  [RTCControlSocket(default)] Heartbeat ACK received
[2026-08-22 14:24:44.512] [info]  [RTCControlSocket(default)] Sending heartbeat with last received sequence number: 11
[2026-08-22 14:24:44.549] [info]  [RTCControlSocket(default)] Heartbeat ACK received
[2026-08-22 14:24:58.262] [info]  [RTCControlSocket(default)] Sending heartbeat with last received sequence number: 11
[2026-08-22 14:24:58.302] [info]  [RTCControlSocket(default)] Heartbeat ACK received
[2026-08-22 14:25:12.012] [info]  [RTCControlSocket(default)] Sending heartbeat with last received sequence number: 11
[2026-08-22 14:25:12.035] [info]  [RTCControlSocket(default)] Heartbeat ACK received
[2026-08-22 14:25:25.762] [info]  [RTCControlSocket(default)] Sending heartbeat with last received sequence number: 11
[2026-08-22 14:25:25.790] [info]  [RTCControlSocket(default)] Heartbeat ACK received
[2026-08-22 14:25:39.512] [info]  [RTCControlSocket(default)] Sending heartbeat with last received sequence number: 11
[2026-08-22 14:25:39.543] [info]  [RTCControlSocket(default)] Heartbeat ACK received
[2026-08-22 14:25:53.262] [info]  [RTCControlSocket(default)] Sending heartbeat with last received sequence number: 11
[2026-08-22 14:25:53.290] [info]  [RTCControlSocket(default)] Heartbeat ACK received
[2026-08-22 14:26:07.012] [info]  [RTCControlSocket(default)] Sending heartbeat with last received sequence number: 11
[2026-08-22 14:26:07.040] [info]  [RTCControlSocket(default)] Heartbeat ACK received
[2026-08-22 14:26:20.762] [info]  [RTCControlSocket(default)] Sending heartbeat with last received sequence number: 11
[2026-08-22 14:26:20.800] [info]  [RTCControlSocket(default)] Heartbeat ACK received
[2026-08-22 14:26:34.512] [info]  [RTCControlSocket(default)] Sending heartbeat with last received sequence number: 11
[2026-08-22 14:26:34.550] [info]  [RTCControlSocket(default)] Heartbeat ACK received
[2026-08-22 14:26:48.262] [info]  [RTCControlSocket(default)] Sending heartbeat with last received sequence number: 11
[2026-08-22 14:26:48.298] [info]  [RTCControlSocket(default)] Heartbeat ACK received
[2026-08-22 14:27:02.012] [info]  [RTCControlSocket(default)] Sending heartbeat with last received sequence number: 11
[2026-08-22 14:27:02.041] [info]  [RTCControlSocket(default)] Heartbeat ACK received
[2026-08-22 14:27:15.762] [info]  [RTCControlSocket(default)] Sending heartbeat with last received sequence number: 11
[2026-08-22 14:27:15.796] [info]  [RTCControlSocket(default)] Heartbeat ACK received
[2026-08-22 14:27:29.512] [info]  [RTCControlSocket(default)] Sending heartbeat with last received sequence number: 11
[2026-08-22 14:27:29.557] [info]  [RTCControlSocket(default)] Heartbeat ACK received
[2026-08-22 14:27:43.262] [info]  [RTCControlSocket(default)] Sending heartbeat with last received sequence number: 11
[2026-08-22 14:27:43.296] [info]  [RTCControlSocket(default)] Heartbeat ACK received
[2026-08-22 14:27:57.012] [info]  [RTCControlSocket(default)] Sending heartbeat with last received sequence number: 11
[2026-08-22 14:27:57.042] [info]  [RTCControlSocket(default)] Heartbeat ACK received
[2026-08-22 14:28:10.762] [info]  [RTCControlSocket(default)] Sending heartbeat with last received sequence number: 11
[2026-08-22 14:28:10.792] [info]  [RTCControlSocket(default)] Heartbeat ACK received
[2026-08-22 14:28:24.512] [info]  [RTCControlSocket(default)] Sending heartbeat with last received sequence number: 11
[2026-08-22 14:28:24.542] [info]  [RTCControlSocket(default)] Heartbeat ACK received
[2026-08-22 14:28:38.262] [info]  [RTCControlSocket(default)] Sending heartbeat with last received sequence number: 11
[2026-08-22 14:28:38.292] [info]  [RTCControlSocket(default)] Heartbeat ACK received
[2026-08-22 14:28:52.012] [info]  [RTCControlSocket(default)] Sending heartbeat with last received sequence number: 11
[2026-08-22 14:28:52.041] [info]  [RTCControlSocket(default)] Heartbeat ACK received
[2026-08-22 14:29:05.762] [info]  [RTCControlSocket(default)] Sending heartbeat with last received sequence number: 11
[2026-08-22 14:29:05.796] [info]  [RTCControlSocket(default)] Heartbeat ACK received
[2026-08-22 14:29:19.512] [info]  [RTCControlSocket(default)] Sending heartbeat with last received sequence number: 11
[2026-08-22 14:29:19.536] [info]  [RTCControlSocket(default)] Heartbeat ACK received
[2026-08-22 14:29:33.262] [info]  [RTCControlSocket(default)] Sending heartbeat with last received sequence number: 11
[2026-08-22 14:29:33.294] [info]  [RTCControlSocket(default)] Heartbeat ACK received
[2026-08-22 14:29:47.012] [info]  [RTCControlSocket(default)] Sending heartbeat with last received sequence number: 11
[2026-08-22 14:29:47.047] [info]  [RTCControlSocket(default)] Heartbeat ACK received
[2026-08-22 14:30:00.762] [info]  [RTCControlSocket(default)] Sending heartbeat with last received sequence number: 11
[2026-08-22 14:30:00.797] [info]  [RTCControlSocket(default)] Heartbeat ACK received
[2026-08-22 14:30:14.512] [info]  [RTCControlSocket(default)] Sending heartbeat with last received sequence number: 11
[2026-08-22 14:30:14.542] [info]  [RTCControlSocket(default)] Heartbeat ACK received
[2026-08-22 14:30:28.262] [info]  [RTCControlSocket(default)] Sending heartbeat with last received sequence number: 11
[2026-08-22 14:30:28.297] [info]  [RTCControlSocket(default)] Heartbeat ACK received
[2026-08-22 14:30:29.133] [info]  [ConnectionEventFramerateReducer] BaseConnection.userSpeakingChange: Reduced framerate after 15000 ms.
[2026-08-22 14:30:42.012] [info]  [RTCControlSocket(default)] Sending heartbeat with last received sequence number: 11
[2026-08-22 14:30:42.057] [info]  [RTCControlSocket(default)] Heartbeat ACK received
[2026-08-22 14:30:55.762] [info]  [RTCControlSocket(default)] Sending heartbeat with last received sequence number: 11
[2026-08-22 14:30:55.818] [info]  [RTCControlSocket(default)] Heartbeat ACK received
[2026-08-22 14:30:56.082] [info]  [ConnectionEventFramerateReducer] BaseConnection.userSpeakingChange: Reduced framerate after 15000 ms.
[2026-08-22 14:31:09.512] [info]  [RTCControlSocket(default)] Sending heartbeat with last received sequence number: 11
[2026-08-22 14:31:09.533] [info]  [RTCControlSocket(default)] Heartbeat ACK received
[2026-08-22 14:31:23.262] [info]  [RTCControlSocket(default)] Sending heartbeat with last received sequence number: 11
[2026-08-22 14:31:23.297] [info]  [RTCControlSocket(default)] Heartbeat ACK received
[2026-08-22 14:31:37.012] [info]  [RTCControlSocket(default)] Sending heartbeat with last received sequence number: 11
[2026-08-22 14:31:37.118] [info]  [RTCControlSocket(default)] Heartbeat ACK received
[2026-08-22 14:31:47.136] [info]  [ConnectionEventFramerateReducer] BaseConnection.userSpeakingChange: Reduced framerate after 15000 ms.
[2026-08-22 14:31:50.762] [info]  [RTCControlSocket(default)] Sending heartbeat with last received sequence number: 11
[2026-08-22 14:31:50.803] [info]  [RTCControlSocket(default)] Heartbeat ACK received
[2026-08-22 14:32:04.512] [info]  [RTCControlSocket(default)] Sending heartbeat with last received sequence number: 11
[2026-08-22 14:32:04.537] [info]  [RTCControlSocket(default)] Heartbeat ACK received
[2026-08-22 14:32:18.262] [info]  [RTCControlSocket(default)] Sending heartbeat with last received sequence number: 11
[2026-08-22 14:32:18.298] [info]  [RTCControlSocket(default)] Heartbeat ACK received
[2026-08-22 14:32:32.012] [info]  [RTCControlSocket(default)] Sending heartbeat with last received sequence number: 11
[2026-08-22 14:32:32.049] [info]  [RTCControlSocket(default)] Heartbeat ACK received
[2026-08-22 14:32:45.762] [info]  [RTCControlSocket(default)] Sending heartbeat with last received sequence number: 11
[2026-08-22 14:32:45.798] [info]  [RTCControlSocket(default)] Heartbeat ACK received
[2026-08-22 14:32:59.512] [info]  [RTCControlSocket(default)] Sending heartbeat with last received sequence number: 11
[2026-08-22 14:32:59.535] [info]  [RTCControlSocket(default)] Heartbeat ACK received
[2026-08-22 14:33:13.262] [info]  [RTCControlSocket(default)] Sending heartbeat with last received sequence number: 11
[2026-08-22 14:33:13.299] [info]  [RTCControlSocket(default)] Heartbeat ACK received
[2026-08-22 14:33:27.012] [info]  [RTCControlSocket(default)] Sending heartbeat with last received sequence number: 11
[2026-08-22 14:33:27.048] [info]  [RTCControlSocket(default)] Heartbeat ACK received
[2026-08-22 14:33:40.762] [info]  [RTCControlSocket(default)] Sending heartbeat with last received sequence number: 11
[2026-08-22 14:33:40.797] [info]  [RTCControlSocket(default)] Heartbeat ACK received
[2026-08-22 14:33:48.974] [info]  [ConnectionEventFramerateReducer] BaseConnection.userSpeakingChange: Reduced framerate after 15000 ms.
[2026-08-22 14:33:54.512] [info]  [RTCControlSocket(default)] Sending heartbeat with last received sequence number: 11
[2026-08-22 14:33:54.548] [info]  [RTCControlSocket(default)] Heartbeat ACK received
[2026-08-22 14:34:08.262] [info]  [RTCControlSocket(default)] Sending heartbeat with last received sequence number: 11
[2026-08-22 14:34:08.301] [info]  [RTCControlSocket(default)] Heartbeat ACK received
[2026-08-22 14:34:15.255] [info]  [ConnectionEventFramerateReducer] BaseConnection.userSpeakingChange: Reduced framerate after 15000 ms.
[2026-08-22 14:34:22.012] [info]  [RTCControlSocket(default)] Sending heartbeat with last received sequence number: 11
[2026-08-22 14:34:22.039] [info]  [RTCControlSocket(default)] Heartbeat ACK received
[2026-08-22 14:34:35.762] [info]  [RTCControlSocket(default)] Sending heartbeat with last received sequence number: 11
[2026-08-22 14:34:35.799] [info]  [RTCControlSocket(default)] Heartbeat ACK received
[2026-08-22 14:34:40.488] [info]  [ConnectionEventFramerateReducer] BaseConnection.userSpeakingChange: Reduced framerate after 15000 ms.
[2026-08-22 14:34:49.512] [info]  [RTCControlSocket(default)] Sending heartbeat with last received sequence number: 11
[2026-08-22 14:34:49.544] [info]  [RTCControlSocket(default)] Heartbeat ACK received
[2026-08-22 14:35:03.262] [info]  [RTCControlSocket(default)] Sending heartbeat with last received sequence number: 11
[2026-08-22 14:35:03.294] [info]  [RTCControlSocket(default)] Heartbeat ACK received
[2026-08-22 14:35:17.012] [info]  [RTCControlSocket(default)] Sending heartbeat with last received sequence number: 11
[2026-08-22 14:35:17.034] [info]  [RTCControlSocket(default)] Heartbeat ACK received
[2026-08-22 14:35:17.208] [info]  [ConnectionEventFramerateReducer] BaseConnection.userSpeakingChange: Reduced framerate after 15000 ms.
[2026-08-22 14:35:30.762] [info]  [RTCControlSocket(default)] Sending heartbeat with last received sequence number: 11
[2026-08-22 14:35:30.801] [info]  [RTCControlSocket(default)] Heartbeat ACK received
[2026-08-22 14:35:44.512] [info]  [RTCControlSocket(default)] Sending heartbeat with last received sequence number: 11
[2026-08-22 14:35:44.538] [info]  [RTCControlSocket(default)] Heartbeat ACK received
[2026-08-22 14:35:50.122] [info]  [RTCConnection(1330421763812626466, default)] Remote media sink wants: {"5535":100,"any":100}
[2026-08-22 14:35:58.262] [info]  [RTCControlSocket(default)] Sending heartbeat with last received sequence number: 12
[2026-08-22 14:35:58.289] [info]  [RTCControlSocket(default)] Heartbeat ACK received
[2026-08-22 14:36:12.012] [info]  [RTCControlSocket(default)] Sending heartbeat with last received sequence number: 12
[2026-08-22 14:36:12.049] [info]  [RTCControlSocket(default)] Heartbeat ACK received
[2026-08-22 14:36:14.229] [info]  [ConnectionEventFramerateReducer] BaseConnection.userSpeakingChange: Reduced framerate after 15000 ms.
[2026-08-22 14:36:25.762] [info]  [RTCControlSocket(default)] Sending heartbeat with last received sequence number: 12
[2026-08-22 14:36:25.806] [info]  [RTCControlSocket(default)] Heartbeat ACK received
[2026-08-22 14:36:39.512] [info]  [RTCControlSocket(default)] Sending heartbeat with last received sequence number: 12
[2026-08-22 14:36:39.540] [info]  [RTCControlSocket(default)] Heartbeat ACK received
[2026-08-22 14:36:53.262] [info]  [RTCControlSocket(default)] Sending heartbeat with last received sequence number: 12
[2026-08-22 14:36:53.289] [info]  [RTCControlSocket(default)] Heartbeat ACK received
[2026-08-22 14:36:56.145] [info]  [ConnectionEventFramerateReducer] BaseConnection.userSpeakingChange: Reduced framerate after 15000 ms.
[2026-08-22 14:37:07.012] [info]  [RTCControlSocket(default)] Sending heartbeat with last received sequence number: 12
[2026-08-22 14:37:07.040] [info]  [RTCControlSocket(default)] Heartbeat ACK received
[2026-08-22 14:37:20.762] [info]  [RTCControlSocket(default)] Sending heartbeat with last received sequence number: 12
[2026-08-22 14:37:20.797] [info]  [RTCControlSocket(default)] Heartbeat ACK received
[2026-08-22 14:37:24.831] [info]  [RTCConnection(1330421763812626466, default)] Remote media sink wants: {"5535":0,"any":100}
[2026-08-22 14:37:31.969] [info]  [ConnectionEventFramerateReducer] BaseConnection.userSpeakingChange: Reduced framerate after 15000 ms.
[2026-08-22 14:37:34.512] [info]  [RTCControlSocket(default)] Sending heartbeat with last received sequence number: 13
[2026-08-22 14:37:34.540] [info]  [RTCControlSocket(default)] Heartbeat ACK received
[2026-08-22 14:37:48.262] [info]  [RTCControlSocket(default)] Sending heartbeat with last received sequence number: 13
[2026-08-22 14:37:48.298] [info]  [RTCControlSocket(default)] Heartbeat ACK received
[2026-08-22 14:38:02.012] [info]  [RTCControlSocket(default)] Sending heartbeat with last received sequence number: 13
[2026-08-22 14:38:02.048] [info]  [RTCControlSocket(default)] Heartbeat ACK received
[2026-08-22 14:38:15.762] [info]  [RTCControlSocket(default)] Sending heartbeat with last received sequence number: 13
[2026-08-22 14:38:15.799] [info]  [RTCControlSocket(default)] Heartbeat ACK received
[2026-08-22 14:38:18.955] [info]  [RTCConnection(1330421763812626466, default)] Remote media sink wants: {"5535":100,"any":100}
[2026-08-22 14:38:29.512] [info]  [RTCControlSocket(default)] Sending heartbeat with last received sequence number: 14
[2026-08-22 14:38:29.542] [info]  [RTCControlSocket(default)] Heartbeat ACK received
[2026-08-22 14:38:43.262] [info]  [RTCControlSocket(default)] Sending heartbeat with last received sequence number: 14
[2026-08-22 14:38:43.303] [info]  [RTCControlSocket(default)] Heartbeat ACK received
[2026-08-22 14:38:57.012] [info]  [RTCControlSocket(default)] Sending heartbeat with last received sequence number: 14
[2026-08-22 14:38:57.044] [info]  [RTCControlSocket(default)] Heartbeat ACK received
[2026-08-22 14:39:10.762] [info]  [RTCControlSocket(default)] Sending heartbeat with last received sequence number: 14
[2026-08-22 14:39:10.812] [info]  [RTCControlSocket(default)] Heartbeat ACK received
[2026-08-22 14:39:24.512] [info]  [RTCControlSocket(default)] Sending heartbeat with last received sequence number: 14
[2026-08-22 14:39:24.534] [info]  [RTCControlSocket(default)] Heartbeat ACK received
[2026-08-22 14:39:30.414] [info]  [ConnectionEventFramerateReducer] BaseConnection.userSpeakingChange: Reduced framerate after 15000 ms.
[2026-08-22 14:39:38.262] [info]  [RTCControlSocket(default)] Sending heartbeat with last received sequence number: 14
[2026-08-22 14:39:38.303] [info]  [RTCControlSocket(default)] Heartbeat ACK received
[2026-08-22 14:39:52.012] [info]  [RTCControlSocket(default)] Sending heartbeat with last received sequence number: 14
[2026-08-22 14:39:52.040] [info]  [RTCControlSocket(default)] Heartbeat ACK received
[2026-08-22 14:40:04.264] [info]  [ConnectionEventFramerateReducer] BaseConnection.userSpeakingChange: Reduced framerate after 15000 ms.
[2026-08-22 14:40:05.762] [info]  [RTCControlSocket(default)] Sending heartbeat with last received sequence number: 14
[2026-08-22 14:40:05.799] [info]  [RTCControlSocket(default)] Heartbeat ACK received
[2026-08-22 14:40:19.512] [info]  [RTCControlSocket(default)] Sending heartbeat with last received sequence number: 14
[2026-08-22 14:40:19.550] [info]  [RTCControlSocket(default)] Heartbeat ACK received
[2026-08-22 14:40:33.262] [info]  [RTCControlSocket(default)] Sending heartbeat with last received sequence number: 14
[2026-08-22 14:40:33.296] [info]  [RTCControlSocket(default)] Heartbeat ACK received
[2026-08-22 14:40:47.012] [info]  [RTCControlSocket(default)] Sending heartbeat with last received sequence number: 14
[2026-08-22 14:40:47.040] [info]  [RTCControlSocket(default)] Heartbeat ACK received
[2026-08-22 14:41:00.762] [info]  [RTCControlSocket(default)] Sending heartbeat with last received sequence number: 14
[2026-08-22 14:41:00.803] [info]  [RTCControlSocket(default)] Heartbeat ACK received
[2026-08-22 14:41:14.512] [info]  [RTCControlSocket(default)] Sending heartbeat with last received sequence number: 14
[2026-08-22 14:41:14.541] [info]  [RTCControlSocket(default)] Heartbeat ACK received
[2026-08-22 14:41:28.262] [info]  [RTCControlSocket(default)] Sending heartbeat with last received sequence number: 14
[2026-08-22 14:41:28.298] [info]  [RTCControlSocket(default)] Heartbeat ACK received
[2026-08-22 14:41:42.012] [info]  [RTCControlSocket(default)] Sending heartbeat with last received sequence number: 14
[2026-08-22 14:41:42.044] [info]  [RTCControlSocket(default)] Heartbeat ACK received
[2026-08-22 14:41:55.762] [info]  [RTCControlSocket(default)] Sending heartbeat with last received sequence number: 14
[2026-08-22 14:41:55.801] [info]  [RTCControlSocket(default)] Heartbeat ACK received
[2026-08-22 14:42:04.095] [info]  [ConnectionEventFramerateReducer] BaseConnection.userSpeakingChange: Reduced framerate after 15000 ms.
[2026-08-22 14:42:09.512] [info]  [RTCControlSocket(default)] Sending heartbeat with last received sequence number: 14
[2026-08-22 14:42:09.542] [info]  [RTCControlSocket(default)] Heartbeat ACK received
[2026-08-22 14:42:23.262] [info]  [RTCControlSocket(default)] Sending heartbeat with last received sequence number: 14
[2026-08-22 14:42:23.296] [info]  [RTCControlSocket(default)] Heartbeat ACK received
[2026-08-22 14:42:23.902] [info]  [ConnectionEventFramerateReducer] BaseConnection.userSpeakingChange: Reduced framerate after 15000 ms.
[2026-08-22 14:42:37.012] [info]  [RTCControlSocket(default)] Sending heartbeat with last received sequence number: 14
[2026-08-22 14:42:37.045] [info]  [RTCControlSocket(default)] Heartbeat ACK received
[2026-08-22 14:42:50.762] [info]  [RTCControlSocket(default)] Sending heartbeat with last received sequence number: 14
[2026-08-22 14:42:50.800] [info]  [RTCControlSocket(default)] Heartbeat ACK received
[2026-08-22 14:43:04.497] [info]  [ConnectionEventFramerateReducer] BaseConnection.userSpeakingChange: Reduced framerate after 15000 ms.
[2026-08-22 14:43:04.511] [info]  [RTCControlSocket(default)] Sending heartbeat with last received sequence number: 14
[2026-08-22 14:43:04.544] [info]  [RTCControlSocket(default)] Heartbeat ACK received
[2026-08-22 14:43:18.262] [info]  [RTCControlSocket(default)] Sending heartbeat with last received sequence number: 14
[2026-08-22 14:43:18.305] [info]  [RTCControlSocket(default)] Heartbeat ACK received
[2026-08-22 14:43:32.012] [info]  [RTCControlSocket(default)] Sending heartbeat with last received sequence number: 14
[2026-08-22 14:43:32.305] [info]  [RTCControlSocket(default)] Heartbeat ACK received
[2026-08-22 14:43:35.618] [info]  [ConnectionEventFramerateReducer] BaseConnection.userSpeakingChange: Reduced framerate after 15000 ms.
[2026-08-22 14:43:45.762] [info]  [RTCControlSocket(default)] Sending heartbeat with last received sequence number: 14
[2026-08-22 14:43:45.800] [info]  [RTCControlSocket(default)] Heartbeat ACK received
[2026-08-22 14:43:55.990] [info]  [ConnectionEventFramerateReducer] BaseConnection.userSpeakingChange: Reduced framerate after 15000 ms.
[2026-08-22 14:43:59.512] [info]  [RTCControlSocket(default)] Sending heartbeat with last received sequence number: 14
[2026-08-22 14:43:59.541] [info]  [RTCControlSocket(default)] Heartbeat ACK received
[2026-08-22 14:44:13.262] [info]  [RTCControlSocket(default)] Sending heartbeat with last received sequence number: 14
[2026-08-22 14:44:13.301] [info]  [RTCControlSocket(default)] Heartbeat ACK received
[2026-08-22 14:44:27.012] [info]  [RTCControlSocket(default)] Sending heartbeat with last received sequence number: 14
[2026-08-22 14:44:27.054] [info]  [RTCControlSocket(default)] Heartbeat ACK received
[2026-08-22 14:44:40.762] [info]  [RTCControlSocket(default)] Sending heartbeat with last received sequence number: 14
[2026-08-22 14:44:40.796] [info]  [RTCControlSocket(default)] Heartbeat ACK received
[2026-08-22 14:44:54.512] [info]  [RTCControlSocket(default)] Sending heartbeat with last received sequence number: 14
[2026-08-22 14:44:54.544] [info]  [RTCControlSocket(default)] Heartbeat ACK received
[2026-08-22 14:45:04.413] [info]  [ConnectionEventFramerateReducer] BaseConnection.userSpeakingChange: Reduced framerate after 15000 ms.
[2026-08-22 14:45:08.262] [info]  [RTCControlSocket(default)] Sending heartbeat with last received sequence number: 14
[2026-08-22 14:45:08.298] [info]  [RTCControlSocket(default)] Heartbeat ACK received
[2026-08-22 14:45:22.012] [info]  [RTCControlSocket(default)] Sending heartbeat with last received sequence number: 14
[2026-08-22 14:45:22.041] [info]  [RTCControlSocket(default)] Heartbeat ACK received
[2026-08-22 14:45:35.762] [info]  [RTCControlSocket(default)] Sending heartbeat with last received sequence number: 14
[2026-08-22 14:45:35.796] [info]  [RTCControlSocket(default)] Heartbeat ACK received
[2026-08-22 14:45:49.512] [info]  [RTCControlSocket(default)] Sending heartbeat with last received sequence number: 14
[2026-08-22 14:45:49.546] [info]  [RTCControlSocket(default)] Heartbeat ACK received
[2026-08-22 14:45:51.131] [info]  [RTCConnection(1330421763812626466, default)] Remote media sink wants: {"5535":50,"any":100}
[2026-08-22 14:45:52.936] [info]  [RTCConnection(1330421763812626466, default)] Remote media sink wants: {"5535":100,"any":100}
[2026-08-22 14:46:03.262] [info]  [RTCControlSocket(default)] Sending heartbeat with last received sequence number: 16
[2026-08-22 14:46:03.302] [info]  [RTCControlSocket(default)] Heartbeat ACK received
[2026-08-22 14:46:17.012] [info]  [RTCControlSocket(default)] Sending heartbeat with last received sequence number: 16
[2026-08-22 14:46:17.040] [info]  [RTCControlSocket(default)] Heartbeat ACK received
[2026-08-22 14:46:21.446] [info]  [ConnectionEventFramerateReducer] BaseConnection.userSpeakingChange: Reduced framerate after 15000 ms.
[2026-08-22 14:46:30.762] [info]  [RTCControlSocket(default)] Sending heartbeat with last received sequence number: 16
[2026-08-22 14:46:30.797] [info]  [RTCControlSocket(default)] Heartbeat ACK received
[2026-08-22 14:46:40.706] [info]  [ConnectionEventFramerateReducer] BaseConnection.userSpeakingChange: Reduced framerate after 15000 ms.
[2026-08-22 14:46:44.512] [info]  [RTCControlSocket(default)] Sending heartbeat with last received sequence number: 16
[2026-08-22 14:46:44.541] [info]  [RTCControlSocket(default)] Heartbeat ACK received
[2026-08-22 14:46:58.262] [info]  [RTCControlSocket(default)] Sending heartbeat with last received sequence number: 16
[2026-08-22 14:46:58.298] [info]  [RTCControlSocket(default)] Heartbeat ACK received
[2026-08-22 14:47:09.550] [info]  [ConnectionEventFramerateReducer] BaseConnection.userSpeakingChange: Reduced framerate after 15000 ms.
[2026-08-22 14:47:12.012] [info]  [RTCControlSocket(default)] Sending heartbeat with last received sequence number: 16
[2026-08-22 14:47:12.066] [info]  [RTCControlSocket(default)] Heartbeat ACK received
[2026-08-22 14:47:25.762] [info]  [RTCControlSocket(default)] Sending heartbeat with last received sequence number: 16
[2026-08-22 14:47:25.806] [info]  [RTCControlSocket(default)] Heartbeat ACK received
[2026-08-22 14:47:39.512] [info]  [RTCControlSocket(default)] Sending heartbeat with last received sequence number: 16
[2026-08-22 14:47:39.548] [info]  [RTCControlSocket(default)] Heartbeat ACK received
[2026-08-22 14:47:53.262] [info]  [RTCControlSocket(default)] Sending heartbeat with last received sequence number: 16
[2026-08-22 14:47:53.300] [info]  [RTCControlSocket(default)] Heartbeat ACK received
[2026-08-22 14:48:07.012] [info]  [RTCControlSocket(default)] Sending heartbeat with last received sequence number: 16
[2026-08-22 14:48:07.063] [info]  [RTCControlSocket(default)] Heartbeat ACK received
[2026-08-22 14:48:19.955] [info]  [ConnectionEventFramerateReducer] BaseConnection.userSpeakingChange: Reduced framerate after 15000 ms.
[2026-08-22 14:48:20.762] [info]  [RTCControlSocket(default)] Sending heartbeat with last received sequence number: 16
[2026-08-22 14:48:20.790] [info]  [RTCControlSocket(default)] Heartbeat ACK received
[2026-08-22 14:48:34.512] [info]  [RTCControlSocket(default)] Sending heartbeat with last received sequence number: 16
[2026-08-22 14:48:34.561] [info]  [RTCControlSocket(default)] Heartbeat ACK received
[2026-08-22 14:48:48.262] [info]  [RTCControlSocket(default)] Sending heartbeat with last received sequence number: 16
[2026-08-22 14:48:48.302] [info]  [RTCControlSocket(default)] Heartbeat ACK received
[2026-08-22 14:49:02.012] [info]  [RTCControlSocket(default)] Sending heartbeat with last received sequence number: 16
[2026-08-22 14:49:02.049] [info]  [RTCControlSocket(default)] Heartbeat ACK received
[2026-08-22 14:49:06.669] [info]  [ConnectionEventFramerateReducer] BaseConnection.userSpeakingChange: Reduced framerate after 15000 ms.
[2026-08-22 14:49:15.762] [info]  [RTCControlSocket(default)] Sending heartbeat with last received sequence number: 16
[2026-08-22 14:49:15.795] [info]  [RTCControlSocket(default)] Heartbeat ACK received
[2026-08-22 14:49:29.512] [info]  [RTCControlSocket(default)] Sending heartbeat with last received sequence number: 16
[2026-08-22 14:49:29.541] [info]  [RTCControlSocket(default)] Heartbeat ACK received
[2026-08-22 14:49:43.262] [info]  [RTCControlSocket(default)] Sending heartbeat with last received sequence number: 16
[2026-08-22 14:49:43.301] [info]  [RTCControlSocket(default)] Heartbeat ACK received
[2026-08-22 14:49:47.802] [info]  [ConnectionEventFramerateReducer] BaseConnection.userSpeakingChange: Reduced framerate after 15000 ms.
[2026-08-22 14:49:57.012] [info]  [RTCControlSocket(default)] Sending heartbeat with last received sequence number: 16
[2026-08-22 14:49:57.048] [info]  [RTCControlSocket(default)] Heartbeat ACK received
[2026-08-22 14:50:10.762] [info]  [RTCControlSocket(default)] Sending heartbeat with last received sequence number: 16
[2026-08-22 14:50:10.792] [info]  [RTCControlSocket(default)] Heartbeat ACK received
[2026-08-22 14:50:16.159] [info]  [ConnectionEventFramerateReducer] BaseConnection.userSpeakingChange: Reduced framerate after 15000 ms.
[2026-08-22 14:50:24.512] [info]  [RTCControlSocket(default)] Sending heartbeat with last received sequence number: 16
[2026-08-22 14:50:24.534] [info]  [RTCControlSocket(default)] Heartbeat ACK received
[2026-08-22 14:50:31.488] [info]  [RTCConnection(1330421763812626466, default)] Remote media sink wants: {"5535":80,"any":100}
[2026-08-22 14:50:33.379] [info]  [RTCConnection(1330421763812626466, default)] Remote media sink wants: {"5535":100,"any":100}
[2026-08-22 14:50:38.262] [info]  [RTCControlSocket(default)] Sending heartbeat with last received sequence number: 18
[2026-08-22 14:50:38.288] [info]  [RTCControlSocket(default)] Heartbeat ACK received
[2026-08-22 14:50:52.012] [info]  [RTCControlSocket(default)] Sending heartbeat with last received sequence number: 18
[2026-08-22 14:50:52.064] [info]  [RTCControlSocket(default)] Heartbeat ACK received
[2026-08-22 14:51:05.762] [info]  [RTCControlSocket(default)] Sending heartbeat with last received sequence number: 18
[2026-08-22 14:51:05.794] [info]  [RTCControlSocket(default)] Heartbeat ACK received
[2026-08-22 14:51:12.824] [info]  [RTCConnection(1330421763812626466, default)] Remote media sink wants: {"5535":0,"any":100}
[2026-08-22 14:51:19.512] [info]  [RTCControlSocket(default)] Sending heartbeat with last received sequence number: 19
[2026-08-22 14:51:19.534] [info]  [RTCControlSocket(default)] Heartbeat ACK received
[2026-08-22 16:49:28.912] [info]  splashScreenPreload: signalReady
[2026-08-22 16:49:28.940] [info]  splashScreenPreload: onStateUpdate: {"status":"checking-for-updates"}
[2026-08-22 16:49:29.257] [info]  splashScreenPreload: onStateUpdate: {"status":"launching"}
[2026-08-22 16:49:29.739] [info]  [FAST CONNECT] wss://gateway.discord.gg/?encoding=etf&v=9&compress=zstd-stream, encoding: etf, version: 9
[2026-08-22 16:49:29.895] [info]  [libdiscore] [experiment_manager] Loaded experiments from cache
[2026-08-22 16:49:30.035] [info]  Initializing voice engine with audio subsystem: standard
[2026-08-22 16:49:30.156] [info]  [default] [BUILD INFO] Release Channel: stable, Build Number: 595897, Version Hash: cc84a8463bda05ae4552c4716adf15add252aa37
[2026-08-22 16:49:30.166] [warn]  [CloudSyncUtils] CloudSync is not supported on this platform
[2026-08-22 16:49:30.242] [info]  [default] [NATIVE INFO] host 1.0.138, modules: discord_cloudsync: 1, discord_desktop_core: 1, discord_dispatch: 1, discord_erlpack: 1, discord_game_utils: 1, discord_krisp: 1, discord_modules: 1, discord_rpc: 1, discord_spellcheck: 1, discord_utils: 1, discord_voice: 1, discord_zstd: 1, build: null
[2026-08-22 16:49:30.245] [info]  [libdiscore] The answer for life the universe and everything is: 42
[2026-08-22 16:49:30.568] [warn]  [MediaEngineStore] Failed to load Krisp module: Failed to setup Krisp module, error code: -3
[2026-08-22 16:49:30.568] [error] [AVError] AV error reported: noise-canceller-error {"underlyingError":"NoiseCancellerError.KRISP_INIT_ERROR_UNSIGNED"}
[2026-08-22 16:49:30.716] [info]  [FAST CONNECT] sending identify
[2026-08-22 16:49:30.726] [info]  [RPCServer:WSS] Starting on 6463
[2026-08-22 16:49:30.729] [info]  [RPCServer:IPC] Starting on /run/user/1000/discord-ipc-0
[2026-08-22 16:49:30.729] [info]  [MediaEngineStore] OpenH264 is ready [object Object]
[2026-08-22 16:49:30.803] [info]  [GatewaySocket] [CONNECT] wss://gateway.discord.gg, encoding: etf, version: 9, compression: zstd-stream
[2026-08-22 16:49:30.803] [info]  [GatewaySocket] [FAST CONNECT] successfully took over websocket, state: [object Object]
[2026-08-22 16:49:30.804] [info]  [GatewaySocket] [CONNECTED] wss://gateway.discord.gg/?encoding=etf&v=9&compress=zstd-stream in 0 ms
[2026-08-22 16:49:30.830] [info]  [MediaEngineStore] OpenH264 cleanup [object Object]
[2026-08-22 16:49:31.156] [info]  [GatewaySocket] [READY] took 352ms, as c1504146094d1ec28ed2a8247ca7a818
[2026-08-22 16:49:31.160] [info]  [Flux] Dispatching CONNECTION_OPEN
[2026-08-22 16:49:31.163] [info]  [DatabaseManager] removing database (user: 1262149707476766862, database: undefined)
[2026-08-22 16:49:31.167] [warn]  [NativeDispatchUtils] Tried getting Dispatch instance before instantiated
[2026-08-22 16:49:31.326] [info]  [GatewaySocket] [READY_SUPPLEMENTAL] took 523ms
[2026-08-22 16:49:31.333] [error] [Spellchecker] sh is not a valid locale.
[2026-08-22 16:49:31.339] [info]  [Spellchecker] Switching to en-US (available)
[2026-08-22 16:49:31.938] [error] Could not find a View Model linked to Artboard BaseGlowRemapped.
[2026-08-22 16:49:31.939] [error] Could not find a View Model linked to Artboard BaseGlowRemapped.
[2026-08-22 16:49:33.108] [info]  [Routing/Utils] transitionTo - Transitioning to /channels/@me/1330421763812626466
[2026-08-22 16:49:33.109] [info]  [MessageActionCreators] Fetching messages for 1330421763812626466 between undefined and undefined. jump={"jumpType":"ANIMATED"}
[2026-08-22 16:49:33.341] [info]  [MessageActionCreators] Fetched 15 messages for 1330421763812626466 isBefore:false isAfter:false
[2026-08-22 16:49:33.345] [info]  [ChannelMessages] loadComplete: resetting state for channelId=1330421763812626466, sending.length=0
[2026-08-22 16:49:33.515] [info]  [OverlayKeybindExperimentManager] Experiments initializing...
[2026-08-22 16:49:33.521] [info]  [OverlayKeybindExperimentManager] Experiments initialized
[2026-08-22 16:49:33.699] [info]  [SignalHelpers.web] signalAllAcceptedCredentials [object Object]
[2026-08-22 16:49:33.834] [warn]  [SignalHelpers.web] [object DOMException]
[2026-08-22 16:49:34.233] [info]  [discord_protos.discord_users.v1.FrecencyUserSettings] Loading proto
[2026-08-22 16:49:35.187] [info]  [Clips] decider: clear() called — currentSessionGameKey=null currentSessionId=undefined pendingSessionGameKey=null candidates=0
[2026-08-22 16:49:35.187] [info]  [Clips] decider: processClipCandidates — sessionId=undefined candidates=0 staleCandidates=0 autoStashEnabled=false
[2026-08-22 16:49:35.188] [info]  [Clips] ranked clips: [object Object]
[2026-08-22 16:49:35.408] [info]  [MessageActionCreators] Fetching messages for 1330421763812626466 between undefined and 1540550373029453884. jump=undefined
[2026-08-22 16:49:35.634] [info]  [MessageActionCreators] Fetched 30 messages for 1330421763812626466 isBefore:true isAfter:false
[2026-08-22 16:49:35.695] [info]  [RTCControlSocket(default)] [CONNECT] wss://c-lax09-e31ef53d.discord.media:443/
[2026-08-22 16:49:35.695] [info]  [RTCConnection(1330421763812626466, default)] Connecting to RTC server wss://c-lax09-e31ef53d.discord.media:443/, rtc-connection-id: 6155eef7-ba11-414f-bac3-4e44a415b2bd, channel: 1330421763812626466(1)
[2026-08-22 16:49:35.696] [info]  [RTCConnection(1330421763812626466, default)] RTC connection state: AWAITING_ENDPOINT => CONNECTING
[2026-08-22 16:49:35.965] [info]  [RTCConnection(1330421763812626466, default)] Connected to RTC server.
[2026-08-22 16:49:35.965] [info]  [RTCControlSocket(default)] [CONNECTED] wss://c-lax09-e31ef53d.discord.media:443/ in 270 ms
[2026-08-22 16:49:35.965] [info]  [RTCConnection(1330421763812626466, default)] RTC connection state: CONNECTING => AUTHENTICATING
[2026-08-22 16:49:35.966] [info]  [RTCControlSocket(default)] [HELLO] heartbeat interval: 13750, version: 8, took 271 ms
[2026-08-22 16:49:35.966] [info]  [RTCControlSocket(default)] Starting heartbeat with interval: 13750
[2026-08-22 16:49:36.001] [info]  [RTCControlSocket(default)] [READY] took 306 ms
[2026-08-22 16:49:36.001] [info]  [RTCConnection(1330421763812626466, default)] RTC connection state: AUTHENTICATING => RTC_CONNECTING
[2026-08-22 16:49:36.002] [info]  [Connection(default)] Creating connection to 104.29.152.109:19300 with audio ssrc: 17549
[2026-08-22 16:49:36.055] [info]  [Connection(default)] Connected with local address 172.56.210.146:21410 and protocol: udp
[2026-08-22 16:49:36.056] [info]  [Connection(default)] Available engine codecs: "[{\"codec\":\"AV1\",\"decode\":true,\"encode\":false},{\"codec\":\"H264\",\"decode\":true,\"encode\":true},{\"codec\":\"VP8\",\"decode\":true,\"encode\":true}]\n"
[2026-08-22 16:49:36.056] [info]  [Connection(default)] Experimental codecs: [{"name":"AV1","encode":false,"decode":true},{"name":"H265","encode":true,"decode":true}]
[2026-08-22 16:49:36.056] [info]  [Connection(default)] Audio codecs: opus
[2026-08-22 16:49:36.056] [info]  [Connection(default)] Video codecs: AV1[encode: false, decode: true],H264[encode: true, decode: true],VP8[encode: true, decode: true]
[2026-08-22 16:49:36.056] [info]  [Connection(default)] Encryption modes: aead_aes256_gcm_rtpsize,aead_aes256_gcm,aead_xchacha20_poly1305_rtpsize,xsalsa20_poly1305_lite_rtpsize,xsalsa20_poly1305_lite,xsalsa20_poly1305_suffix,xsalsa20_poly1305
[2026-08-22 16:49:36.056] [info]  [Connection(default)] Connection state change: CONNECTING => CONNECTED
[2026-08-22 16:49:36.056] [info]  [RTCConnection(1330421763812626466, default)] RTC media connection state change: RTC_CONNECTING => CONNECTED
[2026-08-22 16:49:36.057] [info]  [RTCConnection(1330421763812626466, default)] RTC connection state: RTC_CONNECTING => RTC_CONNECTED
[2026-08-22 16:49:36.058] [info]  [RTCConnection(1330421763812626466, default)] RTC connected to media server: 104.29.152.109:19300
[2026-08-22 16:49:36.059] [info]  [RTCConnection(1330421763812626466, default)] Sending UDP info to RTC server. [object Object] fixed_keyframe_interval
[2026-08-22 16:49:36.100] [info]  [RTCConnection(1330421763812626466, default)] Setting media-session-id: 8972cf69d348f558e2a0de9ca87035c9 for rtc-connection-id: 6155eef7-ba11-414f-bac3-4e44a415b2bd
[2026-08-22 16:49:36.101] [info]  [Connection(default)] Selected encryption mode: aead_aes256_gcm_rtpsize
[2026-08-22 16:49:36.101] [info]  [RTCConnection(1330421763812626466, default)] DAVE protocol init with protocol version: 1
[2026-08-22 16:49:36.101] [info]  [RTCConnection(1330421763812626466, default)] Remote media sink wants: {"any":100}
[2026-08-22 16:49:36.102] [info]  [RTCConnection(1330421763812626466, default)] Received MLS external sender package
[2026-08-22 16:49:36.103] [info]  [Connection(default)] DAVE protocol state update: {"version":1,"epochAuthenticator":""}
[2026-08-22 16:49:36.103] [info]  [RTCConnection(1330421763812626466, default)] Got MLS key package, sending to RTC server
[2026-08-22 16:49:36.103] [info]  [RTCControlSocket(default)] Sending MLS key package
[2026-08-22 16:49:36.501] [info]  [discord_protos.discord_users.v1.FrecencyUserSettings] Scheduling save from markDirty
[2026-08-22 16:49:36.501] [info]  [discord_protos.discord_users.v1.FrecencyUserSettings] Persisting proto
[2026-08-22 16:49:37.614] [info]  [InputWatcher] Silence: false
[2026-08-22 16:49:45.342] [info]  [Connection(default)] Creating user: 1312221304283467830 with audio SSRC: 0 and video SSRCs: 
[2026-08-22 16:49:45.367] [info]  [libdiscore] [BlockedDomainsStore] Successfully fetched blocked domains
[2026-08-22 16:49:45.483] [info]  [RTCConnection(1330421763812626466, default)] Received MLS proposals
[2026-08-22 16:49:45.485] [info]  [RTCConnection(1330421763812626466, default)] Sending MLS commit welcome message
[2026-08-22 16:49:45.485] [info]  [RTCControlSocket(default)] Sending MLS commit + welcome message
[2026-08-22 16:49:45.489] [info]  [RTCConnection(1330421763812626466, default)] Received MLS welcome for transition ID 0
[2026-08-22 16:49:45.490] [info]  [Connection(default)] DAVE protocol state update: {"version":1,"epochAuthenticator":"xNgkVrrIRXXFIP8FbAU0hoK+XPuqKV7ObK47t2F5L44="}
[2026-08-22 16:49:46.008] [info]  [Connection(default)] Creating user: 1312221304283467830 with audio SSRC: 17552 and video SSRCs: 
[2026-08-22 16:49:46.376] [info]  [RPCServer:IPC] Socket Opened: 5 1279031829940273203 (active: 1)
[2026-08-22 16:49:46.527] [info]  [RPCServer:IPC] Socket Emit: 5 [object Object]
[2026-08-22 16:49:47.875] [info]  [RPCServer:IPC] Socket Message: 5 [object Object]
[2026-08-22 16:49:47.875] [info]  [RPCServer:IPC] Socket Message: 5 [object Object]
[2026-08-22 16:49:47.876] [info]  [RPCServer:IPC] Socket Message: 5 [object Object]
[2026-08-22 16:49:47.876] [info]  [RPCServer:IPC] Socket Emit: 5 [object Object]
[2026-08-22 16:49:47.876] [info]  [RPCServer:IPC] Socket Emit: 5 [object Object]
[2026-08-22 16:49:47.876] [info]  [RPCServer:IPC] Socket Emit: 5 [object Object]
[2026-08-22 16:49:48.375] [info]  [RPCServer:IPC] Socket Message: 5 [object Object]
[2026-08-22 16:49:48.479] [info]  [RPCServer:IPC] Socket Emit: 5 [object Object]
[2026-08-22 16:49:51.501] [info]  [RTCControlSocket(default)] Sending heartbeat with last received sequence number: 7
[2026-08-22 16:49:51.535] [info]  [RTCControlSocket(default)] Heartbeat ACK received
[2026-08-22 16:49:58.739] [info]  [RPCServer:IPC] Socket Message: 5 [object Object]
[2026-08-22 16:49:58.873] [info]  [RPCServer:IPC] Socket Emit: 5 [object Object]
[2026-08-22 16:49:59.739] [info]  [RPCServer:IPC] Socket Message: 5 [object Object]
[2026-08-22 16:49:59.741] [info]  [RPCServer:IPC] Socket Emit: 5 [object Object]
[2026-08-22 16:50:05.251] [info]  [RTCControlSocket(default)] Sending heartbeat with last received sequence number: 7
[2026-08-22 16:50:05.284] [info]  [RTCControlSocket(default)] Heartbeat ACK received
[2026-08-22 16:50:19.001] [info]  [RTCControlSocket(default)] Sending heartbeat with last received sequence number: 7
[2026-08-22 16:50:19.031] [info]  [RTCControlSocket(default)] Heartbeat ACK received
[2026-08-22 16:50:32.751] [info]  [RTCControlSocket(default)] Sending heartbeat with last received sequence number: 7
[2026-08-22 16:50:32.784] [info]  [RTCControlSocket(default)] Heartbeat ACK received
[2026-08-22 16:50:46.500] [info]  [RTCControlSocket(default)] Sending heartbeat with last received sequence number: 7
[2026-08-22 16:51:00.251] [warn]  [RTCControlSocket(default)] [HEARTBEAT ACK TIMEOUT] reconnecting in 1.44 seconds.
[2026-08-22 16:51:01.690] [info]  [RTCControlSocket(default)] [RECONNECT] wasClean=false code=4800 reason=Heartbeat timeout.
[2026-08-22 16:51:01.690] [info]  [RTCControlSocket(default)] [CONNECT] wss://c-lax09-e31ef53d.discord.media:443/
[2026-08-22 16:51:21.690] [warn]  [RTCControlSocket(default)] [WS CLOSED] (clean: false, code: 0, reason: The connection timed out after 20000 ms - did not receive OP_HELLO in time.) retrying in 2.76 seconds.
[2026-08-22 16:51:24.448] [info]  [RTCControlSocket(default)] [RECONNECT] wasClean=false code=0 reason=The connection timed out after 20000 ms - did not receive OP_HELLO in time.
[2026-08-22 16:51:24.449] [info]  [RTCControlSocket(default)] [CONNECT] wss://c-lax09-e31ef53d.discord.media:443/
[2026-08-22 16:51:39.563] [warn]  [GatewaySocket] [ACK TIMEOUT] reconnecting in 2.48 seconds.
[2026-08-22 16:51:42.038] [info]  [GatewaySocket] [CONNECT] wss://gateway-us-east1-b.discord.gg, encoding: etf, version: 9, compression: zstd-stream
[2026-08-22 16:51:44.449] [warn]  [RTCControlSocket(default)] [WS CLOSED] (clean: false, code: 0, reason: The connection timed out after 20000 ms - did not receive OP_HELLO in time.) retrying in 5.00 seconds.
[2026-08-22 16:51:49.449] [info]  [RTCControlSocket(default)] [RECONNECT] wasClean=false code=0 reason=The connection timed out after 20000 ms - did not receive OP_HELLO in time.
[2026-08-22 16:51:49.449] [info]  [RTCControlSocket(default)] [CONNECT] wss://c-lax09-e31ef53d.discord.media:443/
[2026-08-22 16:52:02.040] [info]  [GatewaySocket] [WS CLOSED] (false, 0, An error with the websocket occurred) retrying in 2.57 seconds.
[2026-08-22 16:52:04.606] [info]  [GatewaySocket] [CONNECT] wss://gateway.discord.gg, encoding: etf, version: 9, compression: zstd-stream
[2026-08-22 16:52:09.449] [warn]  [RTCControlSocket(default)] [WS CLOSED] (clean: false, code: 0, reason: The connection timed out after 20000 ms - did not receive OP_HELLO in time.) retrying in 5.00 seconds.
[2026-08-22 16:52:14.449] [info]  [RTCControlSocket(default)] [RECONNECT] wasClean=false code=0 reason=The connection timed out after 20000 ms - did not receive OP_HELLO in time.
[2026-08-22 16:52:14.449] [info]  [RTCControlSocket(default)] [CONNECT] wss://c-lax09-e31ef53d.discord.media:443/
[2026-08-22 16:52:24.615] [info]  [GatewaySocket] [WS CLOSED] (false, 0, An error with the websocket occurred) retrying in 3.50 seconds.
[2026-08-22 16:52:28.119] [info]  [GatewaySocket] [CONNECT] wss://gateway.discord.gg, encoding: etf, version: 9, compression: zstd-stream
[2026-08-22 16:52:33.287] [warn]  [RTCControlSocket(default)] [WS CLOSED] Backoff exceed. Resetting.
[2026-08-22 16:52:33.287] [warn]  [RTCControlSocket(default)] [DISCONNECT] (false, 0, An error with the websocket occurred)
[2026-08-22 16:52:33.287] [info]  [RTCConnection(1330421763812626466, default)] Disconnected from RTC server, clean: false, code: 0, reason: An error with the websocket occurred, state: RTC_CONNECTED
[2026-08-22 16:52:33.287] [warn]  [RTCConnection(1330421763812626466, default)] Disconnect was not clean! reason=An error with the websocket occurred. Reconnecting in 1.16 seconds.
[2026-08-22 16:52:33.290] [info]  [Connection(default)] Connection state change: CONNECTED => DISCONNECTED
[2026-08-22 16:52:33.291] [info]  [RTCConnection(1330421763812626466, default)] RTC media connection state change: RTC_CONNECTED => DISCONNECTED
[2026-08-22 16:52:33.291] [info]  [RTCConnection(1330421763812626466, default)] RTC connection state: RTC_CONNECTED => RTC_DISCONNECTED
[2026-08-22 16:52:33.294] [info]  [Connection(default)] Connection state change: DISCONNECTED => DISCONNECTED
[2026-08-22 16:52:33.294] [info]  [RTCConnection(1330421763812626466, default)] RTC media connection state change: RTC_DISCONNECTED => DISCONNECTED
[2026-08-22 16:52:33.294] [info]  [RTCConnection(1330421763812626466, default)] RTC connection state: RTC_DISCONNECTED => RTC_DISCONNECTED
[2026-08-22 16:52:33.294] [info]  [RTCConnection(1330421763812626466, default)] RTC connection state: RTC_DISCONNECTED => DISCONNECTED
[2026-08-22 16:52:33.294] [info]  [RTCConnection(1330421763812626466, default)] [VOICE_DISCONNECT] krisp_nc_model: null
[2026-08-22 16:52:33.294] [warn]  [RTCConnection(1330421763812626466, default)] Error: codec survey is not available
[2026-08-22 16:52:33.513] [info]  [GatewaySocket] [CONNECTED] wss://gateway.discord.gg/?encoding=etf&v=9&compress=zstd-stream in 5394 ms
[2026-08-22 16:52:33.513] [info]  [GatewaySocket] [RESUME] resuming session c1504146094d1ec28ed2a8247ca7a818, seq: 25
[2026-08-22 16:52:33.668] [info]  [Flux] Dispatching CONNECTION_RESUMED
[2026-08-22 16:52:33.669] [info]  [GatewaySocket] [RESUMED] took 5550ms, replayed 0 events, new seq: 26
[2026-08-22 16:52:34.448] [info]  [RTCControlSocket(default)] CLOSE
[2026-08-22 16:52:34.448] [info]  [RTCConnection(1330421763812626466, default)] Disconnected from RTC server, clean: true, code: 1000, reason: Force Close, state: DISCONNECTED
[2026-08-22 16:52:34.448] [info]  [RTCConnection(1330421763812626466, default)] RTC connection state: DISCONNECTED => DISCONNECTED
[2026-08-22 16:52:34.448] [info]  [RTCControlSocket(default)] [CONNECT] wss://c-lax09-e31ef53d.discord.media:443/
[2026-08-22 16:52:34.449] [info]  [RTCConnection(1330421763812626466, default)] Connecting to RTC server wss://c-lax09-e31ef53d.discord.media:443/, rtc-connection-id: 6155eef7-ba11-414f-bac3-4e44a415b2bd, channel: 1330421763812626466(1)
[2026-08-22 16:52:34.449] [info]  [RTCConnection(1330421763812626466, default)] RTC connection state: DISCONNECTED => CONNECTING
[2026-08-22 16:52:34.450] [warn]  [RTCControlSocket(default)] [WS CLOSED] Backoff exceed. Resetting.
[2026-08-22 16:52:34.451] [warn]  [RTCControlSocket(default)] [DISCONNECT] (false, 0, An error with the websocket occurred)
[2026-08-22 16:52:34.451] [info]  [RTCConnection(1330421763812626466, default)] Disconnected from RTC server, clean: false, code: 0, reason: An error with the websocket occurred, state: CONNECTING
[2026-08-22 16:52:34.451] [warn]  [RTCConnection(1330421763812626466, default)] Disconnect was not clean! reason=An error with the websocket occurred. Reconnecting in 2.90 seconds.
[2026-08-22 16:52:34.451] [info]  [RTCConnection(1330421763812626466, default)] RTC connection state: CONNECTING => DISCONNECTED
[2026-08-22 16:52:34.452] [warn]  [RTCConnection(1330421763812626466, default)] Error: codec survey is not available
[2026-08-22 16:52:34.452] [info]  [RTCConnection(1330421763812626466, default)] [VOICE_DISCONNECT] krisp_nc_model: null
[2026-08-22 16:52:37.355] [info]  [RTCControlSocket(default)] CLOSE
[2026-08-22 16:52:37.355] [info]  [RTCConnection(1330421763812626466, default)] Disconnected from RTC server, clean: true, code: 1000, reason: Force Close, state: DISCONNECTED
[2026-08-22 16:52:37.355] [info]  [RTCConnection(1330421763812626466, default)] RTC connection state: DISCONNECTED => DISCONNECTED
[2026-08-22 16:52:37.356] [info]  [RTCControlSocket(default)] [CONNECT] wss://c-lax09-e31ef53d.discord.media:443/
[2026-08-22 16:52:37.356] [info]  [RTCConnection(1330421763812626466, default)] Connecting to RTC server wss://c-lax09-e31ef53d.discord.media:443/, rtc-connection-id: 6155eef7-ba11-414f-bac3-4e44a415b2bd, channel: 1330421763812626466(1)
[2026-08-22 16:52:37.356] [info]  [RTCConnection(1330421763812626466, default)] RTC connection state: DISCONNECTED => CONNECTING
[2026-08-22 16:52:37.358] [warn]  [RTCControlSocket(default)] [WS CLOSED] Backoff exceed. Resetting.
[2026-08-22 16:52:37.358] [warn]  [RTCControlSocket(default)] [DISCONNECT] (false, 0, An error with the websocket occurred)
[2026-08-22 16:52:37.358] [info]  [RTCConnection(1330421763812626466, default)] Disconnected from RTC server, clean: false, code: 0, reason: An error with the websocket occurred, state: CONNECTING
[2026-08-22 16:52:37.358] [warn]  [RTCConnection(1330421763812626466, default)] Disconnect was not clean! reason=An error with the websocket occurred. Reconnecting in 4.00 seconds.
[2026-08-22 16:52:37.359] [info]  [RTCConnection(1330421763812626466, default)] RTC connection state: CONNECTING => DISCONNECTED
[2026-08-22 16:52:37.360] [warn]  [RTCConnection(1330421763812626466, default)] Error: codec survey is not available
[2026-08-22 16:52:37.360] [info]  [RTCConnection(1330421763812626466, default)] [VOICE_DISCONNECT] krisp_nc_model: null
[2026-08-22 16:52:41.355] [info]  [RTCControlSocket(default)] CLOSE
[2026-08-22 16:52:41.364] [info]  [RTCConnection(1330421763812626466, default)] Disconnected from RTC server, clean: true, code: 1000, reason: Force Close, state: DISCONNECTED
[2026-08-22 16:52:41.364] [info]  [RTCConnection(1330421763812626466, default)] RTC connection state: DISCONNECTED => DISCONNECTED
[2026-08-22 16:52:41.365] [info]  [RTCControlSocket(default)] [CONNECT] wss://c-lax09-e31ef53d.discord.media:443/
[2026-08-22 16:52:41.365] [info]  [RTCConnection(1330421763812626466, default)] Connecting to RTC server wss://c-lax09-e31ef53d.discord.media:443/, rtc-connection-id: 6155eef7-ba11-414f-bac3-4e44a415b2bd, channel: 1330421763812626466(1)
[2026-08-22 16:52:41.365] [info]  [RTCConnection(1330421763812626466, default)] RTC connection state: DISCONNECTED => CONNECTING
[2026-08-22 16:52:41.371] [warn]  [RTCControlSocket(default)] [WS CLOSED] Backoff exceed. Resetting.
[2026-08-22 16:52:41.371] [warn]  [RTCControlSocket(default)] [DISCONNECT] (false, 0, An error with the websocket occurred)
[2026-08-22 16:52:41.371] [info]  [RTCConnection(1330421763812626466, default)] Disconnected from RTC server, clean: false, code: 0, reason: An error with the websocket occurred, state: CONNECTING
[2026-08-22 16:52:41.371] [warn]  [RTCConnection(1330421763812626466, default)] Disconnect was not clean! reason=An error with the websocket occurred. Reconnecting in 10.00 seconds.
[2026-08-22 16:52:41.372] [info]  [RTCConnection(1330421763812626466, default)] RTC connection state: CONNECTING => DISCONNECTED
[2026-08-22 16:52:41.373] [warn]  [RTCConnection(1330421763812626466, default)] Error: codec survey is not available
[2026-08-22 16:52:41.373] [info]  [RTCConnection(1330421763812626466, default)] [VOICE_DISCONNECT] krisp_nc_model: null
[2026-08-22 16:52:51.371] [info]  [RTCControlSocket(default)] CLOSE
[2026-08-22 16:52:51.372] [info]  [RTCConnection(1330421763812626466, default)] Disconnected from RTC server, clean: true, code: 1000, reason: Force Close, state: DISCONNECTED
[2026-08-22 16:52:51.372] [info]  [RTCConnection(1330421763812626466, default)] RTC connection state: DISCONNECTED => DISCONNECTED
[2026-08-22 16:52:51.373] [info]  [RTCControlSocket(default)] [CONNECT] wss://c-lax09-e31ef53d.discord.media:443/
[2026-08-22 16:52:51.375] [info]  [RTCConnection(1330421763812626466, default)] Connecting to RTC server wss://c-lax09-e31ef53d.discord.media:443/, rtc-connection-id: 6155eef7-ba11-414f-bac3-4e44a415b2bd, channel: 1330421763812626466(1)
[2026-08-22 16:52:51.375] [info]  [RTCConnection(1330421763812626466, default)] RTC connection state: DISCONNECTED => CONNECTING
[2026-08-22 16:52:51.379] [warn]  [RTCControlSocket(default)] [WS CLOSED] Backoff exceed. Resetting.
[2026-08-22 16:52:51.379] [warn]  [RTCControlSocket(default)] [DISCONNECT] (false, 0, An error with the websocket occurred)
[2026-08-22 16:52:51.379] [info]  [RTCConnection(1330421763812626466, default)] Disconnected from RTC server, clean: false, code: 0, reason: An error with the websocket occurred, state: CONNECTING
[2026-08-22 16:52:51.379] [warn]  [RTCConnection(1330421763812626466, default)] Disconnect was not clean! reason=An error with the websocket occurred. Reconnecting in 10.00 seconds.
[2026-08-22 16:52:51.380] [info]  [RTCConnection(1330421763812626466, default)] RTC connection state: CONNECTING => DISCONNECTED
[2026-08-22 16:52:51.380] [warn]  [RTCConnection(1330421763812626466, default)] Error: codec survey is not available
[2026-08-22 16:52:51.381] [info]  [RTCConnection(1330421763812626466, default)] [VOICE_DISCONNECT] krisp_nc_model: null
[2026-08-22 16:53:01.379] [info]  [RTCControlSocket(default)] CLOSE
[2026-08-22 16:53:01.380] [info]  [RTCConnection(1330421763812626466, default)] Disconnected from RTC server, clean: true, code: 1000, reason: Force Close, state: DISCONNECTED
[2026-08-22 16:53:01.380] [info]  [RTCConnection(1330421763812626466, default)] RTC connection state: DISCONNECTED => DISCONNECTED
[2026-08-22 16:53:01.380] [info]  [RTCControlSocket(default)] [CONNECT] wss://c-lax09-e31ef53d.discord.media:443/
[2026-08-22 16:53:01.382] [info]  [RTCConnection(1330421763812626466, default)] Connecting to RTC server wss://c-lax09-e31ef53d.discord.media:443/, rtc-connection-id: 6155eef7-ba11-414f-bac3-4e44a415b2bd, channel: 1330421763812626466(1)
[2026-08-22 16:53:01.382] [info]  [RTCConnection(1330421763812626466, default)] RTC connection state: DISCONNECTED => CONNECTING
[2026-08-22 16:53:01.386] [warn]  [RTCControlSocket(default)] [WS CLOSED] Backoff exceed. Resetting.
[2026-08-22 16:53:01.387] [warn]  [RTCControlSocket(default)] [DISCONNECT] (false, 0, An error with the websocket occurred)
[2026-08-22 16:53:01.387] [info]  [RTCConnection(1330421763812626466, default)] Disconnected from RTC server, clean: false, code: 0, reason: An error with the websocket occurred, state: CONNECTING
[2026-08-22 16:53:01.387] [warn]  [RTCConnection(1330421763812626466, default)] Disconnect was not clean! reason=An error with the websocket occurred. Reconnecting in 10.00 seconds.
[2026-08-22 16:53:01.387] [info]  [RTCConnection(1330421763812626466, default)] RTC connection state: CONNECTING => DISCONNECTED
[2026-08-22 16:53:01.388] [warn]  [RTCConnection(1330421763812626466, default)] Error: codec survey is not available
[2026-08-22 16:53:01.388] [info]  [RTCConnection(1330421763812626466, default)] [VOICE_DISCONNECT] krisp_nc_model: null
[2026-08-22 16:53:11.387] [info]  [RTCControlSocket(default)] CLOSE
[2026-08-22 16:53:11.387] [info]  [RTCConnection(1330421763812626466, default)] Disconnected from RTC server, clean: true, code: 1000, reason: Force Close, state: DISCONNECTED
[2026-08-22 16:53:11.387] [info]  [RTCConnection(1330421763812626466, default)] RTC connection state: DISCONNECTED => DISCONNECTED
[2026-08-22 16:53:11.388] [info]  [RTCControlSocket(default)] [CONNECT] wss://c-lax09-e31ef53d.discord.media:443/
[2026-08-22 16:53:11.390] [info]  [RTCConnection(1330421763812626466, default)] Connecting to RTC server wss://c-lax09-e31ef53d.discord.media:443/, rtc-connection-id: 6155eef7-ba11-414f-bac3-4e44a415b2bd, channel: 1330421763812626466(1)
[2026-08-22 16:53:11.390] [info]  [RTCConnection(1330421763812626466, default)] RTC connection state: DISCONNECTED => CONNECTING
[2026-08-22 16:53:11.394] [warn]  [RTCControlSocket(default)] [WS CLOSED] Backoff exceed. Resetting.
[2026-08-22 16:53:11.394] [warn]  [RTCControlSocket(default)] [DISCONNECT] (false, 0, An error with the websocket occurred)
[2026-08-22 16:53:11.394] [info]  [RTCConnection(1330421763812626466, default)] Disconnected from RTC server, clean: false, code: 0, reason: An error with the websocket occurred, state: CONNECTING
[2026-08-22 16:53:11.394] [warn]  [RTCConnection(1330421763812626466, default)] Disconnect was not clean! reason=An error with the websocket occurred. Reconnecting in 10.00 seconds.
[2026-08-22 16:53:11.395] [info]  [RTCConnection(1330421763812626466, default)] RTC connection state: CONNECTING => DISCONNECTED
[2026-08-22 16:53:11.396] [warn]  [RTCConnection(1330421763812626466, default)] Error: codec survey is not available
[2026-08-22 16:53:11.396] [info]  [RTCConnection(1330421763812626466, default)] [VOICE_DISCONNECT] krisp_nc_model: null
[2026-08-22 16:53:21.394] [info]  [RTCControlSocket(default)] CLOSE
[2026-08-22 16:53:21.395] [info]  [RTCConnection(1330421763812626466, default)] Disconnected from RTC server, clean: true, code: 1000, reason: Force Close, state: DISCONNECTED
[2026-08-22 16:53:21.395] [info]  [RTCConnection(1330421763812626466, default)] RTC connection state: DISCONNECTED => DISCONNECTED
[2026-08-22 16:53:21.395] [info]  [RTCControlSocket(default)] [CONNECT] wss://c-lax09-e31ef53d.discord.media:443/
[2026-08-22 16:53:21.397] [info]  [RTCConnection(1330421763812626466, default)] Connecting to RTC server wss://c-lax09-e31ef53d.discord.media:443/, rtc-connection-id: 6155eef7-ba11-414f-bac3-4e44a415b2bd, channel: 1330421763812626466(1)
[2026-08-22 16:53:21.398] [info]  [RTCConnection(1330421763812626466, default)] RTC connection state: DISCONNECTED => CONNECTING
[2026-08-22 16:53:21.401] [warn]  [RTCControlSocket(default)] [WS CLOSED] Backoff exceed. Resetting.
[2026-08-22 16:53:21.402] [warn]  [RTCControlSocket(default)] [DISCONNECT] (false, 0, An error with the websocket occurred)
[2026-08-22 16:53:21.402] [info]  [RTCConnection(1330421763812626466, default)] Disconnected from RTC server, clean: false, code: 0, reason: An error with the websocket occurred, state: CONNECTING
[2026-08-22 16:53:21.402] [warn]  [RTCConnection(1330421763812626466, default)] Disconnect was not clean! reason=An error with the websocket occurred. Reconnecting in 10.00 seconds.
[2026-08-22 16:53:21.402] [info]  [RTCConnection(1330421763812626466, default)] RTC connection state: CONNECTING => DISCONNECTED
[2026-08-22 16:53:21.403] [warn]  [RTCConnection(1330421763812626466, default)] Error: codec survey is not available
[2026-08-22 16:53:21.404] [info]  [RTCConnection(1330421763812626466, default)] [VOICE_DISCONNECT] krisp_nc_model: null
[2026-08-22 16:53:31.402] [info]  [RTCControlSocket(default)] CLOSE
[2026-08-22 16:53:31.402] [info]  [RTCConnection(1330421763812626466, default)] Disconnected from RTC server, clean: true, code: 1000, reason: Force Close, state: DISCONNECTED
[2026-08-22 16:53:31.402] [info]  [RTCConnection(1330421763812626466, default)] RTC connection state: DISCONNECTED => DISCONNECTED
[2026-08-22 16:53:31.403] [info]  [RTCControlSocket(default)] [CONNECT] wss://c-lax09-e31ef53d.discord.media:443/
[2026-08-22 16:53:31.405] [info]  [RTCConnection(1330421763812626466, default)] Connecting to RTC server wss://c-lax09-e31ef53d.discord.media:443/, rtc-connection-id: 6155eef7-ba11-414f-bac3-4e44a415b2bd, channel: 1330421763812626466(1)
[2026-08-22 16:53:31.405] [info]  [RTCConnection(1330421763812626466, default)] RTC connection state: DISCONNECTED => CONNECTING
[2026-08-22 16:53:31.409] [warn]  [RTCControlSocket(default)] [WS CLOSED] Backoff exceed. Resetting.
[2026-08-22 16:53:31.409] [warn]  [RTCControlSocket(default)] [DISCONNECT] (false, 0, An error with the websocket occurred)
[2026-08-22 16:53:31.409] [info]  [RTCConnection(1330421763812626466, default)] Disconnected from RTC server, clean: false, code: 0, reason: An error with the websocket occurred, state: CONNECTING
[2026-08-22 16:53:31.409] [warn]  [RTCConnection(1330421763812626466, default)] Disconnect was not clean! reason=An error with the websocket occurred. Reconnecting in 10.00 seconds.
[2026-08-22 16:53:31.410] [info]  [RTCConnection(1330421763812626466, default)] RTC connection state: CONNECTING => DISCONNECTED
[2026-08-22 16:53:31.411] [warn]  [RTCConnection(1330421763812626466, default)] Error: codec survey is not available
[2026-08-22 16:53:31.411] [info]  [RTCConnection(1330421763812626466, default)] [VOICE_DISCONNECT] krisp_nc_model: null
[2026-08-22 16:53:41.409] [info]  [RTCControlSocket(default)] CLOSE
[2026-08-22 16:53:41.409] [info]  [RTCConnection(1330421763812626466, default)] Disconnected from RTC server, clean: true, code: 1000, reason: Force Close, state: DISCONNECTED
[2026-08-22 16:53:41.409] [info]  [RTCConnection(1330421763812626466, default)] RTC connection state: DISCONNECTED => DISCONNECTED
[2026-08-22 16:53:41.412] [info]  [RTCControlSocket(default)] [CONNECT] wss://c-lax09-e31ef53d.discord.media:443/
[2026-08-22 16:53:41.412] [info]  [RTCConnection(1330421763812626466, default)] Connecting to RTC server wss://c-lax09-e31ef53d.discord.media:443/, rtc-connection-id: 6155eef7-ba11-414f-bac3-4e44a415b2bd, channel: 1330421763812626466(1)
[2026-08-22 16:53:41.412] [info]  [RTCConnection(1330421763812626466, default)] RTC connection state: DISCONNECTED => CONNECTING
[2026-08-22 16:53:41.712] [info]  [RTCConnection(1330421763812626466, default)] Connected to RTC server.
[2026-08-22 16:53:41.713] [info]  [RTCControlSocket(default)] [CONNECTED] wss://c-lax09-e31ef53d.discord.media:443/ in 303 ms
[2026-08-22 16:53:41.713] [info]  [RTCConnection(1330421763812626466, default)] RTC connection state: CONNECTING => AUTHENTICATING
[2026-08-22 16:53:41.714] [info]  [RTCControlSocket(default)] [HELLO] heartbeat interval: 13750, version: 8, took 304 ms
[2026-08-22 16:53:41.714] [info]  [RTCControlSocket(default)] Starting heartbeat with interval: 13750
[2026-08-22 16:53:41.746] [info]  [RTCControlSocket(default)] [READY] took 336 ms
[2026-08-22 16:53:41.747] [info]  [RTCConnection(1330421763812626466, default)] RTC connection state: AUTHENTICATING => RTC_CONNECTING
[2026-08-22 16:53:41.748] [info]  [Connection(default)] Creating connection to 104.29.152.109:19300 with audio ssrc: 17558
[2026-08-22 16:53:41.792] [info]  [Connection(default)] Connected with local address 172.56.210.146:7985 and protocol: udp
[2026-08-22 16:53:41.792] [info]  [Connection(default)] Available engine codecs: "[{\"codec\":\"AV1\",\"decode\":true,\"encode\":false},{\"codec\":\"H264\",\"decode\":true,\"encode\":true},{\"codec\":\"VP8\",\"decode\":true,\"encode\":true}]\n"
[2026-08-22 16:53:41.792] [info]  [Connection(default)] Experimental codecs: [{"name":"AV1","encode":false,"decode":true},{"name":"H265","encode":true,"decode":true}]
[2026-08-22 16:53:41.792] [info]  [Connection(default)] Audio codecs: opus
[2026-08-22 16:53:41.792] [info]  [Connection(default)] Video codecs: AV1[encode: false, decode: true],H264[encode: true, decode: true],VP8[encode: true, decode: true]
[2026-08-22 16:53:41.792] [info]  [Connection(default)] Encryption modes: aead_aes256_gcm_rtpsize,aead_aes256_gcm,aead_xchacha20_poly1305_rtpsize,xsalsa20_poly1305_lite_rtpsize,xsalsa20_poly1305_lite,xsalsa20_poly1305_suffix,xsalsa20_poly1305
[2026-08-22 16:53:41.793] [info]  [Connection(default)] Connection state change: CONNECTING => CONNECTED
[2026-08-22 16:53:41.793] [info]  [RTCConnection(1330421763812626466, default)] RTC media connection state change: RTC_CONNECTING => CONNECTED
[2026-08-22 16:53:41.793] [info]  [RTCConnection(1330421763812626466, default)] RTC connection state: RTC_CONNECTING => RTC_CONNECTED
[2026-08-22 16:53:41.794] [info]  [RTCConnection(1330421763812626466, default)] RTC connected to media server: 104.29.152.109:19300
[2026-08-22 16:53:41.794] [info]  [RTCConnection(1330421763812626466, default)] Sending UDP info to RTC server. [object Object] fixed_keyframe_interval
[2026-08-22 16:53:41.794] [info]  [Connection(default)] Creating user: 1312221304283467830 with audio SSRC: 17552 and video SSRCs: 
[2026-08-22 16:53:41.828] [info]  [RTCConnection(1330421763812626466, default)] Setting media-session-id: 8972cf69d348f558e2a0de9ca87035c9 for rtc-connection-id: 6155eef7-ba11-414f-bac3-4e44a415b2bd
[2026-08-22 16:53:41.829] [info]  [Connection(default)] Selected encryption mode: aead_aes256_gcm_rtpsize
[2026-08-22 16:53:41.829] [info]  [RTCConnection(1330421763812626466, default)] DAVE protocol init with protocol version: 1
[2026-08-22 16:53:41.829] [info]  [RTCConnection(1330421763812626466, default)] Remote media sink wants: {"any":100}
[2026-08-22 16:53:41.830] [info]  [Connection(default)] DAVE protocol state update: {"version":1,"epochAuthenticator":""}
[2026-08-22 16:53:41.830] [info]  [RTCConnection(1330421763812626466, default)] Got MLS key package, sending to RTC server
[2026-08-22 16:53:41.830] [info]  [RTCControlSocket(default)] Sending MLS key package
[2026-08-22 16:53:41.830] [info]  [RTCConnection(1330421763812626466, default)] Received MLS external sender package
[2026-08-22 16:53:41.831] [info]  [RTCConnection(1330421763812626466, default)] Received MLS proposals
[2026-08-22 16:53:41.832] [info]  [RTCConnection(1330421763812626466, default)] Sending MLS commit welcome message
[2026-08-22 16:53:41.833] [info]  [RTCControlSocket(default)] Sending MLS commit + welcome message
[2026-08-22 16:53:41.867] [info]  [RTCConnection(1330421763812626466, default)] Received MLS commit for transition ID 0
[2026-08-22 16:53:41.868] [info]  [Connection(default)] DAVE protocol state update: {"version":1,"epochAuthenticator":"Xx6/KQ4fXxVaCZjgerFpEqfQITwwqSwr9G29RhT5yF4="}
[2026-08-22 16:53:43.297] [info]  [InputWatcher] Silence: false
[2026-08-22 16:53:45.743] [info]  [RPCServer:IPC] Socket Message: 5 [object Object]
[2026-08-22 16:53:45.746] [info]  [RPCServer:IPC] Socket Emit: 5 [object Object]
[2026-08-22 16:53:49.597] [info]  [RTCConnection(1330421763812626466, default)] Destroy RTCConnection
[2026-08-22 16:53:49.597] [info]  [RTCControlSocket(default)] CLOSE
[2026-08-22 16:53:49.597] [info]  [RTCConnection(1330421763812626466, default)] Disconnected from RTC server, clean: true, code: 1000, reason: Force Close, state: RTC_CONNECTED
[2026-08-22 16:53:49.599] [info]  [Connection(default)] Connection state change: CONNECTED => DISCONNECTED
[2026-08-22 16:53:49.599] [info]  [RTCConnection(1330421763812626466, default)] RTC media connection state change: RTC_CONNECTED => DISCONNECTED
[2026-08-22 16:53:49.599] [info]  [RTCConnection(1330421763812626466, default)] RTC connection state: RTC_CONNECTED => RTC_DISCONNECTED
[2026-08-22 16:53:49.599] [info]  [Connection(default)] Connection state change: DISCONNECTED => DISCONNECTED
[2026-08-22 16:53:49.599] [info]  [RTCConnection(1330421763812626466, default)] RTC media connection state change: RTC_DISCONNECTED => DISCONNECTED
[2026-08-22 16:53:49.599] [info]  [RTCConnection(1330421763812626466, default)] RTC connection state: RTC_DISCONNECTED => RTC_DISCONNECTED
[2026-08-22 16:53:49.599] [info]  [RTCConnection(1330421763812626466, default)] RTC connection state: RTC_DISCONNECTED => DISCONNECTED
[2026-08-22 16:53:49.623] [warn]  [RTCConnection(1330421763812626466, default)] Error: codec survey is not available
[2026-08-22 16:53:49.623] [info]  [Clips] decider: clear() called — currentSessionGameKey=null currentSessionId=undefined pendingSessionGameKey=null candidates=0
[2026-08-22 16:53:49.624] [info]  [Clips] decider: processClipCandidates — sessionId=undefined candidates=0 staleCandidates=0 autoStashEnabled=false
[2026-08-22 16:53:49.624] [info]  [Clips] ranked clips: [object Object]
[2026-08-22 16:53:49.624] [info]  [RTCConnection(1330421763812626466, default)] [VOICE_DISCONNECT] krisp_nc_model: null
[2026-08-22 16:53:51.465] [info]  [Clips] decider: clear() called — currentSessionGameKey=null currentSessionId=undefined pendingSessionGameKey=null candidates=0
[2026-08-22 16:53:51.465] [info]  [Clips] decider: processClipCandidates — sessionId=undefined candidates=0 staleCandidates=0 autoStashEnabled=false
[2026-08-22 16:53:51.465] [info]  [Clips] ranked clips: [object Object]
[2026-08-22 16:53:51.783] [info]  [RTCControlSocket(default)] [CONNECT] wss://c-lax09-e31ef53d.discord.media:443/
[2026-08-22 16:53:51.783] [info]  [RTCConnection(1330421763812626466, default)] Connecting to RTC server wss://c-lax09-e31ef53d.discord.media:443/, rtc-connection-id: 150d1ebd-5c2d-4a5e-abb7-43b3f2c9a7f9, channel: 1330421763812626466(1)
[2026-08-22 16:53:51.783] [info]  [RTCConnection(1330421763812626466, default)] RTC connection state: AWAITING_ENDPOINT => CONNECTING
[2026-08-22 16:53:51.914] [info]  [RTCConnection(1330421763812626466, default)] Connected to RTC server.
[2026-08-22 16:53:51.914] [info]  [RTCControlSocket(default)] [CONNECTED] wss://c-lax09-e31ef53d.discord.media:443/ in 131 ms
[2026-08-22 16:53:51.914] [info]  [RTCConnection(1330421763812626466, default)] RTC connection state: CONNECTING => AUTHENTICATING
[2026-08-22 16:53:51.915] [info]  [RTCControlSocket(default)] [HELLO] heartbeat interval: 13750, version: 8, took 132 ms
[2026-08-22 16:53:51.915] [info]  [RTCControlSocket(default)] Starting heartbeat with interval: 13750
[2026-08-22 16:53:51.946] [info]  [RTCControlSocket(default)] [READY] took 163 ms
[2026-08-22 16:53:51.947] [info]  [RTCConnection(1330421763812626466, default)] RTC connection state: AUTHENTICATING => RTC_CONNECTING
[2026-08-22 16:53:51.947] [info]  [Connection(default)] Creating connection to 104.29.152.109:19300 with audio ssrc: 17561
[2026-08-22 16:53:51.993] [info]  [Connection(default)] Connected with local address 172.56.210.146:1164 and protocol: udp
[2026-08-22 16:53:51.993] [info]  [Connection(default)] Available engine codecs: "[{\"codec\":\"AV1\",\"decode\":true,\"encode\":false},{\"codec\":\"H264\",\"decode\":true,\"encode\":true},{\"codec\":\"VP8\",\"decode\":true,\"encode\":true}]\n"
[2026-08-22 16:53:51.993] [info]  [Connection(default)] Experimental codecs: [{"name":"AV1","encode":false,"decode":true},{"name":"H265","encode":true,"decode":true}]
[2026-08-22 16:53:51.993] [info]  [Connection(default)] Audio codecs: opus
[2026-08-22 16:53:51.993] [info]  [Connection(default)] Video codecs: AV1[encode: false, decode: true],H264[encode: true, decode: true],VP8[encode: true, decode: true]
[2026-08-22 16:53:51.994] [info]  [Connection(default)] Encryption modes: aead_aes256_gcm_rtpsize,aead_aes256_gcm,aead_xchacha20_poly1305_rtpsize,xsalsa20_poly1305_lite_rtpsize,xsalsa20_poly1305_lite,xsalsa20_poly1305_suffix,xsalsa20_poly1305
[2026-08-22 16:53:51.994] [info]  [Connection(default)] Connection state change: CONNECTING => CONNECTED
[2026-08-22 16:53:51.994] [info]  [RTCConnection(1330421763812626466, default)] RTC media connection state change: RTC_CONNECTING => CONNECTED
[2026-08-22 16:53:51.994] [info]  [RTCConnection(1330421763812626466, default)] RTC connection state: RTC_CONNECTING => RTC_CONNECTED
[2026-08-22 16:53:51.994] [info]  [RTCConnection(1330421763812626466, default)] RTC connected to media server: 104.29.152.109:19300
[2026-08-22 16:53:51.994] [info]  [RTCConnection(1330421763812626466, default)] Sending UDP info to RTC server. [object Object] fixed_keyframe_interval
[2026-08-22 16:53:51.994] [info]  [Connection(default)] Creating user: 1312221304283467830 with audio SSRC: 17552 and video SSRCs: 
[2026-08-22 16:53:52.032] [info]  [RTCConnection(1330421763812626466, default)] Setting media-session-id: 8972cf69d348f558e2a0de9ca87035c9 for rtc-connection-id: 150d1ebd-5c2d-4a5e-abb7-43b3f2c9a7f9
[2026-08-22 16:53:52.033] [info]  [Connection(default)] Selected encryption mode: aead_aes256_gcm_rtpsize
[2026-08-22 16:53:52.033] [info]  [RTCConnection(1330421763812626466, default)] DAVE protocol init with protocol version: 1
[2026-08-22 16:53:52.035] [info]  [RTCConnection(1330421763812626466, default)] Remote media sink wants: {"any":100}
[2026-08-22 16:53:52.036] [info]  [RTCConnection(1330421763812626466, default)] Received MLS external sender package
[2026-08-22 16:53:52.036] [info]  [RTCConnection(1330421763812626466, default)] Received MLS proposals
[2026-08-22 16:53:52.036] [info]  [Connection(default)] DAVE protocol state update: {"version":1,"epochAuthenticator":""}
[2026-08-22 16:53:52.036] [info]  [RTCConnection(1330421763812626466, default)] Got MLS key package, sending to RTC server
[2026-08-22 16:53:52.036] [info]  [RTCControlSocket(default)] Sending MLS key package
[2026-08-22 16:53:52.038] [info]  [RTCConnection(1330421763812626466, default)] Sending MLS commit welcome message
[2026-08-22 16:53:52.038] [info]  [RTCControlSocket(default)] Sending MLS commit + welcome message
[2026-08-22 16:53:52.074] [info]  [RTCConnection(1330421763812626466, default)] Received MLS commit for transition ID 0
[2026-08-22 16:53:52.074] [info]  [Connection(default)] DAVE protocol state update: {"version":1,"epochAuthenticator":"8lNiKBOuE5WTcxo+epGqVbwIUBKe7fsojEskAVZ/4sg="}
[2026-08-22 16:53:53.496] [info]  [InputWatcher] Silence: false
[2026-08-22 16:54:05.665] [info]  [RTCControlSocket(default)] Sending heartbeat with last received sequence number: 7
[2026-08-22 16:54:05.694] [info]  [RTCControlSocket(default)] Heartbeat ACK received
[2026-08-22 16:54:19.415] [info]  [RTCControlSocket(default)] Sending heartbeat with last received sequence number: 7
[2026-08-22 16:54:19.444] [info]  [RTCControlSocket(default)] Heartbeat ACK received
[2026-08-22 16:54:33.165] [info]  [RTCControlSocket(default)] Sending heartbeat with last received sequence number: 7
[2026-08-22 16:54:33.192] [info]  [RTCControlSocket(default)] Heartbeat ACK received
[2026-08-22 16:54:33.576] [info]  [RTCConnection(1330421763812626466, default)] Destroy RTCConnection
[2026-08-22 16:54:33.576] [info]  [RTCControlSocket(default)] CLOSE
[2026-08-22 16:54:33.576] [info]  [RTCConnection(1330421763812626466, default)] Disconnected from RTC server, clean: true, code: 1000, reason: Force Close, state: RTC_CONNECTED
[2026-08-22 16:54:33.578] [info]  [Connection(default)] Connection state change: CONNECTED => DISCONNECTED
[2026-08-22 16:54:33.579] [info]  [RTCConnection(1330421763812626466, default)] RTC media connection state change: RTC_CONNECTED => DISCONNECTED
[2026-08-22 16:54:33.579] [info]  [RTCConnection(1330421763812626466, default)] RTC connection state: RTC_CONNECTED => RTC_DISCONNECTED
[2026-08-22 16:54:33.579] [info]  [Connection(default)] Connection state change: DISCONNECTED => DISCONNECTED
[2026-08-22 16:54:33.579] [info]  [RTCConnection(1330421763812626466, default)] RTC media connection state change: RTC_DISCONNECTED => DISCONNECTED
[2026-08-22 16:54:33.579] [info]  [RTCConnection(1330421763812626466, default)] RTC connection state: RTC_DISCONNECTED => RTC_DISCONNECTED
[2026-08-22 16:54:33.579] [info]  [RTCConnection(1330421763812626466, default)] RTC connection state: RTC_DISCONNECTED => DISCONNECTED
[2026-08-22 16:54:33.600] [warn]  [RTCConnection(1330421763812626466, default)] Error: codec survey is not available
[2026-08-22 16:54:33.600] [info]  [Clips] decider: clear() called — currentSessionGameKey=null currentSessionId=undefined pendingSessionGameKey=null candidates=0
[2026-08-22 16:54:33.600] [info]  [Clips] decider: processClipCandidates — sessionId=undefined candidates=0 staleCandidates=0 autoStashEnabled=false
[2026-08-22 16:54:33.600] [info]  [Clips] ranked clips: [object Object]
[2026-08-22 16:54:33.601] [info]  [RTCConnection(1330421763812626466, default)] [VOICE_DISCONNECT] krisp_nc_model: null
[2026-08-22 16:54:33.848] [info]  [DCF] Daily cap reached [object Object]
[2026-08-22 16:54:33.848] [info]  [DCF] Daily cap in effect, suppressing fatigable content until tomorrow [object Object]
[2026-08-22 16:54:43.782] [info]  [Clips] decider: clear() called — currentSessionGameKey=null currentSessionId=undefined pendingSessionGameKey=null candidates=0
[2026-08-22 16:54:43.783] [info]  [Clips] decider: processClipCandidates — sessionId=undefined candidates=0 staleCandidates=0 autoStashEnabled=false
[2026-08-22 16:54:43.783] [info]  [Clips] ranked clips: [object Object]
[2026-08-22 16:54:44.076] [info]  [RTCControlSocket(default)] [CONNECT] wss://c-lax09-e31ef53d.discord.media:443/
[2026-08-22 16:54:44.076] [info]  [RTCConnection(1330421763812626466, default)] Connecting to RTC server wss://c-lax09-e31ef53d.discord.media:443/, rtc-connection-id: 09e51119-9c08-4d55-994a-6e43cf2f8299, channel: 1330421763812626466(1)
[2026-08-22 16:54:44.077] [info]  [RTCConnection(1330421763812626466, default)] RTC connection state: AWAITING_ENDPOINT => CONNECTING
[2026-08-22 16:54:44.324] [info]  [RTCConnection(1330421763812626466, default)] Connected to RTC server.
[2026-08-22 16:54:44.324] [info]  [RTCControlSocket(default)] [CONNECTED] wss://c-lax09-e31ef53d.discord.media:443/ in 249 ms
[2026-08-22 16:54:44.324] [info]  [RTCConnection(1330421763812626466, default)] RTC connection state: CONNECTING => AUTHENTICATING
[2026-08-22 16:54:44.325] [info]  [RTCControlSocket(default)] [HELLO] heartbeat interval: 13750, version: 8, took 250 ms
[2026-08-22 16:54:44.325] [info]  [RTCControlSocket(default)] Starting heartbeat with interval: 13750
[2026-08-22 16:54:44.352] [info]  [RTCControlSocket(default)] [READY] took 277 ms
[2026-08-22 16:54:44.352] [info]  [RTCConnection(1330421763812626466, default)] RTC connection state: AUTHENTICATING => RTC_CONNECTING
[2026-08-22 16:54:44.353] [info]  [Connection(default)] Creating connection to 104.29.152.109:19300 with audio ssrc: 17570
[2026-08-22 16:54:44.402] [info]  [Connection(default)] Connected with local address 172.56.210.146:38487 and protocol: udp
[2026-08-22 16:54:44.402] [info]  [Connection(default)] Available engine codecs: "[{\"codec\":\"AV1\",\"decode\":true,\"encode\":false},{\"codec\":\"H264\",\"decode\":true,\"encode\":true},{\"codec\":\"VP8\",\"decode\":true,\"encode\":true}]\n"
[2026-08-22 16:54:44.402] [info]  [Connection(default)] Experimental codecs: [{"name":"AV1","encode":false,"decode":true},{"name":"H265","encode":true,"decode":true}]
[2026-08-22 16:54:44.403] [info]  [Connection(default)] Audio codecs: opus
[2026-08-22 16:54:44.403] [info]  [Connection(default)] Video codecs: AV1[encode: false, decode: true],H264[encode: true, decode: true],VP8[encode: true, decode: true]
[2026-08-22 16:54:44.403] [info]  [Connection(default)] Encryption modes: aead_aes256_gcm_rtpsize,aead_aes256_gcm,aead_xchacha20_poly1305_rtpsize,xsalsa20_poly1305_lite_rtpsize,xsalsa20_poly1305_lite,xsalsa20_poly1305_suffix,xsalsa20_poly1305
[2026-08-22 16:54:44.403] [info]  [Connection(default)] Connection state change: CONNECTING => CONNECTED
[2026-08-22 16:54:44.403] [info]  [RTCConnection(1330421763812626466, default)] RTC media connection state change: RTC_CONNECTING => CONNECTED
[2026-08-22 16:54:44.403] [info]  [RTCConnection(1330421763812626466, default)] RTC connection state: RTC_CONNECTING => RTC_CONNECTED
[2026-08-22 16:54:44.404] [info]  [RTCConnection(1330421763812626466, default)] RTC connected to media server: 104.29.152.109:19300
[2026-08-22 16:54:44.404] [info]  [RTCConnection(1330421763812626466, default)] Sending UDP info to RTC server. [object Object] fixed_keyframe_interval
[2026-08-22 16:54:44.404] [info]  [Connection(default)] Creating user: 1312221304283467830 with audio SSRC: 17552 and video SSRCs: 
[2026-08-22 16:54:44.434] [info]  [RTCConnection(1330421763812626466, default)] Setting media-session-id: 8972cf69d348f558e2a0de9ca87035c9 for rtc-connection-id: 09e51119-9c08-4d55-994a-6e43cf2f8299
[2026-08-22 16:54:44.434] [info]  [Connection(default)] Selected encryption mode: aead_aes256_gcm_rtpsize
[2026-08-22 16:54:44.435] [info]  [RTCConnection(1330421763812626466, default)] DAVE protocol init with protocol version: 1
[2026-08-22 16:54:44.435] [info]  [RTCConnection(1330421763812626466, default)] Remote media sink wants: {"any":100}
[2026-08-22 16:54:44.435] [info]  [RTCConnection(1330421763812626466, default)] Received MLS external sender package
[2026-08-22 16:54:44.435] [info]  [Connection(default)] DAVE protocol state update: {"version":1,"epochAuthenticator":""}
[2026-08-22 16:54:44.435] [info]  [RTCConnection(1330421763812626466, default)] Got MLS key package, sending to RTC server
[2026-08-22 16:54:44.435] [info]  [RTCControlSocket(default)] Sending MLS key package
[2026-08-22 16:54:44.435] [info]  [RTCConnection(1330421763812626466, default)] Received MLS proposals
[2026-08-22 16:54:44.436] [info]  [RTCConnection(1330421763812626466, default)] Sending MLS commit welcome message
[2026-08-22 16:54:44.437] [info]  [RTCControlSocket(default)] Sending MLS commit + welcome message
[2026-08-22 16:54:44.467] [info]  [RTCConnection(1330421763812626466, default)] Received MLS commit for transition ID 0
[2026-08-22 16:54:44.467] [info]  [Connection(default)] DAVE protocol state update: {"version":1,"epochAuthenticator":"i58ydlyhShDBJVGXYHdLVhKda6SLxnABqCq2nfV1dTY="}
[2026-08-22 16:54:45.909] [info]  [InputWatcher] Silence: false
[2026-08-22 16:54:58.075] [info]  [RTCControlSocket(default)] Sending heartbeat with last received sequence number: 7
[2026-08-22 16:54:58.109] [info]  [RTCControlSocket(default)] Heartbeat ACK received
[2026-08-22 16:55:09.571] [info]  [RTCConnection(1330421763812626466, default)] Destroy RTCConnection
[2026-08-22 16:55:09.572] [info]  [RTCControlSocket(default)] CLOSE
[2026-08-22 16:55:09.572] [info]  [RTCConnection(1330421763812626466, default)] Disconnected from RTC server, clean: true, code: 1000, reason: Force Close, state: RTC_CONNECTED
[2026-08-22 16:55:09.574] [info]  [Connection(default)] Connection state change: CONNECTED => DISCONNECTED
[2026-08-22 16:55:09.574] [info]  [RTCConnection(1330421763812626466, default)] RTC media connection state change: RTC_CONNECTED => DISCONNECTED
[2026-08-22 16:55:09.574] [info]  [RTCConnection(1330421763812626466, default)] RTC connection state: RTC_CONNECTED => RTC_DISCONNECTED
[2026-08-22 16:55:09.574] [info]  [Connection(default)] Connection state change: DISCONNECTED => DISCONNECTED
[2026-08-22 16:55:09.574] [info]  [RTCConnection(1330421763812626466, default)] RTC media connection state change: RTC_DISCONNECTED => DISCONNECTED
[2026-08-22 16:55:09.574] [info]  [RTCConnection(1330421763812626466, default)] RTC connection state: RTC_DISCONNECTED => RTC_DISCONNECTED
[2026-08-22 16:55:09.574] [info]  [RTCConnection(1330421763812626466, default)] RTC connection state: RTC_DISCONNECTED => DISCONNECTED
[2026-08-22 16:55:09.594] [warn]  [RTCConnection(1330421763812626466, default)] Error: codec survey is not available
[2026-08-22 16:55:09.594] [info]  [Clips] decider: clear() called — currentSessionGameKey=null currentSessionId=undefined pendingSessionGameKey=null candidates=0
[2026-08-22 16:55:09.594] [info]  [Clips] decider: processClipCandidates — sessionId=undefined candidates=0 staleCandidates=0 autoStashEnabled=false
[2026-08-22 16:55:09.594] [info]  [Clips] ranked clips: [object Object]
[2026-08-22 16:55:09.595] [info]  [RTCConnection(1330421763812626466, default)] [VOICE_DISCONNECT] krisp_nc_model: null
[2026-08-22 16:55:10.575] [info]  [Clips] decider: clear() called — currentSessionGameKey=null currentSessionId=undefined pendingSessionGameKey=null candidates=0
[2026-08-22 16:55:10.575] [info]  [Clips] decider: processClipCandidates — sessionId=undefined candidates=0 staleCandidates=0 autoStashEnabled=false
[2026-08-22 16:55:10.575] [info]  [Clips] ranked clips: [object Object]
[2026-08-22 16:55:10.922] [error] Could not find a View Model linked to Artboard BaseGlowRemapped.
[2026-08-22 16:55:10.923] [error] Could not find a View Model linked to Artboard BaseGlowRemapped.
[2026-08-22 16:55:10.925] [info]  [RTCControlSocket(default)] [CONNECT] wss://c-lax09-e31ef53d.discord.media:443/
[2026-08-22 16:55:10.925] [info]  [RTCConnection(1330421763812626466, default)] Connecting to RTC server wss://c-lax09-e31ef53d.discord.media:443/, rtc-connection-id: ab7dc1d0-3df4-49c8-9267-54d1f5fc5a94, channel: 1330421763812626466(1)
[2026-08-22 16:55:10.925] [info]  [RTCConnection(1330421763812626466, default)] RTC connection state: AWAITING_ENDPOINT => CONNECTING
[2026-08-22 16:55:11.070] [info]  [RTCConnection(1330421763812626466, default)] Connected to RTC server.
[2026-08-22 16:55:11.070] [info]  [RTCControlSocket(default)] [CONNECTED] wss://c-lax09-e31ef53d.discord.media:443/ in 145 ms
[2026-08-22 16:55:11.071] [info]  [RTCConnection(1330421763812626466, default)] RTC connection state: CONNECTING => AUTHENTICATING
[2026-08-22 16:55:11.071] [info]  [RTCControlSocket(default)] [HELLO] heartbeat interval: 13750, version: 8, took 146 ms
[2026-08-22 16:55:11.071] [info]  [RTCControlSocket(default)] Starting heartbeat with interval: 13750
[2026-08-22 16:55:11.109] [info]  [RTCControlSocket(default)] [READY] took 184 ms
[2026-08-22 16:55:11.109] [info]  [RTCConnection(1330421763812626466, default)] RTC connection state: AUTHENTICATING => RTC_CONNECTING
[2026-08-22 16:55:11.110] [info]  [Connection(default)] Creating connection to 104.29.152.109:19300 with audio ssrc: 17573
[2026-08-22 16:55:11.151] [info]  [Connection(default)] Connected with local address 172.56.210.146:41852 and protocol: udp
[2026-08-22 16:55:11.154] [info]  [Connection(default)] Available engine codecs: "[{\"codec\":\"AV1\",\"decode\":true,\"encode\":false},{\"codec\":\"H264\",\"decode\":true,\"encode\":true},{\"codec\":\"VP8\",\"decode\":true,\"encode\":true}]\n"
[2026-08-22 16:55:11.154] [info]  [Connection(default)] Experimental codecs: [{"name":"AV1","encode":false,"decode":true},{"name":"H265","encode":true,"decode":true}]
[2026-08-22 16:55:11.154] [info]  [Connection(default)] Audio codecs: opus
[2026-08-22 16:55:11.154] [info]  [Connection(default)] Video codecs: AV1[encode: false, decode: true],H264[encode: true, decode: true],VP8[encode: true, decode: true]
[2026-08-22 16:55:11.155] [info]  [Connection(default)] Encryption modes: aead_aes256_gcm_rtpsize,aead_aes256_gcm,aead_xchacha20_poly1305_rtpsize,xsalsa20_poly1305_lite_rtpsize,xsalsa20_poly1305_lite,xsalsa20_poly1305_suffix,xsalsa20_poly1305
[2026-08-22 16:55:11.155] [info]  [Connection(default)] Connection state change: CONNECTING => CONNECTED
[2026-08-22 16:55:11.155] [info]  [RTCConnection(1330421763812626466, default)] RTC media connection state change: RTC_CONNECTING => CONNECTED
[2026-08-22 16:55:11.155] [info]  [RTCConnection(1330421763812626466, default)] RTC connection state: RTC_CONNECTING => RTC_CONNECTED
[2026-08-22 16:55:11.156] [info]  [RTCConnection(1330421763812626466, default)] RTC connected to media server: 104.29.152.109:19300
[2026-08-22 16:55:11.156] [info]  [RTCConnection(1330421763812626466, default)] Sending UDP info to RTC server. [object Object] fixed_keyframe_interval
[2026-08-22 16:55:11.156] [info]  [Connection(default)] Creating user: 1312221304283467830 with audio SSRC: 17552 and video SSRCs: 
[2026-08-22 16:55:11.196] [info]  [RTCConnection(1330421763812626466, default)] Setting media-session-id: 8972cf69d348f558e2a0de9ca87035c9 for rtc-connection-id: ab7dc1d0-3df4-49c8-9267-54d1f5fc5a94
[2026-08-22 16:55:11.196] [info]  [Connection(default)] Selected encryption mode: aead_aes256_gcm_rtpsize
[2026-08-22 16:55:11.196] [info]  [RTCConnection(1330421763812626466, default)] DAVE protocol init with protocol version: 1
[2026-08-22 16:55:11.200] [info]  [Connection(default)] DAVE protocol state update: {"version":1,"epochAuthenticator":""}
[2026-08-22 16:55:11.200] [info]  [RTCConnection(1330421763812626466, default)] Got MLS key package, sending to RTC server
[2026-08-22 16:55:11.200] [info]  [RTCControlSocket(default)] Sending MLS key package
[2026-08-22 16:55:11.200] [info]  [RTCConnection(1330421763812626466, default)] Remote media sink wants: {"any":100}
[2026-08-22 16:55:11.201] [info]  [RTCConnection(1330421763812626466, default)] Received MLS external sender package
[2026-08-22 16:55:11.201] [info]  [RTCConnection(1330421763812626466, default)] Received MLS proposals
[2026-08-22 16:55:11.206] [info]  [RTCConnection(1330421763812626466, default)] Sending MLS commit welcome message
[2026-08-22 16:55:11.206] [info]  [RTCControlSocket(default)] Sending MLS commit + welcome message
[2026-08-22 16:55:11.244] [info]  [RTCConnection(1330421763812626466, default)] Received MLS commit for transition ID 0
[2026-08-22 16:55:11.245] [info]  [Connection(default)] DAVE protocol state update: {"version":1,"epochAuthenticator":"Jru1SvTC6XPSnmz1nelxQFz7DVTxaAiBG0TrtdyYLb0="}
[2026-08-22 16:55:12.658] [info]  [InputWatcher] Silence: false
[2026-08-22 16:55:22.745] [info]  [RPCServer:IPC] Socket Message: 5 [object Object]
[2026-08-22 16:55:22.749] [info]  [RPCServer:IPC] Socket Emit: 5 [object Object]
[2026-08-22 16:55:23.245] [info]  [RPCServer:IPC] Socket Message: 5 [object Object]
[2026-08-22 16:55:23.247] [info]  [RPCServer:IPC] Socket Emit: 5 [object Object]
[2026-08-22 16:55:24.745] [info]  [RPCServer:IPC] Socket Message: 5 [object Object]
[2026-08-22 16:55:24.746] [info]  [RPCServer:IPC] Socket Emit: 5 [object Object]
[2026-08-22 16:55:24.821] [info]  [RTCControlSocket(default)] Sending heartbeat with last received sequence number: 7
[2026-08-22 16:55:24.850] [info]  [RTCControlSocket(default)] Heartbeat ACK received
[2026-08-22 16:55:31.245] [info]  [RPCServer:IPC] Socket Message: 5 [object Object]
[2026-08-22 16:55:31.246] [info]  [RPCServer:IPC] Socket Emit: 5 [object Object]
[2026-08-22 16:55:36.245] [info]  [RPCServer:IPC] Socket Message: 5 [object Object]
[2026-08-22 16:55:36.247] [info]  [RPCServer:IPC] Socket Emit: 5 [object Object]
[2026-08-22 16:55:38.571] [info]  [RTCControlSocket(default)] Sending heartbeat with last received sequence number: 7
[2026-08-22 16:55:38.603] [info]  [RTCControlSocket(default)] Heartbeat ACK received
[2026-08-22 16:55:45.745] [info]  [RPCServer:IPC] Socket Message: 5 [object Object]
[2026-08-22 16:55:45.747] [info]  [RPCServer:IPC] Socket Emit: 5 [object Object]
[2026-08-22 16:55:48.245] [info]  [RPCServer:IPC] Socket Message: 5 [object Object]
[2026-08-22 16:55:48.247] [info]  [RPCServer:IPC] Socket Emit: 5 [object Object]
[2026-08-22 16:55:49.745] [info]  [RPCServer:IPC] Socket Message: 5 [object Object]
[2026-08-22 16:55:49.746] [info]  [RPCServer:IPC] Socket Emit: 5 [object Object]
[2026-08-22 16:55:52.321] [info]  [RTCControlSocket(default)] Sending heartbeat with last received sequence number: 7
[2026-08-22 16:55:52.362] [info]  [RTCControlSocket(default)] Heartbeat ACK received
[2026-08-22 16:56:06.071] [info]  [RTCControlSocket(default)] Sending heartbeat with last received sequence number: 7
[2026-08-22 16:56:06.108] [info]  [RTCControlSocket(default)] Heartbeat ACK received
[2026-08-22 16:56:19.821] [info]  [RTCControlSocket(default)] Sending heartbeat with last received sequence number: 7
[2026-08-22 16:56:19.853] [info]  [RTCControlSocket(default)] Heartbeat ACK received
[2026-08-22 16:56:33.571] [info]  [RTCControlSocket(default)] Sending heartbeat with last received sequence number: 7
[2026-08-22 16:56:33.606] [info]  [RTCControlSocket(default)] Heartbeat ACK received
[2026-08-22 16:56:47.321] [info]  [RTCControlSocket(default)] Sending heartbeat with last received sequence number: 7
[2026-08-22 16:56:47.361] [info]  [RTCControlSocket(default)] Heartbeat ACK received
[2026-08-22 16:57:01.071] [info]  [RTCControlSocket(default)] Sending heartbeat with last received sequence number: 7
[2026-08-22 16:57:01.112] [info]  [RTCControlSocket(default)] Heartbeat ACK received
[2026-08-22 16:57:14.821] [info]  [RTCControlSocket(default)] Sending heartbeat with last received sequence number: 7
[2026-08-22 16:57:14.863] [info]  [RTCControlSocket(default)] Heartbeat ACK received
[2026-08-22 16:57:28.571] [info]  [RTCControlSocket(default)] Sending heartbeat with last received sequence number: 7
[2026-08-22 16:57:28.599] [info]  [RTCControlSocket(default)] Heartbeat ACK received
[2026-08-22 16:57:42.321] [info]  [RTCControlSocket(default)] Sending heartbeat with last received sequence number: 7
[2026-08-22 16:57:42.360] [info]  [RTCControlSocket(default)] Heartbeat ACK received
[2026-08-22 16:57:56.071] [info]  [RTCControlSocket(default)] Sending heartbeat with last received sequence number: 7
[2026-08-22 16:57:56.099] [info]  [RTCControlSocket(default)] Heartbeat ACK received
[2026-08-22 16:58:09.821] [info]  [RTCControlSocket(default)] Sending heartbeat with last received sequence number: 7
[2026-08-22 16:58:09.847] [info]  [RTCControlSocket(default)] Heartbeat ACK received
[2026-08-22 16:58:23.571] [info]  [RTCControlSocket(default)] Sending heartbeat with last received sequence number: 7
[2026-08-22 16:58:23.621] [info]  [RTCControlSocket(default)] Heartbeat ACK received
[2026-08-22 16:58:37.322] [info]  [RTCControlSocket(default)] Sending heartbeat with last received sequence number: 7
[2026-08-22 16:58:37.376] [info]  [RTCControlSocket(default)] Heartbeat ACK received
[2026-08-22 16:58:51.071] [info]  [RTCControlSocket(default)] Sending heartbeat with last received sequence number: 7
[2026-08-22 16:58:51.096] [info]  [RTCControlSocket(default)] Heartbeat ACK received
[2026-08-22 16:59:04.821] [info]  [RTCControlSocket(default)] Sending heartbeat with last received sequence number: 7
[2026-08-22 16:59:04.851] [info]  [RTCControlSocket(default)] Heartbeat ACK received
[2026-08-22 16:59:18.571] [info]  [RTCControlSocket(default)] Sending heartbeat with last received sequence number: 7
[2026-08-22 16:59:18.599] [info]  [RTCControlSocket(default)] Heartbeat ACK received
[2026-08-22 16:59:25.367] [info]  [ConnectionEventFramerateReducer] BaseConnection.userSpeakingChange: Reduced framerate after 15000 ms.
[2026-08-22 16:59:32.322] [info]  [RTCControlSocket(default)] Sending heartbeat with last received sequence number: 7
[2026-08-22 16:59:32.354] [info]  [RTCControlSocket(default)] Heartbeat ACK received
[2026-08-22 16:59:46.071] [info]  [RTCControlSocket(default)] Sending heartbeat with last received sequence number: 7
[2026-08-22 16:59:46.123] [info]  [RTCControlSocket(default)] Heartbeat ACK received
[2026-08-22 16:59:59.821] [info]  [RTCControlSocket(default)] Sending heartbeat with last received sequence number: 7
[2026-08-22 16:59:59.864] [info]  [RTCControlSocket(default)] Heartbeat ACK received
[2026-08-22 17:00:13.571] [info]  [RTCControlSocket(default)] Sending heartbeat with last received sequence number: 7
[2026-08-22 17:00:13.602] [info]  [RTCControlSocket(default)] Heartbeat ACK received
[2026-08-22 17:00:27.321] [info]  [RTCControlSocket(default)] Sending heartbeat with last received sequence number: 7
[2026-08-22 17:00:27.363] [info]  [RTCControlSocket(default)] Heartbeat ACK received
[2026-08-22 17:00:41.071] [info]  [RTCControlSocket(default)] Sending heartbeat with last received sequence number: 7
[2026-08-22 17:00:41.100] [info]  [RTCControlSocket(default)] Heartbeat ACK received
[2026-08-22 17:00:54.822] [info]  [RTCControlSocket(default)] Sending heartbeat with last received sequence number: 7
[2026-08-22 17:00:54.850] [info]  [RTCControlSocket(default)] Heartbeat ACK received
[2026-08-22 17:01:08.572] [info]  [RTCControlSocket(default)] Sending heartbeat with last received sequence number: 7
[2026-08-22 17:01:08.595] [info]  [RTCControlSocket(default)] Heartbeat ACK received
[2026-08-22 17:01:15.253] [info]  [RPCServer:IPC] Socket Message: 5 [object Object]
[2026-08-22 17:01:15.255] [info]  [RPCServer:IPC] Socket Emit: 5 [object Object]
[2026-08-22 17:01:22.321] [info]  [RTCControlSocket(default)] Sending heartbeat with last received sequence number: 7
[2026-08-22 17:01:22.355] [info]  [RTCControlSocket(default)] Heartbeat ACK received
[2026-08-22 17:01:36.072] [info]  [RTCControlSocket(default)] Sending heartbeat with last received sequence number: 7
[2026-08-22 17:01:36.099] [info]  [RTCControlSocket(default)] Heartbeat ACK received
[2026-08-22 17:01:49.822] [info]  [RTCControlSocket(default)] Sending heartbeat with last received sequence number: 7
[2026-08-22 17:01:49.848] [info]  [RTCControlSocket(default)] Heartbeat ACK received
[2026-08-22 17:02:03.571] [info]  [RTCControlSocket(default)] Sending heartbeat with last received sequence number: 7
[2026-08-22 17:02:03.599] [info]  [RTCControlSocket(default)] Heartbeat ACK received
[2026-08-22 17:02:17.321] [info]  [RTCControlSocket(default)] Sending heartbeat with last received sequence number: 7
[2026-08-22 17:02:17.351] [info]  [RTCControlSocket(default)] Heartbeat ACK received
[2026-08-22 17:02:31.071] [info]  [RTCControlSocket(default)] Sending heartbeat with last received sequence number: 7
[2026-08-22 17:02:31.113] [info]  [RTCControlSocket(default)] Heartbeat ACK received
[2026-08-22 17:02:44.821] [info]  [RTCControlSocket(default)] Sending heartbeat with last received sequence number: 7
[2026-08-22 17:02:44.850] [info]  [RTCControlSocket(default)] Heartbeat ACK received
[2026-08-22 17:02:58.571] [info]  [RTCControlSocket(default)] Sending heartbeat with last received sequence number: 7
[2026-08-22 17:02:58.592] [info]  [RTCControlSocket(default)] Heartbeat ACK received
[2026-08-22 17:03:12.321] [info]  [RTCControlSocket(default)] Sending heartbeat with last received sequence number: 7
[2026-08-22 17:03:12.353] [info]  [RTCControlSocket(default)] Heartbeat ACK received
[2026-08-22 17:03:26.071] [info]  [RTCControlSocket(default)] Sending heartbeat with last received sequence number: 7
[2026-08-22 17:03:26.107] [info]  [RTCControlSocket(default)] Heartbeat ACK received
[2026-08-22 17:03:39.821] [info]  [RTCControlSocket(default)] Sending heartbeat with last received sequence number: 7
[2026-08-22 17:03:39.853] [info]  [RTCControlSocket(default)] Heartbeat ACK received
[2026-08-22 17:03:53.571] [info]  [RTCControlSocket(default)] Sending heartbeat with last received sequence number: 7
[2026-08-22 17:03:53.613] [info]  [RTCControlSocket(default)] Heartbeat ACK received
[2026-08-22 17:04:07.321] [info]  [RTCControlSocket(default)] Sending heartbeat with last received sequence number: 7
[2026-08-22 17:04:07.366] [info]  [RTCControlSocket(default)] Heartbeat ACK received
[2026-08-22 17:04:21.071] [info]  [RTCControlSocket(default)] Sending heartbeat with last received sequence number: 7
[2026-08-22 17:04:21.107] [info]  [RTCControlSocket(default)] Heartbeat ACK received
[2026-08-22 17:04:34.821] [info]  [RTCControlSocket(default)] Sending heartbeat with last received sequence number: 7
[2026-08-22 17:04:34.874] [info]  [RTCControlSocket(default)] Heartbeat ACK received
[2026-08-22 17:04:48.571] [info]  [RTCControlSocket(default)] Sending heartbeat with last received sequence number: 7
[2026-08-22 17:04:48.616] [info]  [RTCControlSocket(default)] Heartbeat ACK received
[2026-08-22 17:05:02.321] [info]  [RTCControlSocket(default)] Sending heartbeat with last received sequence number: 7
[2026-08-22 17:05:02.369] [info]  [RTCControlSocket(default)] Heartbeat ACK received
[2026-08-22 17:05:16.072] [info]  [RTCControlSocket(default)] Sending heartbeat with last received sequence number: 7
[2026-08-22 17:05:16.102] [info]  [RTCControlSocket(default)] Heartbeat ACK received
[2026-08-22 17:05:29.821] [info]  [RTCControlSocket(default)] Sending heartbeat with last received sequence number: 7
[2026-08-22 17:05:29.855] [info]  [RTCControlSocket(default)] Heartbeat ACK received
[2026-08-22 17:05:43.571] [info]  [RTCControlSocket(default)] Sending heartbeat with last received sequence number: 7
[2026-08-22 17:05:43.606] [info]  [RTCControlSocket(default)] Heartbeat ACK received
[2026-08-22 17:05:57.322] [info]  [RTCControlSocket(default)] Sending heartbeat with last received sequence number: 7
[2026-08-22 17:05:57.348] [info]  [RTCControlSocket(default)] Heartbeat ACK received
[2026-08-22 17:06:11.071] [info]  [RTCControlSocket(default)] Sending heartbeat with last received sequence number: 7
[2026-08-22 17:06:11.111] [info]  [RTCControlSocket(default)] Heartbeat ACK received
[2026-08-22 17:06:24.821] [info]  [RTCControlSocket(default)] Sending heartbeat with last received sequence number: 7
[2026-08-22 17:06:24.871] [info]  [RTCControlSocket(default)] Heartbeat ACK received
[2026-08-22 17:06:38.571] [info]  [RTCControlSocket(default)] Sending heartbeat with last received sequence number: 7
[2026-08-22 17:06:38.612] [info]  [RTCControlSocket(default)] Heartbeat ACK received
[2026-08-22 17:06:52.321] [info]  [RTCControlSocket(default)] Sending heartbeat with last received sequence number: 7
[2026-08-22 17:06:52.348] [info]  [RTCControlSocket(default)] Heartbeat ACK received
[2026-08-22 17:07:06.072] [info]  [RTCControlSocket(default)] Sending heartbeat with last received sequence number: 7
[2026-08-22 17:07:06.114] [info]  [RTCControlSocket(default)] Heartbeat ACK received
[2026-08-22 17:07:19.821] [info]  [RTCControlSocket(default)] Sending heartbeat with last received sequence number: 7
[2026-08-22 17:07:19.852] [info]  [RTCControlSocket(default)] Heartbeat ACK received
[2026-08-22 17:07:33.571] [info]  [RTCControlSocket(default)] Sending heartbeat with last received sequence number: 7
[2026-08-22 17:07:33.611] [info]  [RTCControlSocket(default)] Heartbeat ACK received
[2026-08-22 17:07:47.321] [info]  [RTCControlSocket(default)] Sending heartbeat with last received sequence number: 7
[2026-08-22 17:07:47.351] [info]  [RTCControlSocket(default)] Heartbeat ACK received
[2026-08-22 17:08:01.071] [info]  [RTCControlSocket(default)] Sending heartbeat with last received sequence number: 7
[2026-08-22 17:08:01.105] [info]  [RTCControlSocket(default)] Heartbeat ACK received
[2026-08-22 17:08:14.821] [info]  [RTCControlSocket(default)] Sending heartbeat with last received sequence number: 7
[2026-08-22 17:08:14.863] [info]  [RTCControlSocket(default)] Heartbeat ACK received
[2026-08-22 17:08:28.571] [info]  [RTCControlSocket(default)] Sending heartbeat with last received sequence number: 7
[2026-08-22 17:08:28.600] [info]  [RTCControlSocket(default)] Heartbeat ACK received
[2026-08-22 17:08:42.321] [info]  [RTCControlSocket(default)] Sending heartbeat with last received sequence number: 7
[2026-08-22 17:08:42.354] [info]  [RTCControlSocket(default)] Heartbeat ACK received
[2026-08-22 17:08:56.072] [info]  [RTCControlSocket(default)] Sending heartbeat with last received sequence number: 7
[2026-08-22 17:08:56.109] [info]  [RTCControlSocket(default)] Heartbeat ACK received
[2026-08-22 17:09:09.821] [info]  [RTCControlSocket(default)] Sending heartbeat with last received sequence number: 7
[2026-08-22 17:09:09.850] [info]  [RTCControlSocket(default)] Heartbeat ACK received
[2026-08-22 17:09:23.571] [info]  [RTCControlSocket(default)] Sending heartbeat with last received sequence number: 7
[2026-08-22 17:09:23.612] [info]  [RTCControlSocket(default)] Heartbeat ACK received
[2026-08-22 17:09:37.322] [info]  [RTCControlSocket(default)] Sending heartbeat with last received sequence number: 7
[2026-08-22 17:09:37.348] [info]  [RTCControlSocket(default)] Heartbeat ACK received
[2026-08-22 17:09:51.071] [info]  [RTCControlSocket(default)] Sending heartbeat with last received sequence number: 7
[2026-08-22 17:09:51.111] [info]  [RTCControlSocket(default)] Heartbeat ACK received
[2026-08-22 17:10:04.821] [info]  [RTCControlSocket(default)] Sending heartbeat with last received sequence number: 7
[2026-08-22 17:10:04.860] [info]  [RTCControlSocket(default)] Heartbeat ACK received
[2026-08-22 17:10:18.571] [info]  [RTCControlSocket(default)] Sending heartbeat with last received sequence number: 7
[2026-08-22 17:10:18.598] [info]  [RTCControlSocket(default)] Heartbeat ACK received
[2026-08-22 17:10:32.321] [info]  [RTCControlSocket(default)] Sending heartbeat with last received sequence number: 7
[2026-08-22 17:10:32.343] [info]  [RTCControlSocket(default)] Heartbeat ACK received
[2026-08-22 17:10:46.071] [info]  [RTCControlSocket(default)] Sending heartbeat with last received sequence number: 7
[2026-08-22 17:10:46.102] [info]  [RTCControlSocket(default)] Heartbeat ACK received
[2026-08-22 17:10:59.821] [info]  [RTCControlSocket(default)] Sending heartbeat with last received sequence number: 7
[2026-08-22 17:10:59.869] [info]  [RTCControlSocket(default)] Heartbeat ACK received
[2026-08-22 17:11:13.571] [info]  [RTCControlSocket(default)] Sending heartbeat with last received sequence number: 7
[2026-08-22 17:11:13.611] [info]  [RTCControlSocket(default)] Heartbeat ACK received
[2026-08-22 17:11:27.322] [info]  [RTCControlSocket(default)] Sending heartbeat with last received sequence number: 7
[2026-08-22 17:11:27.351] [info]  [RTCControlSocket(default)] Heartbeat ACK received
[2026-08-22 17:11:41.072] [info]  [RTCControlSocket(default)] Sending heartbeat with last received sequence number: 7
[2026-08-22 17:11:41.105] [info]  [RTCControlSocket(default)] Heartbeat ACK received
[2026-08-22 17:11:54.822] [info]  [RTCControlSocket(default)] Sending heartbeat with last received sequence number: 7
[2026-08-22 17:11:54.853] [info]  [RTCControlSocket(default)] Heartbeat ACK received
[2026-08-22 17:12:08.571] [info]  [RTCControlSocket(default)] Sending heartbeat with last received sequence number: 7
[2026-08-22 17:12:08.604] [info]  [RTCControlSocket(default)] Heartbeat ACK received
[2026-08-22 17:12:22.321] [info]  [RTCControlSocket(default)] Sending heartbeat with last received sequence number: 7
[2026-08-22 17:12:22.369] [info]  [RTCControlSocket(default)] Heartbeat ACK received
[2026-08-22 17:12:36.072] [info]  [RTCControlSocket(default)] Sending heartbeat with last received sequence number: 7
[2026-08-22 17:12:36.115] [info]  [RTCControlSocket(default)] Heartbeat ACK received
[2026-08-22 17:12:49.821] [info]  [RTCControlSocket(default)] Sending heartbeat with last received sequence number: 7
[2026-08-22 17:12:49.847] [info]  [RTCControlSocket(default)] Heartbeat ACK received
[2026-08-22 17:13:03.571] [info]  [RTCControlSocket(default)] Sending heartbeat with last received sequence number: 7
[2026-08-22 17:13:03.599] [info]  [RTCControlSocket(default)] Heartbeat ACK received
[2026-08-22 17:13:17.321] [info]  [RTCControlSocket(default)] Sending heartbeat with last received sequence number: 7
[2026-08-22 17:13:17.367] [info]  [RTCControlSocket(default)] Heartbeat ACK received
[2026-08-22 17:13:31.071] [info]  [RTCControlSocket(default)] Sending heartbeat with last received sequence number: 7
[2026-08-22 17:13:31.116] [info]  [RTCControlSocket(default)] Heartbeat ACK received
[2026-08-22 17:13:44.822] [info]  [RTCControlSocket(default)] Sending heartbeat with last received sequence number: 7
[2026-08-22 17:13:44.851] [info]  [RTCControlSocket(default)] Heartbeat ACK received
[2026-08-22 17:13:58.571] [info]  [RTCControlSocket(default)] Sending heartbeat with last received sequence number: 7
[2026-08-22 17:13:58.601] [info]  [RTCControlSocket(default)] Heartbeat ACK received
[2026-08-22 17:14:12.321] [info]  [RTCControlSocket(default)] Sending heartbeat with last received sequence number: 7
[2026-08-22 17:14:12.350] [info]  [RTCControlSocket(default)] Heartbeat ACK received
[2026-08-22 17:14:17.190] [info]  [RPCServer:IPC] Socket Message: 5 [object Object]
[2026-08-22 17:14:17.193] [info]  [RPCServer:IPC] Socket Emit: 5 [object Object]
[2026-08-22 17:14:24.190] [info]  [RPCServer:IPC] Socket Message: 5 [object Object]
[2026-08-22 17:14:24.192] [info]  [RPCServer:IPC] Socket Emit: 5 [object Object]
[2026-08-22 17:14:26.071] [info]  [RTCControlSocket(default)] Sending heartbeat with last received sequence number: 7
[2026-08-22 17:14:26.098] [info]  [RTCControlSocket(default)] Heartbeat ACK received
[2026-08-22 17:14:39.821] [info]  [RTCControlSocket(default)] Sending heartbeat with last received sequence number: 7
[2026-08-22 17:14:39.850] [info]  [RTCControlSocket(default)] Heartbeat ACK received
[2026-08-22 17:14:53.571] [info]  [RTCControlSocket(default)] Sending heartbeat with last received sequence number: 7
[2026-08-22 17:14:53.609] [info]  [RTCControlSocket(default)] Heartbeat ACK received
[2026-08-22 17:15:07.322] [info]  [RTCControlSocket(default)] Sending heartbeat with last received sequence number: 7
[2026-08-22 17:15:07.369] [info]  [RTCControlSocket(default)] Heartbeat ACK received
[2026-08-22 17:15:17.469] [info]  [ConnectionEventFramerateReducer] BaseConnection.userSpeakingChange: Reduced framerate after 15000 ms.
[2026-08-22 17:15:21.072] [info]  [RTCControlSocket(default)] Sending heartbeat with last received sequence number: 7
[2026-08-22 17:15:21.109] [info]  [RTCControlSocket(default)] Heartbeat ACK received
[2026-08-22 17:15:34.821] [info]  [RTCControlSocket(default)] Sending heartbeat with last received sequence number: 7
[2026-08-22 17:15:34.859] [info]  [RTCControlSocket(default)] Heartbeat ACK received
[2026-08-22 17:15:48.572] [info]  [RTCControlSocket(default)] Sending heartbeat with last received sequence number: 7
[2026-08-22 17:15:48.601] [info]  [RTCControlSocket(default)] Heartbeat ACK received
[2026-08-22 17:16:02.321] [info]  [RTCControlSocket(default)] Sending heartbeat with last received sequence number: 7
[2026-08-22 17:16:02.348] [info]  [RTCControlSocket(default)] Heartbeat ACK received
[2026-08-22 17:16:16.071] [info]  [RTCControlSocket(default)] Sending heartbeat with last received sequence number: 7
[2026-08-22 17:16:16.100] [info]  [RTCControlSocket(default)] Heartbeat ACK received
[2026-08-22 17:16:29.821] [info]  [RTCControlSocket(default)] Sending heartbeat with last received sequence number: 7
[2026-08-22 17:16:29.852] [info]  [RTCControlSocket(default)] Heartbeat ACK received
[2026-08-22 17:16:43.571] [info]  [RTCControlSocket(default)] Sending heartbeat with last received sequence number: 7
[2026-08-22 17:16:43.599] [info]  [RTCControlSocket(default)] Heartbeat ACK received
[2026-08-22 17:16:57.321] [info]  [RTCControlSocket(default)] Sending heartbeat with last received sequence number: 7
[2026-08-22 17:16:57.343] [info]  [RTCControlSocket(default)] Heartbeat ACK received
[2026-08-22 17:17:11.071] [info]  [RTCControlSocket(default)] Sending heartbeat with last received sequence number: 7
[2026-08-22 17:17:11.100] [info]  [RTCControlSocket(default)] Heartbeat ACK received
[2026-08-22 17:17:24.821] [info]  [RTCControlSocket(default)] Sending heartbeat with last received sequence number: 7
[2026-08-22 17:17:24.848] [info]  [RTCControlSocket(default)] Heartbeat ACK received
[2026-08-22 17:17:38.571] [info]  [RTCControlSocket(default)] Sending heartbeat with last received sequence number: 7
[2026-08-22 17:17:38.601] [info]  [RTCControlSocket(default)] Heartbeat ACK received
[2026-08-22 17:17:52.321] [info]  [RTCControlSocket(default)] Sending heartbeat with last received sequence number: 7
[2026-08-22 17:17:52.363] [info]  [RTCControlSocket(default)] Heartbeat ACK received
[2026-08-22 17:18:06.071] [info]  [RTCControlSocket(default)] Sending heartbeat with last received sequence number: 7
[2026-08-22 17:18:06.104] [info]  [RTCControlSocket(default)] Heartbeat ACK received
[2026-08-22 17:18:19.821] [info]  [RTCControlSocket(default)] Sending heartbeat with last received sequence number: 7
[2026-08-22 17:18:19.854] [info]  [RTCControlSocket(default)] Heartbeat ACK received
[2026-08-22 17:18:23.197] [info]  [RPCServer:IPC] Socket Message: 5 [object Object]
[2026-08-22 17:18:23.199] [info]  [RPCServer:IPC] Socket Emit: 5 [object Object]
[2026-08-22 17:18:23.696] [info]  [RPCServer:IPC] Socket Message: 5 [object Object]
[2026-08-22 17:18:23.698] [info]  [RPCServer:IPC] Socket Emit: 5 [object Object]
[2026-08-22 17:18:25.196] [info]  [RPCServer:IPC] Socket Message: 5 [object Object]
[2026-08-22 17:18:25.198] [info]  [RPCServer:IPC] Socket Emit: 5 [object Object]
[2026-08-22 17:18:25.696] [info]  [RPCServer:IPC] Socket Message: 5 [object Object]
[2026-08-22 17:18:25.698] [info]  [RPCServer:IPC] Socket Emit: 5 [object Object]
[2026-08-22 17:18:26.696] [info]  [RPCServer:IPC] Socket Message: 5 [object Object]
[2026-08-22 17:18:26.698] [info]  [RPCServer:IPC] Socket Emit: 5 [object Object]
[2026-08-22 17:18:33.571] [info]  [RTCControlSocket(default)] Sending heartbeat with last received sequence number: 7
[2026-08-22 17:18:33.594] [info]  [RTCControlSocket(default)] Heartbeat ACK received
[2026-08-22 17:18:47.321] [info]  [RTCControlSocket(default)] Sending heartbeat with last received sequence number: 7
[2026-08-22 17:18:47.351] [info]  [RTCControlSocket(default)] Heartbeat ACK received
[2026-08-22 17:19:01.071] [info]  [RTCControlSocket(default)] Sending heartbeat with last received sequence number: 7
[2026-08-22 17:19:01.109] [info]  [RTCControlSocket(default)] Heartbeat ACK received
[2026-08-22 17:19:14.821] [info]  [RTCControlSocket(default)] Sending heartbeat with last received sequence number: 7
[2026-08-22 17:19:14.859] [info]  [RTCControlSocket(default)] Heartbeat ACK received
[2026-08-22 17:19:28.571] [info]  [RTCControlSocket(default)] Sending heartbeat with last received sequence number: 7
[2026-08-22 17:19:28.597] [info]  [RTCControlSocket(default)] Heartbeat ACK received
[2026-08-22 17:19:42.321] [info]  [RTCControlSocket(default)] Sending heartbeat with last received sequence number: 7
[2026-08-22 17:19:42.354] [info]  [RTCControlSocket(default)] Heartbeat ACK received
[2026-08-22 17:19:56.071] [info]  [RTCControlSocket(default)] Sending heartbeat with last received sequence number: 7
[2026-08-22 17:19:56.104] [info]  [RTCControlSocket(default)] Heartbeat ACK received
[2026-08-22 17:20:09.821] [info]  [RTCControlSocket(default)] Sending heartbeat with last received sequence number: 7
[2026-08-22 17:20:09.850] [info]  [RTCControlSocket(default)] Heartbeat ACK received
[2026-08-22 17:20:23.571] [info]  [RTCControlSocket(default)] Sending heartbeat with last received sequence number: 7
[2026-08-22 17:20:23.609] [info]  [RTCControlSocket(default)] Heartbeat ACK received
[2026-08-22 17:20:37.321] [info]  [RTCControlSocket(default)] Sending heartbeat with last received sequence number: 7
[2026-08-22 17:20:37.356] [info]  [RTCControlSocket(default)] Heartbeat ACK received
[2026-08-22 17:20:51.072] [info]  [RTCControlSocket(default)] Sending heartbeat with last received sequence number: 7
[2026-08-22 17:20:51.106] [info]  [RTCControlSocket(default)] Heartbeat ACK received
[2026-08-22 17:21:04.821] [info]  [RTCControlSocket(default)] Sending heartbeat with last received sequence number: 7
[2026-08-22 17:21:04.871] [info]  [RTCControlSocket(default)] Heartbeat ACK received
[2026-08-22 17:21:18.571] [info]  [RTCControlSocket(default)] Sending heartbeat with last received sequence number: 7
[2026-08-22 17:21:18.607] [info]  [RTCControlSocket(default)] Heartbeat ACK received
[2026-08-22 17:21:32.322] [info]  [RTCControlSocket(default)] Sending heartbeat with last received sequence number: 7
[2026-08-22 17:21:32.346] [info]  [RTCControlSocket(default)] Heartbeat ACK received
[2026-08-22 17:21:46.071] [info]  [RTCControlSocket(default)] Sending heartbeat with last received sequence number: 7
[2026-08-22 17:21:46.100] [info]  [RTCControlSocket(default)] Heartbeat ACK received
[2026-08-22 17:21:59.821] [info]  [RTCControlSocket(default)] Sending heartbeat with last received sequence number: 7
[2026-08-22 17:21:59.855] [info]  [RTCControlSocket(default)] Heartbeat ACK received
[2026-08-22 17:22:13.571] [info]  [RTCControlSocket(default)] Sending heartbeat with last received sequence number: 7
[2026-08-22 17:22:13.614] [info]  [RTCControlSocket(default)] Heartbeat ACK received
[2026-08-22 17:22:27.321] [info]  [RTCControlSocket(default)] Sending heartbeat with last received sequence number: 7
[2026-08-22 17:22:27.353] [info]  [RTCControlSocket(default)] Heartbeat ACK received
[2026-08-22 17:22:41.071] [info]  [RTCControlSocket(default)] Sending heartbeat with last received sequence number: 7
[2026-08-22 17:22:41.108] [info]  [RTCControlSocket(default)] Heartbeat ACK received
[2026-08-22 17:22:54.821] [info]  [RTCControlSocket(default)] Sending heartbeat with last received sequence number: 7
[2026-08-22 17:22:54.845] [info]  [RTCControlSocket(default)] Heartbeat ACK received
[2026-08-22 17:23:08.571] [info]  [RTCControlSocket(default)] Sending heartbeat with last received sequence number: 7
[2026-08-22 17:23:08.598] [info]  [RTCControlSocket(default)] Heartbeat ACK received
[2026-08-22 17:23:22.321] [info]  [RTCControlSocket(default)] Sending heartbeat with last received sequence number: 7
[2026-08-22 17:23:22.350] [info]  [RTCControlSocket(default)] Heartbeat ACK received
[2026-08-22 17:23:36.071] [info]  [RTCControlSocket(default)] Sending heartbeat with last received sequence number: 7
[2026-08-22 17:23:36.113] [info]  [RTCControlSocket(default)] Heartbeat ACK received
[2026-08-22 17:23:49.821] [info]  [RTCControlSocket(default)] Sending heartbeat with last received sequence number: 7
[2026-08-22 17:23:49.845] [info]  [RTCControlSocket(default)] Heartbeat ACK received
[2026-08-22 17:24:03.571] [info]  [RTCControlSocket(default)] Sending heartbeat with last received sequence number: 7
[2026-08-22 17:24:03.599] [info]  [RTCControlSocket(default)] Heartbeat ACK received
[2026-08-22 17:24:17.322] [info]  [RTCControlSocket(default)] Sending heartbeat with last received sequence number: 7
[2026-08-22 17:24:17.345] [info]  [RTCControlSocket(default)] Heartbeat ACK received
[2026-08-22 17:24:31.072] [info]  [RTCControlSocket(default)] Sending heartbeat with last received sequence number: 7
[2026-08-22 17:24:31.107] [info]  [RTCControlSocket(default)] Heartbeat ACK received
[2026-08-22 17:24:44.821] [info]  [RTCControlSocket(default)] Sending heartbeat with last received sequence number: 7
[2026-08-22 17:24:44.847] [info]  [RTCControlSocket(default)] Heartbeat ACK received
[2026-08-22 17:24:58.571] [info]  [RTCControlSocket(default)] Sending heartbeat with last received sequence number: 7
[2026-08-22 17:24:58.613] [info]  [RTCControlSocket(default)] Heartbeat ACK received
[2026-08-22 17:25:12.321] [info]  [RTCControlSocket(default)] Sending heartbeat with last received sequence number: 7
[2026-08-22 17:25:12.363] [info]  [RTCControlSocket(default)] Heartbeat ACK received
[2026-08-22 17:25:26.071] [info]  [RTCControlSocket(default)] Sending heartbeat with last received sequence number: 7
[2026-08-22 17:25:26.098] [info]  [RTCControlSocket(default)] Heartbeat ACK received
[2026-08-22 17:25:39.821] [info]  [RTCControlSocket(default)] Sending heartbeat with last received sequence number: 7
[2026-08-22 17:25:39.850] [info]  [RTCControlSocket(default)] Heartbeat ACK received
[2026-08-22 17:25:53.571] [info]  [RTCControlSocket(default)] Sending heartbeat with last received sequence number: 7
[2026-08-22 17:25:53.596] [info]  [RTCControlSocket(default)] Heartbeat ACK received
[2026-08-22 17:26:07.321] [info]  [RTCControlSocket(default)] Sending heartbeat with last received sequence number: 7
[2026-08-22 17:26:07.352] [info]  [RTCControlSocket(default)] Heartbeat ACK received
[2026-08-22 17:26:21.071] [info]  [RTCControlSocket(default)] Sending heartbeat with last received sequence number: 7
[2026-08-22 17:26:21.122] [info]  [RTCControlSocket(default)] Heartbeat ACK received
[2026-08-22 17:26:34.821] [info]  [RTCControlSocket(default)] Sending heartbeat with last received sequence number: 7
[2026-08-22 17:26:34.851] [info]  [RTCControlSocket(default)] Heartbeat ACK received
[2026-08-22 17:26:48.572] [info]  [RTCControlSocket(default)] Sending heartbeat with last received sequence number: 7
[2026-08-22 17:26:48.596] [info]  [RTCControlSocket(default)] Heartbeat ACK received
[2026-08-22 17:27:02.321] [info]  [RTCControlSocket(default)] Sending heartbeat with last received sequence number: 7
[2026-08-22 17:27:02.344] [info]  [RTCControlSocket(default)] Heartbeat ACK received
[2026-08-22 17:27:16.071] [info]  [RTCControlSocket(default)] Sending heartbeat with last received sequence number: 7
[2026-08-22 17:27:16.121] [info]  [RTCControlSocket(default)] Heartbeat ACK received
[2026-08-22 17:27:29.821] [info]  [RTCControlSocket(default)] Sending heartbeat with last received sequence number: 7
[2026-08-22 17:27:30.070] [info]  [RTCControlSocket(default)] Heartbeat ACK received
[2026-08-22 17:27:43.571] [info]  [RTCControlSocket(default)] Sending heartbeat with last received sequence number: 7
[2026-08-22 17:27:43.923] [info]  [RTCControlSocket(default)] Heartbeat ACK received
[2026-08-22 17:27:57.321] [info]  [RTCControlSocket(default)] Sending heartbeat with last received sequence number: 7
[2026-08-22 17:27:57.350] [info]  [RTCControlSocket(default)] Heartbeat ACK received
[2026-08-22 17:28:11.071] [info]  [RTCControlSocket(default)] Sending heartbeat with last received sequence number: 7
[2026-08-22 17:28:11.109] [info]  [RTCControlSocket(default)] Heartbeat ACK received
[2026-08-22 17:28:24.821] [info]  [RTCControlSocket(default)] Sending heartbeat with last received sequence number: 7
[2026-08-22 17:28:24.854] [info]  [RTCControlSocket(default)] Heartbeat ACK received
[2026-08-22 17:28:38.571] [info]  [RTCControlSocket(default)] Sending heartbeat with last received sequence number: 7
[2026-08-22 17:28:38.591] [info]  [RTCControlSocket(default)] Heartbeat ACK received
[2026-08-22 17:28:52.321] [info]  [RTCControlSocket(default)] Sending heartbeat with last received sequence number: 7
[2026-08-22 17:28:52.385] [info]  [RTCControlSocket(default)] Heartbeat ACK received
[2026-08-22 17:29:06.072] [info]  [RTCControlSocket(default)] Sending heartbeat with last received sequence number: 7
[2026-08-22 17:29:06.101] [info]  [RTCControlSocket(default)] Heartbeat ACK received
[2026-08-22 17:29:19.821] [info]  [RTCControlSocket(default)] Sending heartbeat with last received sequence number: 7
[2026-08-22 17:29:19.854] [info]  [RTCControlSocket(default)] Heartbeat ACK received
[2026-08-22 17:29:33.571] [info]  [RTCControlSocket(default)] Sending heartbeat with last received sequence number: 7
[2026-08-22 17:29:33.627] [info]  [RTCControlSocket(default)] Heartbeat ACK received
[2026-08-22 17:29:47.321] [info]  [RTCControlSocket(default)] Sending heartbeat with last received sequence number: 7
[2026-08-22 17:29:47.361] [info]  [RTCControlSocket(default)] Heartbeat ACK received
[2026-08-22 17:30:01.071] [info]  [RTCControlSocket(default)] Sending heartbeat with last received sequence number: 7
[2026-08-22 17:30:01.111] [info]  [RTCControlSocket(default)] Heartbeat ACK received
[2026-08-22 17:30:14.821] [info]  [RTCControlSocket(default)] Sending heartbeat with last received sequence number: 7
[2026-08-22 17:30:14.852] [info]  [RTCControlSocket(default)] Heartbeat ACK received
[2026-08-22 17:30:28.571] [info]  [RTCControlSocket(default)] Sending heartbeat with last received sequence number: 7
[2026-08-22 17:30:28.597] [info]  [RTCControlSocket(default)] Heartbeat ACK received
[2026-08-22 17:30:42.321] [info]  [RTCControlSocket(default)] Sending heartbeat with last received sequence number: 7
[2026-08-22 17:30:42.355] [info]  [RTCControlSocket(default)] Heartbeat ACK received
[2026-08-22 17:30:56.071] [info]  [RTCControlSocket(default)] Sending heartbeat with last received sequence number: 7
[2026-08-22 17:30:56.105] [info]  [RTCControlSocket(default)] Heartbeat ACK received
[2026-08-22 17:31:09.821] [info]  [RTCControlSocket(default)] Sending heartbeat with last received sequence number: 7
[2026-08-22 17:31:09.850] [info]  [RTCControlSocket(default)] Heartbeat ACK received
[2026-08-22 17:31:23.571] [info]  [RTCControlSocket(default)] Sending heartbeat with last received sequence number: 7
[2026-08-22 17:31:23.598] [info]  [RTCControlSocket(default)] Heartbeat ACK received
[2026-08-22 17:31:37.322] [info]  [RTCControlSocket(default)] Sending heartbeat with last received sequence number: 7
[2026-08-22 17:31:37.359] [info]  [RTCControlSocket(default)] Heartbeat ACK received
[2026-08-22 17:31:51.071] [info]  [RTCControlSocket(default)] Sending heartbeat with last received sequence number: 7
[2026-08-22 17:31:51.099] [info]  [RTCControlSocket(default)] Heartbeat ACK received
[2026-08-22 17:32:04.821] [info]  [RTCControlSocket(default)] Sending heartbeat with last received sequence number: 7
[2026-08-22 17:32:04.850] [info]  [RTCControlSocket(default)] Heartbeat ACK received
[2026-08-22 17:32:18.571] [info]  [RTCControlSocket(default)] Sending heartbeat with last received sequence number: 7
[2026-08-22 17:32:18.615] [info]  [RTCControlSocket(default)] Heartbeat ACK received
[2026-08-22 17:32:32.321] [info]  [RTCControlSocket(default)] Sending heartbeat with last received sequence number: 7
[2026-08-22 17:32:32.355] [info]  [RTCControlSocket(default)] Heartbeat ACK received
[2026-08-22 17:32:46.071] [info]  [RTCControlSocket(default)] Sending heartbeat with last received sequence number: 7
[2026-08-22 17:32:46.128] [info]  [RTCControlSocket(default)] Heartbeat ACK received
[2026-08-22 17:32:59.821] [info]  [RTCControlSocket(default)] Sending heartbeat with last received sequence number: 7
[2026-08-22 17:32:59.850] [info]  [RTCControlSocket(default)] Heartbeat ACK received
[2026-08-22 17:33:13.571] [info]  [RTCControlSocket(default)] Sending heartbeat with last received sequence number: 7
[2026-08-22 17:33:13.617] [info]  [RTCControlSocket(default)] Heartbeat ACK received
[2026-08-22 17:33:27.321] [info]  [RTCControlSocket(default)] Sending heartbeat with last received sequence number: 7
[2026-08-22 17:33:27.350] [info]  [RTCControlSocket(default)] Heartbeat ACK received
[2026-08-22 17:33:41.071] [info]  [RTCControlSocket(default)] Sending heartbeat with last received sequence number: 7
[2026-08-22 17:33:41.108] [info]  [RTCControlSocket(default)] Heartbeat ACK received
[2026-08-22 17:33:54.821] [info]  [RTCControlSocket(default)] Sending heartbeat with last received sequence number: 7
[2026-08-22 17:33:54.870] [info]  [RTCControlSocket(default)] Heartbeat ACK received
[2026-08-22 17:34:08.571] [info]  [RTCControlSocket(default)] Sending heartbeat with last received sequence number: 7
[2026-08-22 17:34:08.609] [info]  [RTCControlSocket(default)] Heartbeat ACK received
[2026-08-22 17:34:22.321] [info]  [RTCControlSocket(default)] Sending heartbeat with last received sequence number: 7
[2026-08-22 17:34:22.349] [info]  [RTCControlSocket(default)] Heartbeat ACK received
[2026-08-22 17:34:36.071] [info]  [RTCControlSocket(default)] Sending heartbeat with last received sequence number: 7
[2026-08-22 17:34:36.106] [info]  [RTCControlSocket(default)] Heartbeat ACK received
[2026-08-22 17:34:49.821] [info]  [RTCControlSocket(default)] Sending heartbeat with last received sequence number: 7
[2026-08-22 17:34:49.863] [info]  [RTCControlSocket(default)] Heartbeat ACK received
[2026-08-22 17:35:03.571] [info]  [RTCControlSocket(default)] Sending heartbeat with last received sequence number: 7
[2026-08-22 17:35:03.599] [info]  [RTCControlSocket(default)] Heartbeat ACK received
[2026-08-22 17:35:17.321] [info]  [RTCControlSocket(default)] Sending heartbeat with last received sequence number: 7
[2026-08-22 17:35:17.350] [info]  [RTCControlSocket(default)] Heartbeat ACK received
[2026-08-22 17:35:31.071] [info]  [RTCControlSocket(default)] Sending heartbeat with last received sequence number: 7
[2026-08-22 17:35:31.107] [info]  [RTCControlSocket(default)] Heartbeat ACK received
[2026-08-22 17:35:44.821] [info]  [RTCControlSocket(default)] Sending heartbeat with last received sequence number: 7
[2026-08-22 17:35:44.854] [info]  [RTCControlSocket(default)] Heartbeat ACK received
[2026-08-22 17:35:58.571] [info]  [RTCControlSocket(default)] Sending heartbeat with last received sequence number: 7
[2026-08-22 17:35:58.613] [info]  [RTCControlSocket(default)] Heartbeat ACK received
[2026-08-22 17:36:12.322] [info]  [RTCControlSocket(default)] Sending heartbeat with last received sequence number: 7
[2026-08-22 17:36:12.354] [info]  [RTCControlSocket(default)] Heartbeat ACK received
[2026-08-22 17:36:26.072] [info]  [RTCControlSocket(default)] Sending heartbeat with last received sequence number: 7
[2026-08-22 17:36:26.098] [info]  [RTCControlSocket(default)] Heartbeat ACK received
[2026-08-22 17:36:39.821] [info]  [RTCControlSocket(default)] Sending heartbeat with last received sequence number: 7
[2026-08-22 17:36:39.852] [info]  [RTCControlSocket(default)] Heartbeat ACK received
[2026-08-22 17:36:53.571] [info]  [RTCControlSocket(default)] Sending heartbeat with last received sequence number: 7
[2026-08-22 17:36:53.635] [info]  [RTCControlSocket(default)] Heartbeat ACK received
[2026-08-22 17:37:07.321] [info]  [RTCControlSocket(default)] Sending heartbeat with last received sequence number: 7
[2026-08-22 17:37:07.359] [info]  [RTCControlSocket(default)] Heartbeat ACK received
[2026-08-22 17:37:21.071] [info]  [RTCControlSocket(default)] Sending heartbeat with last received sequence number: 7
[2026-08-22 17:37:21.114] [info]  [RTCControlSocket(default)] Heartbeat ACK received
[2026-08-22 17:37:34.821] [info]  [RTCControlSocket(default)] Sending heartbeat with last received sequence number: 7
[2026-08-22 17:37:34.856] [info]  [RTCControlSocket(default)] Heartbeat ACK received
[2026-08-22 17:37:48.571] [info]  [RTCControlSocket(default)] Sending heartbeat with last received sequence number: 7
[2026-08-22 17:37:48.610] [info]  [RTCControlSocket(default)] Heartbeat ACK received
[2026-08-22 17:38:02.321] [info]  [RTCControlSocket(default)] Sending heartbeat with last received sequence number: 7
[2026-08-22 17:38:02.349] [info]  [RTCControlSocket(default)] Heartbeat ACK received
[2026-08-22 17:38:16.071] [info]  [RTCControlSocket(default)] Sending heartbeat with last received sequence number: 7
[2026-08-22 17:38:16.126] [info]  [RTCControlSocket(default)] Heartbeat ACK received
[2026-08-22 17:38:29.821] [info]  [RTCControlSocket(default)] Sending heartbeat with last received sequence number: 7
[2026-08-22 17:38:29.853] [info]  [RTCControlSocket(default)] Heartbeat ACK received
[2026-08-22 17:38:43.571] [info]  [RTCControlSocket(default)] Sending heartbeat with last received sequence number: 7
[2026-08-22 17:38:43.615] [info]  [RTCControlSocket(default)] Heartbeat ACK received
[2026-08-22 17:38:57.321] [info]  [RTCControlSocket(default)] Sending heartbeat with last received sequence number: 7
[2026-08-22 17:38:57.371] [info]  [RTCControlSocket(default)] Heartbeat ACK received
[2026-08-22 17:39:11.071] [info]  [RTCControlSocket(default)] Sending heartbeat with last received sequence number: 7
[2026-08-22 17:39:11.099] [info]  [RTCControlSocket(default)] Heartbeat ACK received
[2026-08-22 17:39:24.821] [info]  [RTCControlSocket(default)] Sending heartbeat with last received sequence number: 7
[2026-08-22 17:39:24.854] [info]  [RTCControlSocket(default)] Heartbeat ACK received
[2026-08-22 17:39:38.571] [info]  [RTCControlSocket(default)] Sending heartbeat with last received sequence number: 7
[2026-08-22 17:39:38.601] [info]  [RTCControlSocket(default)] Heartbeat ACK received
[2026-08-22 17:39:52.321] [info]  [RTCControlSocket(default)] Sending heartbeat with last received sequence number: 7
[2026-08-22 17:39:52.354] [info]  [RTCControlSocket(default)] Heartbeat ACK received
[2026-08-22 17:40:06.071] [info]  [RTCControlSocket(default)] Sending heartbeat with last received sequence number: 7
[2026-08-22 17:40:06.103] [info]  [RTCControlSocket(default)] Heartbeat ACK received
[2026-08-22 17:40:19.821] [info]  [RTCControlSocket(default)] Sending heartbeat with last received sequence number: 7
[2026-08-22 17:40:19.851] [info]  [RTCControlSocket(default)] Heartbeat ACK received
[2026-08-22 17:40:33.571] [info]  [RTCControlSocket(default)] Sending heartbeat with last received sequence number: 7
[2026-08-22 17:40:33.604] [info]  [RTCControlSocket(default)] Heartbeat ACK received
[2026-08-22 17:40:47.321] [info]  [RTCControlSocket(default)] Sending heartbeat with last received sequence number: 7
[2026-08-22 17:40:47.350] [info]  [RTCControlSocket(default)] Heartbeat ACK received
[2026-08-22 17:41:01.071] [info]  [RTCControlSocket(default)] Sending heartbeat with last received sequence number: 7
[2026-08-22 17:41:01.108] [info]  [RTCControlSocket(default)] Heartbeat ACK received
[2026-08-22 17:41:14.821] [info]  [RTCControlSocket(default)] Sending heartbeat with last received sequence number: 7
[2026-08-22 17:41:14.854] [info]  [RTCControlSocket(default)] Heartbeat ACK received
[2026-08-22 17:41:28.571] [info]  [RTCControlSocket(default)] Sending heartbeat with last received sequence number: 7
[2026-08-22 17:41:28.610] [info]  [RTCControlSocket(default)] Heartbeat ACK received
[2026-08-22 17:41:42.321] [info]  [RTCControlSocket(default)] Sending heartbeat with last received sequence number: 7
[2026-08-22 17:41:42.375] [info]  [RTCControlSocket(default)] Heartbeat ACK received
[2026-08-22 17:41:56.071] [info]  [RTCControlSocket(default)] Sending heartbeat with last received sequence number: 7
[2026-08-22 17:41:56.110] [info]  [RTCControlSocket(default)] Heartbeat ACK received
[2026-08-22 17:42:09.821] [info]  [RTCControlSocket(default)] Sending heartbeat with last received sequence number: 7
[2026-08-22 17:42:09.848] [info]  [RTCControlSocket(default)] Heartbeat ACK received
[2026-08-22 17:42:23.571] [info]  [RTCControlSocket(default)] Sending heartbeat with last received sequence number: 7
[2026-08-22 17:42:23.603] [info]  [RTCControlSocket(default)] Heartbeat ACK received
[2026-08-22 17:42:37.321] [info]  [RTCControlSocket(default)] Sending heartbeat with last received sequence number: 7
[2026-08-22 17:42:37.349] [info]  [RTCControlSocket(default)] Heartbeat ACK received
[2026-08-22 17:42:51.071] [info]  [RTCControlSocket(default)] Sending heartbeat with last received sequence number: 7
[2026-08-22 17:42:51.114] [info]  [RTCControlSocket(default)] Heartbeat ACK received
[2026-08-22 17:43:04.821] [info]  [RTCControlSocket(default)] Sending heartbeat with last received sequence number: 7
[2026-08-22 17:43:04.858] [info]  [RTCControlSocket(default)] Heartbeat ACK received
[2026-08-22 17:43:18.571] [info]  [RTCControlSocket(default)] Sending heartbeat with last received sequence number: 7
[2026-08-22 17:43:18.613] [info]  [RTCControlSocket(default)] Heartbeat ACK received
[2026-08-22 17:43:32.321] [info]  [RTCControlSocket(default)] Sending heartbeat with last received sequence number: 7
[2026-08-22 17:43:32.371] [info]  [RTCControlSocket(default)] Heartbeat ACK received
[2026-08-22 17:43:46.071] [info]  [RTCControlSocket(default)] Sending heartbeat with last received sequence number: 7
[2026-08-22 17:43:46.100] [info]  [RTCControlSocket(default)] Heartbeat ACK received
[2026-08-22 17:43:59.821] [info]  [RTCControlSocket(default)] Sending heartbeat with last received sequence number: 7
[2026-08-22 17:43:59.845] [info]  [RTCControlSocket(default)] Heartbeat ACK received
[2026-08-22 17:44:13.571] [info]  [RTCControlSocket(default)] Sending heartbeat with last received sequence number: 7
[2026-08-22 17:44:13.608] [info]  [RTCControlSocket(default)] Heartbeat ACK received
[2026-08-22 17:44:27.322] [info]  [RTCControlSocket(default)] Sending heartbeat with last received sequence number: 7
[2026-08-22 17:44:27.363] [info]  [RTCControlSocket(default)] Heartbeat ACK received
[2026-08-22 17:44:41.071] [info]  [RTCControlSocket(default)] Sending heartbeat with last received sequence number: 7
[2026-08-22 17:44:41.100] [info]  [RTCControlSocket(default)] Heartbeat ACK received
[2026-08-22 17:44:54.821] [info]  [RTCControlSocket(default)] Sending heartbeat with last received sequence number: 7
[2026-08-22 17:44:54.864] [info]  [RTCControlSocket(default)] Heartbeat ACK received
[2026-08-22 17:45:08.571] [info]  [RTCControlSocket(default)] Sending heartbeat with last received sequence number: 7
[2026-08-22 17:45:08.616] [info]  [RTCControlSocket(default)] Heartbeat ACK received
[2026-08-22 17:45:22.321] [info]  [RTCControlSocket(default)] Sending heartbeat with last received sequence number: 7
[2026-08-22 17:45:22.348] [info]  [RTCControlSocket(default)] Heartbeat ACK received
[2026-08-22 17:45:36.071] [info]  [RTCControlSocket(default)] Sending heartbeat with last received sequence number: 7
[2026-08-22 17:45:36.101] [info]  [RTCControlSocket(default)] Heartbeat ACK received
[2026-08-22 17:45:49.821] [info]  [RTCControlSocket(default)] Sending heartbeat with last received sequence number: 7
[2026-08-22 17:45:49.864] [info]  [RTCControlSocket(default)] Heartbeat ACK received
[2026-08-22 17:46:03.571] [info]  [RTCControlSocket(default)] Sending heartbeat with last received sequence number: 7
[2026-08-22 17:46:03.609] [info]  [RTCControlSocket(default)] Heartbeat ACK received
[2026-08-22 17:46:17.321] [info]  [RTCControlSocket(default)] Sending heartbeat with last received sequence number: 7
[2026-08-22 17:46:17.353] [info]  [RTCControlSocket(default)] Heartbeat ACK received
[2026-08-22 17:46:31.071] [info]  [RTCControlSocket(default)] Sending heartbeat with last received sequence number: 7
[2026-08-22 17:46:31.108] [info]  [RTCControlSocket(default)] Heartbeat ACK received
[2026-08-22 17:46:44.821] [info]  [RTCControlSocket(default)] Sending heartbeat with last received sequence number: 7
[2026-08-22 17:46:44.851] [info]  [RTCControlSocket(default)] Heartbeat ACK received
[2026-08-22 17:46:58.571] [info]  [RTCControlSocket(default)] Sending heartbeat with last received sequence number: 7
[2026-08-22 17:46:58.617] [info]  [RTCControlSocket(default)] Heartbeat ACK received
[2026-08-22 17:47:12.321] [info]  [RTCControlSocket(default)] Sending heartbeat with last received sequence number: 7
[2026-08-22 17:47:12.354] [info]  [RTCControlSocket(default)] Heartbeat ACK received
[2026-08-22 17:47:26.071] [info]  [RTCControlSocket(default)] Sending heartbeat with last received sequence number: 7
[2026-08-22 17:47:26.099] [info]  [RTCControlSocket(default)] Heartbeat ACK received
[2026-08-22 17:47:39.821] [info]  [RTCControlSocket(default)] Sending heartbeat with last received sequence number: 7
[2026-08-22 17:47:39.869] [info]  [RTCControlSocket(default)] Heartbeat ACK received
[2026-08-22 17:47:53.571] [info]  [RTCControlSocket(default)] Sending heartbeat with last received sequence number: 7
[2026-08-22 17:47:53.607] [info]  [RTCControlSocket(default)] Heartbeat ACK received
[2026-08-22 17:48:07.321] [info]  [RTCControlSocket(default)] Sending heartbeat with last received sequence number: 7
[2026-08-22 17:48:07.368] [info]  [RTCControlSocket(default)] Heartbeat ACK received
[2026-08-22 17:48:21.071] [info]  [RTCControlSocket(default)] Sending heartbeat with last received sequence number: 7
[2026-08-22 17:48:21.107] [info]  [RTCControlSocket(default)] Heartbeat ACK received
[2026-08-22 17:48:34.821] [info]  [RTCControlSocket(default)] Sending heartbeat with last received sequence number: 7
[2026-08-22 17:48:34.851] [info]  [RTCControlSocket(default)] Heartbeat ACK received
[2026-08-22 17:48:48.571] [info]  [RTCControlSocket(default)] Sending heartbeat with last received sequence number: 7
[2026-08-22 17:48:48.606] [info]  [RTCControlSocket(default)] Heartbeat ACK received
[2026-08-22 17:49:02.321] [info]  [RTCControlSocket(default)] Sending heartbeat with last received sequence number: 7
[2026-08-22 17:49:02.354] [info]  [RTCControlSocket(default)] Heartbeat ACK received
[2026-08-22 17:49:16.071] [info]  [RTCControlSocket(default)] Sending heartbeat with last received sequence number: 7
[2026-08-22 17:49:16.106] [info]  [RTCControlSocket(default)] Heartbeat ACK received
[2026-08-22 17:49:29.822] [info]  [RTCControlSocket(default)] Sending heartbeat with last received sequence number: 7
[2026-08-22 17:49:29.873] [info]  [RTCControlSocket(default)] Heartbeat ACK received
[2026-08-22 17:49:43.575] [info]  [RTCControlSocket(default)] Sending heartbeat with last received sequence number: 7
[2026-08-22 17:49:43.622] [info]  [RTCControlSocket(default)] Heartbeat ACK received
[2026-08-22 17:49:57.322] [info]  [RTCControlSocket(default)] Sending heartbeat with last received sequence number: 7
[2026-08-22 17:49:57.363] [info]  [RTCControlSocket(default)] Heartbeat ACK received
[2026-08-22 17:50:11.072] [info]  [RTCControlSocket(default)] Sending heartbeat with last received sequence number: 7
[2026-08-22 17:50:11.108] [info]  [RTCControlSocket(default)] Heartbeat ACK received
[2026-08-22 17:50:11.230] [info]  [RPCServer:IPC] Socket Message: 5 [object Object]
[2026-08-22 17:50:11.233] [info]  [RPCServer:IPC] Socket Emit: 5 [object Object]
[2026-08-22 17:50:14.730] [info]  [RPCServer:IPC] Socket Message: 5 [object Object]
[2026-08-22 17:50:14.732] [info]  [RPCServer:IPC] Socket Emit: 5 [object Object]
[2026-08-22 17:50:15.730] [info]  [RPCServer:IPC] Socket Message: 5 [object Object]
[2026-08-22 17:50:15.732] [info]  [RPCServer:IPC] Socket Emit: 5 [object Object]
[2026-08-22 17:50:17.230] [info]  [RPCServer:IPC] Socket Message: 5 [object Object]
[2026-08-22 17:50:17.231] [info]  [RPCServer:IPC] Socket Emit: 5 [object Object]
[2026-08-22 17:50:24.821] [info]  [RTCControlSocket(default)] Sending heartbeat with last received sequence number: 7
[2026-08-22 17:50:24.863] [info]  [RTCControlSocket(default)] Heartbeat ACK received
[2026-08-22 17:50:38.571] [info]  [RTCControlSocket(default)] Sending heartbeat with last received sequence number: 7
[2026-08-22 17:50:38.606] [info]  [RTCControlSocket(default)] Heartbeat ACK received
[2026-08-22 17:50:52.321] [info]  [RTCControlSocket(default)] Sending heartbeat with last received sequence number: 7
[2026-08-22 17:50:52.350] [info]  [RTCControlSocket(default)] Heartbeat ACK received
[2026-08-22 17:51:06.071] [info]  [RTCControlSocket(default)] Sending heartbeat with last received sequence number: 7
[2026-08-22 17:51:06.106] [info]  [RTCControlSocket(default)] Heartbeat ACK received
[2026-08-22 17:51:19.821] [info]  [RTCControlSocket(default)] Sending heartbeat with last received sequence number: 7
[2026-08-22 17:51:19.860] [info]  [RTCControlSocket(default)] Heartbeat ACK received
[2026-08-22 17:51:33.572] [info]  [RTCControlSocket(default)] Sending heartbeat with last received sequence number: 7
[2026-08-22 17:51:33.603] [info]  [RTCControlSocket(default)] Heartbeat ACK received
[2026-08-22 17:51:47.321] [info]  [RTCControlSocket(default)] Sending heartbeat with last received sequence number: 7
[2026-08-22 17:51:47.350] [info]  [RTCControlSocket(default)] Heartbeat ACK received
[2026-08-22 17:52:01.071] [info]  [RTCControlSocket(default)] Sending heartbeat with last received sequence number: 7
[2026-08-22 17:52:01.128] [info]  [RTCControlSocket(default)] Heartbeat ACK received
[2026-08-22 17:52:14.821] [info]  [RTCControlSocket(default)] Sending heartbeat with last received sequence number: 7
[2026-08-22 17:52:14.865] [info]  [RTCControlSocket(default)] Heartbeat ACK received
[2026-08-22 17:52:28.571] [info]  [RTCControlSocket(default)] Sending heartbeat with last received sequence number: 7
[2026-08-22 17:52:28.609] [info]  [RTCControlSocket(default)] Heartbeat ACK received
[2026-08-22 17:52:42.321] [info]  [RTCControlSocket(default)] Sending heartbeat with last received sequence number: 7
[2026-08-22 17:52:42.350] [info]  [RTCControlSocket(default)] Heartbeat ACK received
[2026-08-22 17:52:56.071] [info]  [RTCControlSocket(default)] Sending heartbeat with last received sequence number: 7
[2026-08-22 17:52:56.106] [info]  [RTCControlSocket(default)] Heartbeat ACK received
[2026-08-22 17:53:09.821] [info]  [RTCControlSocket(default)] Sending heartbeat with last received sequence number: 7
[2026-08-22 17:53:09.865] [info]  [RTCControlSocket(default)] Heartbeat ACK received
[2026-08-22 17:53:23.571] [info]  [RTCControlSocket(default)] Sending heartbeat with last received sequence number: 7
[2026-08-22 17:53:23.604] [info]  [RTCControlSocket(default)] Heartbeat ACK received
[2026-08-22 17:53:37.322] [info]  [RTCControlSocket(default)] Sending heartbeat with last received sequence number: 7
[2026-08-22 17:53:37.366] [info]  [RTCControlSocket(default)] Heartbeat ACK received
[2026-08-22 17:53:51.071] [info]  [RTCControlSocket(default)] Sending heartbeat with last received sequence number: 7
[2026-08-22 17:53:51.101] [info]  [RTCControlSocket(default)] Heartbeat ACK received
[2026-08-22 17:54:04.821] [info]  [RTCControlSocket(default)] Sending heartbeat with last received sequence number: 7
[2026-08-22 17:54:04.850] [info]  [RTCControlSocket(default)] Heartbeat ACK received
[2026-08-22 17:54:18.571] [info]  [RTCControlSocket(default)] Sending heartbeat with last received sequence number: 7
[2026-08-22 17:54:18.600] [info]  [RTCControlSocket(default)] Heartbeat ACK received
[2026-08-22 17:54:32.321] [info]  [RTCControlSocket(default)] Sending heartbeat with last received sequence number: 7
[2026-08-22 17:54:32.373] [info]  [RTCControlSocket(default)] Heartbeat ACK received
[2026-08-22 17:54:46.071] [info]  [RTCControlSocket(default)] Sending heartbeat with last received sequence number: 7
[2026-08-22 17:54:46.106] [info]  [RTCControlSocket(default)] Heartbeat ACK received
[2026-08-22 17:54:59.821] [info]  [RTCControlSocket(default)] Sending heartbeat with last received sequence number: 7
[2026-08-22 17:54:59.844] [info]  [RTCControlSocket(default)] Heartbeat ACK received
[2026-08-22 17:55:13.571] [info]  [RTCControlSocket(default)] Sending heartbeat with last received sequence number: 7
[2026-08-22 17:55:13.607] [info]  [RTCControlSocket(default)] Heartbeat ACK received
[2026-08-22 17:55:27.321] [info]  [RTCControlSocket(default)] Sending heartbeat with last received sequence number: 7
[2026-08-22 17:55:27.364] [info]  [RTCControlSocket(default)] Heartbeat ACK received
[2026-08-22 17:55:41.071] [info]  [RTCControlSocket(default)] Sending heartbeat with last received sequence number: 7
[2026-08-22 17:55:41.104] [info]  [RTCControlSocket(default)] Heartbeat ACK received
[2026-08-22 17:55:54.821] [info]  [RTCControlSocket(default)] Sending heartbeat with last received sequence number: 7
[2026-08-22 17:55:54.846] [info]  [RTCControlSocket(default)] Heartbeat ACK received
[2026-08-22 17:56:08.571] [info]  [RTCControlSocket(default)] Sending heartbeat with last received sequence number: 7
[2026-08-22 17:56:08.601] [info]  [RTCControlSocket(default)] Heartbeat ACK received
[2026-08-22 17:56:22.321] [info]  [RTCControlSocket(default)] Sending heartbeat with last received sequence number: 7
[2026-08-22 17:56:22.346] [info]  [RTCControlSocket(default)] Heartbeat ACK received
[2026-08-22 17:56:36.071] [info]  [RTCControlSocket(default)] Sending heartbeat with last received sequence number: 7
[2026-08-22 17:56:36.098] [info]  [RTCControlSocket(default)] Heartbeat ACK received
[2026-08-22 17:56:49.821] [info]  [RTCControlSocket(default)] Sending heartbeat with last received sequence number: 7
[2026-08-22 17:56:49.843] [info]  [RTCControlSocket(default)] Heartbeat ACK received
[2026-08-22 17:57:03.571] [info]  [RTCControlSocket(default)] Sending heartbeat with last received sequence number: 7
[2026-08-22 17:57:03.599] [info]  [RTCControlSocket(default)] Heartbeat ACK received
[2026-08-22 17:57:17.322] [info]  [RTCControlSocket(default)] Sending heartbeat with last received sequence number: 7
[2026-08-22 17:57:17.364] [info]  [RTCControlSocket(default)] Heartbeat ACK received
[2026-08-22 17:57:31.071] [info]  [RTCControlSocket(default)] Sending heartbeat with last received sequence number: 7
[2026-08-22 17:57:31.096] [info]  [RTCControlSocket(default)] Heartbeat ACK received
[2026-08-22 17:57:44.821] [info]  [RTCControlSocket(default)] Sending heartbeat with last received sequence number: 7
[2026-08-22 17:57:44.864] [info]  [RTCControlSocket(default)] Heartbeat ACK received
[2026-08-22 17:57:58.571] [info]  [RTCControlSocket(default)] Sending heartbeat with last received sequence number: 7
[2026-08-22 17:57:58.599] [info]  [RTCControlSocket(default)] Heartbeat ACK received
[2026-08-22 17:58:12.321] [info]  [RTCControlSocket(default)] Sending heartbeat with last received sequence number: 7
[2026-08-22 17:58:12.343] [info]  [RTCControlSocket(default)] Heartbeat ACK received
[2026-08-22 17:58:26.071] [info]  [RTCControlSocket(default)] Sending heartbeat with last received sequence number: 7
[2026-08-22 17:58:26.104] [info]  [RTCControlSocket(default)] Heartbeat ACK received
[2026-08-22 17:58:39.821] [info]  [RTCControlSocket(default)] Sending heartbeat with last received sequence number: 7
[2026-08-22 17:58:39.854] [info]  [RTCControlSocket(default)] Heartbeat ACK received
[2026-08-22 17:58:53.571] [info]  [RTCControlSocket(default)] Sending heartbeat with last received sequence number: 7
[2026-08-22 17:58:53.603] [info]  [RTCControlSocket(default)] Heartbeat ACK received
[2026-08-22 17:59:07.322] [info]  [RTCControlSocket(default)] Sending heartbeat with last received sequence number: 7
[2026-08-22 17:59:07.361] [info]  [RTCControlSocket(default)] Heartbeat ACK received
[2026-08-22 17:59:21.071] [info]  [RTCControlSocket(default)] Sending heartbeat with last received sequence number: 7
[2026-08-22 17:59:21.105] [info]  [RTCControlSocket(default)] Heartbeat ACK received
[2026-08-22 17:59:34.821] [info]  [RTCControlSocket(default)] Sending heartbeat with last received sequence number: 7
[2026-08-22 17:59:34.858] [info]  [RTCControlSocket(default)] Heartbeat ACK received
[2026-08-22 17:59:48.571] [info]  [RTCControlSocket(default)] Sending heartbeat with last received sequence number: 7
[2026-08-22 17:59:48.614] [info]  [RTCControlSocket(default)] Heartbeat ACK received
[2026-08-22 18:00:02.321] [info]  [RTCControlSocket(default)] Sending heartbeat with last received sequence number: 7
[2026-08-22 18:00:02.393] [info]  [RTCControlSocket(default)] Heartbeat ACK received
[2026-08-22 18:00:16.071] [info]  [RTCControlSocket(default)] Sending heartbeat with last received sequence number: 7
[2026-08-22 18:00:16.200] [info]  [RTCControlSocket(default)] Heartbeat ACK received
[2026-08-22 18:00:29.821] [info]  [RTCControlSocket(default)] Sending heartbeat with last received sequence number: 7
[2026-08-22 18:00:30.325] [info]  [RTCControlSocket(default)] Heartbeat ACK received
[2026-08-22 18:00:43.571] [info]  [RTCControlSocket(default)] Sending heartbeat with last received sequence number: 7
[2026-08-22 18:00:43.614] [info]  [RTCControlSocket(default)] Heartbeat ACK received
[2026-08-22 18:00:57.321] [info]  [RTCControlSocket(default)] Sending heartbeat with last received sequence number: 7
[2026-08-22 18:00:57.353] [info]  [RTCControlSocket(default)] Heartbeat ACK received
[2026-08-22 18:01:11.071] [info]  [RTCControlSocket(default)] Sending heartbeat with last received sequence number: 7
[2026-08-22 18:01:11.106] [info]  [RTCControlSocket(default)] Heartbeat ACK received
[2026-08-22 18:01:24.821] [info]  [RTCControlSocket(default)] Sending heartbeat with last received sequence number: 7
[2026-08-22 18:01:24.859] [info]  [RTCControlSocket(default)] Heartbeat ACK received
[2026-08-22 18:01:38.571] [info]  [RTCControlSocket(default)] Sending heartbeat with last received sequence number: 7
[2026-08-22 18:01:38.605] [info]  [RTCControlSocket(default)] Heartbeat ACK received
[2026-08-22 18:01:52.321] [info]  [RTCControlSocket(default)] Sending heartbeat with last received sequence number: 7
[2026-08-22 18:01:52.356] [info]  [RTCControlSocket(default)] Heartbeat ACK received
[2026-08-22 18:02:06.071] [info]  [RTCControlSocket(default)] Sending heartbeat with last received sequence number: 7
[2026-08-22 18:02:06.112] [info]  [RTCControlSocket(default)] Heartbeat ACK received
[2026-08-22 18:02:19.821] [info]  [RTCControlSocket(default)] Sending heartbeat with last received sequence number: 7
[2026-08-22 18:02:19.856] [info]  [RTCControlSocket(default)] Heartbeat ACK received
[2026-08-22 18:02:33.571] [info]  [RTCControlSocket(default)] Sending heartbeat with last received sequence number: 7
[2026-08-22 18:02:33.606] [info]  [RTCControlSocket(default)] Heartbeat ACK received
[2026-08-22 18:02:47.321] [info]  [RTCControlSocket(default)] Sending heartbeat with last received sequence number: 7
[2026-08-22 18:02:47.362] [info]  [RTCControlSocket(default)] Heartbeat ACK received
[2026-08-22 18:03:01.071] [info]  [RTCControlSocket(default)] Sending heartbeat with last received sequence number: 7
[2026-08-22 18:03:01.101] [info]  [RTCControlSocket(default)] Heartbeat ACK received
[2026-08-22 18:03:14.821] [info]  [RTCControlSocket(default)] Sending heartbeat with last received sequence number: 7
[2026-08-22 18:03:14.856] [info]  [RTCControlSocket(default)] Heartbeat ACK received
[2026-08-22 18:03:28.571] [info]  [RTCControlSocket(default)] Sending heartbeat with last received sequence number: 7
[2026-08-22 18:03:28.607] [info]  [RTCControlSocket(default)] Heartbeat ACK received
[2026-08-22 18:03:42.321] [info]  [RTCControlSocket(default)] Sending heartbeat with last received sequence number: 7
[2026-08-22 18:03:42.366] [info]  [RTCControlSocket(default)] Heartbeat ACK received
[2026-08-22 18:03:56.071] [info]  [RTCControlSocket(default)] Sending heartbeat with last received sequence number: 7
[2026-08-22 18:03:56.103] [info]  [RTCControlSocket(default)] Heartbeat ACK received
[2026-08-22 18:04:09.821] [info]  [RTCControlSocket(default)] Sending heartbeat with last received sequence number: 7
[2026-08-22 18:04:09.848] [info]  [RTCControlSocket(default)] Heartbeat ACK received
[2026-08-22 18:04:23.572] [info]  [RTCControlSocket(default)] Sending heartbeat with last received sequence number: 7
[2026-08-22 18:04:23.619] [info]  [RTCControlSocket(default)] Heartbeat ACK received
[2026-08-22 18:04:37.322] [info]  [RTCControlSocket(default)] Sending heartbeat with last received sequence number: 7
[2026-08-22 18:04:37.365] [info]  [RTCControlSocket(default)] Heartbeat ACK received
[2026-08-22 18:04:51.071] [info]  [RTCControlSocket(default)] Sending heartbeat with last received sequence number: 7
[2026-08-22 18:04:51.110] [info]  [RTCControlSocket(default)] Heartbeat ACK received
[2026-08-22 18:05:04.821] [info]  [RTCControlSocket(default)] Sending heartbeat with last received sequence number: 7
[2026-08-22 18:05:04.871] [info]  [RTCControlSocket(default)] Heartbeat ACK received
[2026-08-22 18:05:18.571] [info]  [RTCControlSocket(default)] Sending heartbeat with last received sequence number: 7
[2026-08-22 18:05:18.612] [info]  [RTCControlSocket(default)] Heartbeat ACK received
[2026-08-22 18:05:32.321] [info]  [RTCControlSocket(default)] Sending heartbeat with last received sequence number: 7
[2026-08-22 18:05:32.374] [info]  [RTCControlSocket(default)] Heartbeat ACK received
[2026-08-22 18:05:46.071] [info]  [RTCControlSocket(default)] Sending heartbeat with last received sequence number: 7
[2026-08-22 18:05:46.108] [info]  [RTCControlSocket(default)] Heartbeat ACK received
[2026-08-22 18:05:59.822] [info]  [RTCControlSocket(default)] Sending heartbeat with last received sequence number: 7
[2026-08-22 18:05:59.857] [info]  [RTCControlSocket(default)] Heartbeat ACK received
[2026-08-22 18:06:13.571] [info]  [RTCControlSocket(default)] Sending heartbeat with last received sequence number: 7
[2026-08-22 18:06:13.609] [info]  [RTCControlSocket(default)] Heartbeat ACK received
[2026-08-22 18:06:27.321] [info]  [RTCControlSocket(default)] Sending heartbeat with last received sequence number: 7
[2026-08-22 18:06:27.347] [info]  [RTCControlSocket(default)] Heartbeat ACK received
[2026-08-22 18:06:41.071] [info]  [RTCControlSocket(default)] Sending heartbeat with last received sequence number: 7
[2026-08-22 18:06:41.104] [info]  [RTCControlSocket(default)] Heartbeat ACK received
[2026-08-22 18:06:54.821] [info]  [RTCControlSocket(default)] Sending heartbeat with last received sequence number: 7
[2026-08-22 18:06:54.846] [info]  [RTCControlSocket(default)] Heartbeat ACK received
[2026-08-22 18:07:08.571] [info]  [RTCControlSocket(default)] Sending heartbeat with last received sequence number: 7
[2026-08-22 18:07:08.598] [info]  [RTCControlSocket(default)] Heartbeat ACK received
[2026-08-22 18:07:22.321] [info]  [RTCControlSocket(default)] Sending heartbeat with last received sequence number: 7
[2026-08-22 18:07:22.361] [info]  [RTCControlSocket(default)] Heartbeat ACK received
[2026-08-22 18:07:36.072] [info]  [RTCControlSocket(default)] Sending heartbeat with last received sequence number: 7
[2026-08-22 18:07:36.108] [info]  [RTCControlSocket(default)] Heartbeat ACK received
[2026-08-22 18:07:49.821] [info]  [RTCControlSocket(default)] Sending heartbeat with last received sequence number: 7
[2026-08-22 18:07:49.855] [info]  [RTCControlSocket(default)] Heartbeat ACK received
[2026-08-22 18:08:03.571] [info]  [RTCControlSocket(default)] Sending heartbeat with last received sequence number: 7
[2026-08-22 18:08:03.612] [info]  [RTCControlSocket(default)] Heartbeat ACK received
[2026-08-22 18:08:17.321] [info]  [RTCControlSocket(default)] Sending heartbeat with last received sequence number: 7
[2026-08-22 18:08:17.355] [info]  [RTCControlSocket(default)] Heartbeat ACK received
[2026-08-22 18:08:31.071] [info]  [RTCControlSocket(default)] Sending heartbeat with last received sequence number: 7
[2026-08-22 18:08:31.095] [info]  [RTCControlSocket(default)] Heartbeat ACK received
[2026-08-22 18:08:44.821] [info]  [RTCControlSocket(default)] Sending heartbeat with last received sequence number: 7
[2026-08-22 18:08:44.881] [info]  [RTCControlSocket(default)] Heartbeat ACK received
[2026-08-22 18:08:58.571] [info]  [RTCControlSocket(default)] Sending heartbeat with last received sequence number: 7
[2026-08-22 18:08:58.602] [info]  [RTCControlSocket(default)] Heartbeat ACK received
[2026-08-22 18:09:12.321] [info]  [RTCControlSocket(default)] Sending heartbeat with last received sequence number: 7
[2026-08-22 18:09:12.353] [info]  [RTCControlSocket(default)] Heartbeat ACK received
[2026-08-22 18:09:26.072] [info]  [RTCControlSocket(default)] Sending heartbeat with last received sequence number: 7
[2026-08-22 18:09:26.098] [info]  [RTCControlSocket(default)] Heartbeat ACK received
[2026-08-22 18:09:39.822] [info]  [RTCControlSocket(default)] Sending heartbeat with last received sequence number: 7
[2026-08-22 18:09:39.851] [info]  [RTCControlSocket(default)] Heartbeat ACK received
[2026-08-22 18:09:53.571] [info]  [RTCControlSocket(default)] Sending heartbeat with last received sequence number: 7
[2026-08-22 18:09:53.602] [info]  [RTCControlSocket(default)] Heartbeat ACK received
[2026-08-22 18:10:07.322] [info]  [RTCControlSocket(default)] Sending heartbeat with last received sequence number: 7
[2026-08-22 18:10:07.350] [info]  [RTCControlSocket(default)] Heartbeat ACK received
[2026-08-22 18:10:21.071] [info]  [RTCControlSocket(default)] Sending heartbeat with last received sequence number: 7
[2026-08-22 18:10:21.106] [info]  [RTCControlSocket(default)] Heartbeat ACK received
[2026-08-22 18:10:34.821] [info]  [RTCControlSocket(default)] Sending heartbeat with last received sequence number: 7
[2026-08-22 18:10:34.855] [info]  [RTCControlSocket(default)] Heartbeat ACK received
[2026-08-22 18:10:48.571] [info]  [RTCControlSocket(default)] Sending heartbeat with last received sequence number: 7
[2026-08-22 18:10:48.603] [info]  [RTCControlSocket(default)] Heartbeat ACK received
[2026-08-22 18:11:02.321] [info]  [RTCControlSocket(default)] Sending heartbeat with last received sequence number: 7
[2026-08-22 18:11:02.364] [info]  [RTCControlSocket(default)] Heartbeat ACK received
[2026-08-22 18:11:16.071] [info]  [RTCControlSocket(default)] Sending heartbeat with last received sequence number: 7
[2026-08-22 18:11:16.104] [info]  [RTCControlSocket(default)] Heartbeat ACK received
[2026-08-22 18:11:21.253] [info]  [RPCServer:IPC] Socket Message: 5 [object Object]
[2026-08-22 18:11:21.255] [info]  [RPCServer:IPC] Socket Emit: 5 [object Object]
[2026-08-22 18:11:25.691] [info]  [RPCServer:IPC] Socket Message: 5 [object Object]
[2026-08-22 18:11:25.844] [info]  [RPCServer:IPC] Socket Emit: 5 [object Object]
[2026-08-22 18:11:29.821] [info]  [RTCControlSocket(default)] Sending heartbeat with last received sequence number: 7
[2026-08-22 18:11:29.869] [info]  [RTCControlSocket(default)] Heartbeat ACK received
[2026-08-22 18:11:41.692] [info]  [RPCServer:IPC] Socket Message: 5 [object Object]
[2026-08-22 18:11:41.693] [info]  [RPCServer:IPC] Socket Emit: 5 [object Object]
[2026-08-22 18:11:42.769] [info]  [RPCServer:IPC] Socket Message: 5 [object Object]
[2026-08-22 18:11:42.771] [info]  [RPCServer:IPC] Socket Emit: 5 [object Object]
[2026-08-22 18:11:43.571] [info]  [RTCControlSocket(default)] Sending heartbeat with last received sequence number: 7
[2026-08-22 18:11:43.615] [info]  [RTCControlSocket(default)] Heartbeat ACK received
[2026-08-22 18:11:57.321] [info]  [RTCControlSocket(default)] Sending heartbeat with last received sequence number: 7
[2026-08-22 18:11:57.359] [info]  [RTCControlSocket(default)] Heartbeat ACK received
[2026-08-22 18:12:11.071] [info]  [RTCControlSocket(default)] Sending heartbeat with last received sequence number: 7
[2026-08-22 18:12:11.103] [info]  [RTCControlSocket(default)] Heartbeat ACK received
[2026-08-22 18:12:24.821] [info]  [RTCControlSocket(default)] Sending heartbeat with last received sequence number: 7
[2026-08-22 18:12:24.861] [info]  [RTCControlSocket(default)] Heartbeat ACK received
[2026-08-22 18:12:38.571] [info]  [RTCControlSocket(default)] Sending heartbeat with last received sequence number: 7
[2026-08-22 18:12:38.609] [info]  [RTCControlSocket(default)] Heartbeat ACK received
[2026-08-22 18:12:52.321] [info]  [RTCControlSocket(default)] Sending heartbeat with last received sequence number: 7
[2026-08-22 18:12:52.350] [info]  [RTCControlSocket(default)] Heartbeat ACK received
[2026-08-22 18:13:06.071] [info]  [RTCControlSocket(default)] Sending heartbeat with last received sequence number: 7
[2026-08-22 18:13:06.101] [info]  [RTCControlSocket(default)] Heartbeat ACK received
[2026-08-22 18:13:19.821] [info]  [RTCControlSocket(default)] Sending heartbeat with last received sequence number: 7
[2026-08-22 18:13:19.865] [info]  [RTCControlSocket(default)] Heartbeat ACK received
[2026-08-22 18:13:33.571] [info]  [RTCControlSocket(default)] Sending heartbeat with last received sequence number: 7
[2026-08-22 18:13:33.615] [info]  [RTCControlSocket(default)] Heartbeat ACK received
[2026-08-22 18:13:47.321] [info]  [RTCControlSocket(default)] Sending heartbeat with last received sequence number: 7
[2026-08-22 18:13:47.347] [info]  [RTCControlSocket(default)] Heartbeat ACK received
[2026-08-22 18:14:01.071] [info]  [RTCControlSocket(default)] Sending heartbeat with last received sequence number: 7
[2026-08-22 18:14:01.170] [info]  [RTCControlSocket(default)] Heartbeat ACK received
[2026-08-22 18:14:14.821] [info]  [RTCControlSocket(default)] Sending heartbeat with last received sequence number: 7
[2026-08-22 18:14:14.867] [info]  [RTCControlSocket(default)] Heartbeat ACK received
[2026-08-22 18:14:28.571] [info]  [RTCControlSocket(default)] Sending heartbeat with last received sequence number: 7
[2026-08-22 18:14:28.596] [info]  [RTCControlSocket(default)] Heartbeat ACK received
[2026-08-22 18:14:42.321] [info]  [RTCControlSocket(default)] Sending heartbeat with last received sequence number: 7
[2026-08-22 18:14:42.345] [info]  [RTCControlSocket(default)] Heartbeat ACK received
[2026-08-22 18:14:56.071] [info]  [RTCControlSocket(default)] Sending heartbeat with last received sequence number: 7
[2026-08-22 18:14:56.109] [info]  [RTCControlSocket(default)] Heartbeat ACK received
[2026-08-22 18:15:09.821] [info]  [RTCControlSocket(default)] Sending heartbeat with last received sequence number: 7
[2026-08-22 18:15:09.849] [info]  [RTCControlSocket(default)] Heartbeat ACK received
[2026-08-22 18:15:23.572] [info]  [RTCControlSocket(default)] Sending heartbeat with last received sequence number: 7
[2026-08-22 18:15:23.606] [info]  [RTCControlSocket(default)] Heartbeat ACK received
[2026-08-22 18:15:37.322] [info]  [RTCControlSocket(default)] Sending heartbeat with last received sequence number: 7
[2026-08-22 18:15:37.354] [info]  [RTCControlSocket(default)] Heartbeat ACK received
[2026-08-22 18:15:51.072] [info]  [RTCControlSocket(default)] Sending heartbeat with last received sequence number: 7
[2026-08-22 18:15:51.117] [info]  [RTCControlSocket(default)] Heartbeat ACK received
[2026-08-22 18:16:04.821] [info]  [RTCControlSocket(default)] Sending heartbeat with last received sequence number: 7
[2026-08-22 18:16:04.859] [info]  [RTCControlSocket(default)] Heartbeat ACK received
[2026-08-22 18:16:18.571] [info]  [RTCControlSocket(default)] Sending heartbeat with last received sequence number: 7
[2026-08-22 18:16:18.601] [info]  [RTCControlSocket(default)] Heartbeat ACK received
[2026-08-22 18:16:32.321] [info]  [RTCControlSocket(default)] Sending heartbeat with last received sequence number: 7
[2026-08-22 18:16:32.346] [info]  [RTCControlSocket(default)] Heartbeat ACK received
[2026-08-22 18:16:46.071] [info]  [RTCControlSocket(default)] Sending heartbeat with last received sequence number: 7
[2026-08-22 18:16:46.104] [info]  [RTCControlSocket(default)] Heartbeat ACK received
[2026-08-22 18:16:59.821] [info]  [RTCControlSocket(default)] Sending heartbeat with last received sequence number: 7
[2026-08-22 18:16:59.856] [info]  [RTCControlSocket(default)] Heartbeat ACK received
[2026-08-22 18:17:13.572] [info]  [RTCControlSocket(default)] Sending heartbeat with last received sequence number: 7
[2026-08-22 18:17:13.600] [info]  [RTCControlSocket(default)] Heartbeat ACK received
[2026-08-22 18:17:27.321] [info]  [RTCControlSocket(default)] Sending heartbeat with last received sequence number: 7
[2026-08-22 18:17:27.347] [info]  [RTCControlSocket(default)] Heartbeat ACK received
[2026-08-22 18:17:41.071] [info]  [RTCControlSocket(default)] Sending heartbeat with last received sequence number: 7
[2026-08-22 18:17:41.108] [info]  [RTCControlSocket(default)] Heartbeat ACK received
[2026-08-22 18:17:54.821] [info]  [RTCControlSocket(default)] Sending heartbeat with last received sequence number: 7
[2026-08-22 18:17:54.849] [info]  [RTCControlSocket(default)] Heartbeat ACK received
[2026-08-22 18:18:08.571] [info]  [RTCControlSocket(default)] Sending heartbeat with last received sequence number: 7
[2026-08-22 18:18:08.597] [info]  [RTCControlSocket(default)] Heartbeat ACK received
[2026-08-22 18:18:22.321] [info]  [RTCControlSocket(default)] Sending heartbeat with last received sequence number: 7
[2026-08-22 18:18:22.348] [info]  [RTCControlSocket(default)] Heartbeat ACK received
[2026-08-22 18:18:36.071] [info]  [RTCControlSocket(default)] Sending heartbeat with last received sequence number: 7
[2026-08-22 18:18:36.096] [info]  [RTCControlSocket(default)] Heartbeat ACK received
[2026-08-22 18:18:49.821] [info]  [RTCControlSocket(default)] Sending heartbeat with last received sequence number: 7
[2026-08-22 18:18:49.899] [info]  [RTCControlSocket(default)] Heartbeat ACK received
[2026-08-22 18:19:03.571] [info]  [RTCControlSocket(default)] Sending heartbeat with last received sequence number: 7
[2026-08-22 18:19:03.605] [info]  [RTCControlSocket(default)] Heartbeat ACK received
[2026-08-22 18:19:17.321] [info]  [RTCControlSocket(default)] Sending heartbeat with last received sequence number: 7
[2026-08-22 18:19:17.359] [info]  [RTCControlSocket(default)] Heartbeat ACK received
[2026-08-22 18:19:31.071] [info]  [RTCControlSocket(default)] Sending heartbeat with last received sequence number: 7
[2026-08-22 18:19:31.103] [info]  [RTCControlSocket(default)] Heartbeat ACK received
[2026-08-22 18:19:44.821] [info]  [RTCControlSocket(default)] Sending heartbeat with last received sequence number: 7
[2026-08-22 18:19:44.844] [info]  [RTCControlSocket(default)] Heartbeat ACK received
[2026-08-22 18:19:58.571] [info]  [RTCControlSocket(default)] Sending heartbeat with last received sequence number: 7
[2026-08-22 18:19:58.603] [info]  [RTCControlSocket(default)] Heartbeat ACK received
[2026-08-22 18:20:12.321] [info]  [RTCControlSocket(default)] Sending heartbeat with last received sequence number: 7
[2026-08-22 18:20:12.349] [info]  [RTCControlSocket(default)] Heartbeat ACK received
[2026-08-22 18:20:26.071] [info]  [RTCControlSocket(default)] Sending heartbeat with last received sequence number: 7
[2026-08-22 18:20:26.107] [info]  [RTCControlSocket(default)] Heartbeat ACK received
[2026-08-22 18:20:39.821] [info]  [RTCControlSocket(default)] Sending heartbeat with last received sequence number: 7
[2026-08-22 18:20:39.864] [info]  [RTCControlSocket(default)] Heartbeat ACK received
[2026-08-22 18:20:53.571] [info]  [RTCControlSocket(default)] Sending heartbeat with last received sequence number: 7
[2026-08-22 18:20:53.594] [info]  [RTCControlSocket(default)] Heartbeat ACK received
[2026-08-22 18:21:07.321] [info]  [RTCControlSocket(default)] Sending heartbeat with last received sequence number: 7
[2026-08-22 18:21:07.353] [info]  [RTCControlSocket(default)] Heartbeat ACK received
[2026-08-22 18:21:21.071] [info]  [RTCControlSocket(default)] Sending heartbeat with last received sequence number: 7
[2026-08-22 18:21:21.104] [info]  [RTCControlSocket(default)] Heartbeat ACK received
[2026-08-22 18:21:34.821] [info]  [RTCControlSocket(default)] Sending heartbeat with last received sequence number: 7
[2026-08-22 18:21:34.848] [info]  [RTCControlSocket(default)] Heartbeat ACK received
[2026-08-22 18:21:48.571] [info]  [RTCControlSocket(default)] Sending heartbeat with last received sequence number: 7
[2026-08-22 18:21:48.609] [info]  [RTCControlSocket(default)] Heartbeat ACK received
[2026-08-22 18:22:02.321] [info]  [RTCControlSocket(default)] Sending heartbeat with last received sequence number: 7
[2026-08-22 18:22:02.349] [info]  [RTCControlSocket(default)] Heartbeat ACK received
[2026-08-22 18:22:16.071] [info]  [RTCControlSocket(default)] Sending heartbeat with last received sequence number: 7
[2026-08-22 18:22:16.100] [info]  [RTCControlSocket(default)] Heartbeat ACK received
[2026-08-22 18:22:29.821] [info]  [RTCControlSocket(default)] Sending heartbeat with last received sequence number: 7
[2026-08-22 18:22:29.853] [info]  [RTCControlSocket(default)] Heartbeat ACK received
[2026-08-22 18:22:43.571] [info]  [RTCControlSocket(default)] Sending heartbeat with last received sequence number: 7
[2026-08-22 18:22:43.604] [info]  [RTCControlSocket(default)] Heartbeat ACK received
[2026-08-22 18:22:57.321] [info]  [RTCControlSocket(default)] Sending heartbeat with last received sequence number: 7
[2026-08-22 18:22:57.363] [info]  [RTCControlSocket(default)] Heartbeat ACK received
[2026-08-22 18:23:11.071] [info]  [RTCControlSocket(default)] Sending heartbeat with last received sequence number: 7
[2026-08-22 18:23:11.102] [info]  [RTCControlSocket(default)] Heartbeat ACK received
[2026-08-22 18:23:24.821] [info]  [RTCControlSocket(default)] Sending heartbeat with last received sequence number: 7
[2026-08-22 18:23:24.850] [info]  [RTCControlSocket(default)] Heartbeat ACK received
[2026-08-22 18:23:38.571] [info]  [RTCControlSocket(default)] Sending heartbeat with last received sequence number: 7
[2026-08-22 18:23:38.598] [info]  [RTCControlSocket(default)] Heartbeat ACK received
[2026-08-22 18:23:52.322] [info]  [RTCControlSocket(default)] Sending heartbeat with last received sequence number: 7
[2026-08-22 18:23:52.349] [info]  [RTCControlSocket(default)] Heartbeat ACK received
[2026-08-22 18:24:06.071] [info]  [RTCControlSocket(default)] Sending heartbeat with last received sequence number: 7
[2026-08-22 18:24:06.103] [info]  [RTCControlSocket(default)] Heartbeat ACK received
[2026-08-22 18:24:19.821] [info]  [RTCControlSocket(default)] Sending heartbeat with last received sequence number: 7
[2026-08-22 18:24:19.875] [info]  [RTCControlSocket(default)] Heartbeat ACK received
[2026-08-22 18:24:33.571] [info]  [RTCControlSocket(default)] Sending heartbeat with last received sequence number: 7
[2026-08-22 18:24:33.595] [info]  [RTCControlSocket(default)] Heartbeat ACK received
[2026-08-22 18:24:47.321] [info]  [RTCControlSocket(default)] Sending heartbeat with last received sequence number: 7
[2026-08-22 18:24:47.394] [info]  [RTCControlSocket(default)] Heartbeat ACK received
[2026-08-22 18:25:01.071] [info]  [RTCControlSocket(default)] Sending heartbeat with last received sequence number: 7
[2026-08-22 18:25:01.105] [info]  [RTCControlSocket(default)] Heartbeat ACK received
[2026-08-22 18:25:14.821] [info]  [RTCControlSocket(default)] Sending heartbeat with last received sequence number: 7
[2026-08-22 18:25:14.847] [info]  [RTCControlSocket(default)] Heartbeat ACK received
[2026-08-22 18:25:28.571] [info]  [RTCControlSocket(default)] Sending heartbeat with last received sequence number: 7
[2026-08-22 18:25:28.603] [info]  [RTCControlSocket(default)] Heartbeat ACK received
[2026-08-22 18:25:42.321] [info]  [RTCControlSocket(default)] Sending heartbeat with last received sequence number: 7
[2026-08-22 18:25:42.365] [info]  [RTCControlSocket(default)] Heartbeat ACK received
[2026-08-22 18:25:56.072] [info]  [RTCControlSocket(default)] Sending heartbeat with last received sequence number: 7
[2026-08-22 18:25:56.101] [info]  [RTCControlSocket(default)] Heartbeat ACK received
[2026-08-22 18:26:09.821] [info]  [RTCControlSocket(default)] Sending heartbeat with last received sequence number: 7
[2026-08-22 18:26:09.848] [info]  [RTCControlSocket(default)] Heartbeat ACK received
[2026-08-22 18:26:23.571] [info]  [RTCControlSocket(default)] Sending heartbeat with last received sequence number: 7
[2026-08-22 18:26:23.603] [info]  [RTCControlSocket(default)] Heartbeat ACK received
[2026-08-22 18:26:37.321] [info]  [RTCControlSocket(default)] Sending heartbeat with last received sequence number: 7
[2026-08-22 18:26:37.346] [info]  [RTCControlSocket(default)] Heartbeat ACK received
[2026-08-22 18:26:51.071] [info]  [RTCControlSocket(default)] Sending heartbeat with last received sequence number: 7
[2026-08-22 18:26:51.104] [info]  [RTCControlSocket(default)] Heartbeat ACK received
[2026-08-22 18:27:04.821] [info]  [RTCControlSocket(default)] Sending heartbeat with last received sequence number: 7
[2026-08-22 18:27:04.854] [info]  [RTCControlSocket(default)] Heartbeat ACK received
[2026-08-22 18:27:18.571] [info]  [RTCControlSocket(default)] Sending heartbeat with last received sequence number: 7
[2026-08-22 18:27:18.606] [info]  [RTCControlSocket(default)] Heartbeat ACK received
[2026-08-22 18:27:32.321] [info]  [RTCControlSocket(default)] Sending heartbeat with last received sequence number: 7
[2026-08-22 18:27:32.357] [info]  [RTCControlSocket(default)] Heartbeat ACK received
[2026-08-22 18:27:46.071] [info]  [RTCControlSocket(default)] Sending heartbeat with last received sequence number: 7
[2026-08-22 18:27:46.104] [info]  [RTCControlSocket(default)] Heartbeat ACK received
[2026-08-22 18:27:59.821] [info]  [RTCControlSocket(default)] Sending heartbeat with last received sequence number: 7
[2026-08-22 18:27:59.872] [info]  [RTCControlSocket(default)] Heartbeat ACK received
[2026-08-22 18:28:13.571] [info]  [RTCControlSocket(default)] Sending heartbeat with last received sequence number: 7
[2026-08-22 18:28:13.618] [info]  [RTCControlSocket(default)] Heartbeat ACK received
[2026-08-22 18:28:27.321] [info]  [RTCControlSocket(default)] Sending heartbeat with last received sequence number: 7
[2026-08-22 18:28:27.347] [info]  [RTCControlSocket(default)] Heartbeat ACK received
[2026-08-22 18:28:41.071] [info]  [RTCControlSocket(default)] Sending heartbeat with last received sequence number: 7
[2026-08-22 18:28:41.097] [info]  [RTCControlSocket(default)] Heartbeat ACK received
[2026-08-22 18:28:54.821] [info]  [RTCControlSocket(default)] Sending heartbeat with last received sequence number: 7
[2026-08-22 18:28:54.854] [info]  [RTCControlSocket(default)] Heartbeat ACK received
[2026-08-22 18:29:08.571] [info]  [RTCControlSocket(default)] Sending heartbeat with last received sequence number: 7
[2026-08-22 18:29:08.609] [info]  [RTCControlSocket(default)] Heartbeat ACK received
[2026-08-22 18:29:22.321] [info]  [RTCControlSocket(default)] Sending heartbeat with last received sequence number: 7
[2026-08-22 18:29:22.359] [info]  [RTCControlSocket(default)] Heartbeat ACK received
[2026-08-22 18:29:36.071] [info]  [RTCControlSocket(default)] Sending heartbeat with last received sequence number: 7
[2026-08-22 18:29:36.107] [info]  [RTCControlSocket(default)] Heartbeat ACK received
[2026-08-22 18:29:49.821] [info]  [RTCControlSocket(default)] Sending heartbeat with last received sequence number: 7
[2026-08-22 18:29:49.854] [info]  [RTCControlSocket(default)] Heartbeat ACK received
[2026-08-22 18:30:03.571] [info]  [RTCControlSocket(default)] Sending heartbeat with last received sequence number: 7
[2026-08-22 18:30:03.613] [info]  [RTCControlSocket(default)] Heartbeat ACK received
[2026-08-22 18:30:17.322] [info]  [RTCControlSocket(default)] Sending heartbeat with last received sequence number: 7
[2026-08-22 18:30:17.367] [info]  [RTCControlSocket(default)] Heartbeat ACK received
[2026-08-22 18:30:31.071] [info]  [RTCControlSocket(default)] Sending heartbeat with last received sequence number: 7
[2026-08-22 18:30:31.110] [info]  [RTCControlSocket(default)] Heartbeat ACK received
[2026-08-22 18:30:44.821] [info]  [RTCControlSocket(default)] Sending heartbeat with last received sequence number: 7
[2026-08-22 18:30:44.854] [info]  [RTCControlSocket(default)] Heartbeat ACK received
[2026-08-22 18:30:58.571] [info]  [RTCControlSocket(default)] Sending heartbeat with last received sequence number: 7
[2026-08-22 18:30:59.018] [info]  [RTCControlSocket(default)] Heartbeat ACK received
[2026-08-22 18:31:12.321] [info]  [RTCControlSocket(default)] Sending heartbeat with last received sequence number: 7
[2026-08-22 18:31:12.852] [info]  [RTCControlSocket(default)] Heartbeat ACK received
[2026-08-22 18:31:26.071] [info]  [RTCControlSocket(default)] Sending heartbeat with last received sequence number: 7
[2026-08-22 18:31:26.114] [info]  [RTCControlSocket(default)] Heartbeat ACK received
[2026-08-22 18:31:39.821] [info]  [RTCControlSocket(default)] Sending heartbeat with last received sequence number: 7
[2026-08-22 18:31:39.856] [info]  [RTCControlSocket(default)] Heartbeat ACK received
[2026-08-22 18:31:53.571] [info]  [RTCControlSocket(default)] Sending heartbeat with last received sequence number: 7
[2026-08-22 18:31:53.605] [info]  [RTCControlSocket(default)] Heartbeat ACK received
[2026-08-22 18:32:07.321] [info]  [RTCControlSocket(default)] Sending heartbeat with last received sequence number: 7
[2026-08-22 18:32:07.369] [info]  [RTCControlSocket(default)] Heartbeat ACK received
[2026-08-22 18:32:21.071] [info]  [RTCControlSocket(default)] Sending heartbeat with last received sequence number: 7
[2026-08-22 18:32:21.104] [info]  [RTCControlSocket(default)] Heartbeat ACK received
[2026-08-22 18:32:34.822] [info]  [RTCControlSocket(default)] Sending heartbeat with last received sequence number: 7
[2026-08-22 18:32:34.853] [info]  [RTCControlSocket(default)] Heartbeat ACK received
[2026-08-22 18:32:48.572] [info]  [RTCControlSocket(default)] Sending heartbeat with last received sequence number: 7
[2026-08-22 18:32:48.610] [info]  [RTCControlSocket(default)] Heartbeat ACK received
[2026-08-22 18:33:02.321] [info]  [RTCControlSocket(default)] Sending heartbeat with last received sequence number: 7
[2026-08-22 18:33:02.353] [info]  [RTCControlSocket(default)] Heartbeat ACK received
[2026-08-22 18:33:16.071] [info]  [RTCControlSocket(default)] Sending heartbeat with last received sequence number: 7
[2026-08-22 18:33:16.168] [info]  [RTCControlSocket(default)] Heartbeat ACK received
[2026-08-22 18:33:29.821] [info]  [RTCControlSocket(default)] Sending heartbeat with last received sequence number: 7
[2026-08-22 18:33:29.873] [info]  [RTCControlSocket(default)] Heartbeat ACK received
[2026-08-22 18:33:43.571] [info]  [RTCControlSocket(default)] Sending heartbeat with last received sequence number: 7
[2026-08-22 18:33:43.607] [info]  [RTCControlSocket(default)] Heartbeat ACK received
[2026-08-22 18:33:57.321] [info]  [RTCControlSocket(default)] Sending heartbeat with last received sequence number: 7
[2026-08-22 18:33:57.355] [info]  [RTCControlSocket(default)] Heartbeat ACK received
[2026-08-22 18:34:11.071] [info]  [RTCControlSocket(default)] Sending heartbeat with last received sequence number: 7
[2026-08-22 18:34:11.101] [info]  [RTCControlSocket(default)] Heartbeat ACK received
[2026-08-22 18:34:24.821] [info]  [RTCControlSocket(default)] Sending heartbeat with last received sequence number: 7
[2026-08-22 18:34:24.860] [info]  [RTCControlSocket(default)] Heartbeat ACK received
[2026-08-22 18:34:38.571] [info]  [RTCControlSocket(default)] Sending heartbeat with last received sequence number: 7
[2026-08-22 18:34:38.625] [info]  [RTCControlSocket(default)] Heartbeat ACK received
[2026-08-22 18:34:52.321] [info]  [RTCControlSocket(default)] Sending heartbeat with last received sequence number: 7
[2026-08-22 18:34:52.349] [info]  [RTCControlSocket(default)] Heartbeat ACK received
[2026-08-22 18:35:06.071] [info]  [RTCControlSocket(default)] Sending heartbeat with last received sequence number: 7
[2026-08-22 18:35:06.103] [info]  [RTCControlSocket(default)] Heartbeat ACK received
[2026-08-22 18:35:19.821] [info]  [RTCControlSocket(default)] Sending heartbeat with last received sequence number: 7
[2026-08-22 18:35:19.849] [info]  [RTCControlSocket(default)] Heartbeat ACK received
[2026-08-22 18:35:33.571] [info]  [RTCControlSocket(default)] Sending heartbeat with last received sequence number: 7
[2026-08-22 18:35:33.614] [info]  [RTCControlSocket(default)] Heartbeat ACK received
[2026-08-22 18:35:47.321] [info]  [RTCControlSocket(default)] Sending heartbeat with last received sequence number: 7
[2026-08-22 18:35:47.347] [info]  [RTCControlSocket(default)] Heartbeat ACK received
[2026-08-22 18:36:01.071] [info]  [RTCControlSocket(default)] Sending heartbeat with last received sequence number: 7
[2026-08-22 18:36:01.106] [info]  [RTCControlSocket(default)] Heartbeat ACK received
[2026-08-22 18:36:14.821] [info]  [RTCControlSocket(default)] Sending heartbeat with last received sequence number: 7
[2026-08-22 18:36:14.845] [info]  [RTCControlSocket(default)] Heartbeat ACK received
[2026-08-22 18:36:28.571] [info]  [RTCControlSocket(default)] Sending heartbeat with last received sequence number: 7
[2026-08-22 18:36:28.600] [info]  [RTCControlSocket(default)] Heartbeat ACK received
[2026-08-22 18:36:42.321] [info]  [RTCControlSocket(default)] Sending heartbeat with last received sequence number: 7
[2026-08-22 18:36:42.353] [info]  [RTCControlSocket(default)] Heartbeat ACK received
[2026-08-22 18:36:56.071] [info]  [RTCControlSocket(default)] Sending heartbeat with last received sequence number: 7
[2026-08-22 18:36:56.099] [info]  [RTCControlSocket(default)] Heartbeat ACK received
[2026-08-22 18:37:09.821] [info]  [RTCControlSocket(default)] Sending heartbeat with last received sequence number: 7
[2026-08-22 18:37:09.852] [info]  [RTCControlSocket(default)] Heartbeat ACK received
[2026-08-22 18:37:23.571] [info]  [RTCControlSocket(default)] Sending heartbeat with last received sequence number: 7
[2026-08-22 18:37:23.596] [info]  [RTCControlSocket(default)] Heartbeat ACK received
[2026-08-22 18:37:37.321] [info]  [RTCControlSocket(default)] Sending heartbeat with last received sequence number: 7
[2026-08-22 18:37:37.353] [info]  [RTCControlSocket(default)] Heartbeat ACK received
[2026-08-22 18:37:51.072] [info]  [RTCControlSocket(default)] Sending heartbeat with last received sequence number: 7
[2026-08-22 18:37:51.099] [info]  [RTCControlSocket(default)] Heartbeat ACK received
[2026-08-22 18:38:04.821] [info]  [RTCControlSocket(default)] Sending heartbeat with last received sequence number: 7
[2026-08-22 18:38:04.845] [info]  [RTCControlSocket(default)] Heartbeat ACK received
[2026-08-22 18:38:18.571] [info]  [RTCControlSocket(default)] Sending heartbeat with last received sequence number: 7
[2026-08-22 18:38:18.601] [info]  [RTCControlSocket(default)] Heartbeat ACK received
[2026-08-22 18:38:32.322] [info]  [RTCControlSocket(default)] Sending heartbeat with last received sequence number: 7
[2026-08-22 18:38:32.346] [info]  [RTCControlSocket(default)] Heartbeat ACK received
[2026-08-22 18:38:46.071] [info]  [RTCControlSocket(default)] Sending heartbeat with last received sequence number: 7
[2026-08-22 18:38:46.111] [info]  [RTCControlSocket(default)] Heartbeat ACK received
[2026-08-22 18:38:59.821] [info]  [RTCControlSocket(default)] Sending heartbeat with last received sequence number: 7
[2026-08-22 18:38:59.844] [info]  [RTCControlSocket(default)] Heartbeat ACK received
[2026-08-22 18:39:13.571] [info]  [RTCControlSocket(default)] Sending heartbeat with last received sequence number: 7
[2026-08-22 18:39:13.603] [info]  [RTCControlSocket(default)] Heartbeat ACK received
[2026-08-22 18:39:27.322] [info]  [RTCControlSocket(default)] Sending heartbeat with last received sequence number: 7
[2026-08-22 18:39:27.340] [info]  [RTCControlSocket(default)] Heartbeat ACK received
[2026-08-22 18:39:41.071] [info]  [RTCControlSocket(default)] Sending heartbeat with last received sequence number: 7
[2026-08-22 18:39:41.099] [info]  [RTCControlSocket(default)] Heartbeat ACK received
[2026-08-22 18:39:54.821] [info]  [RTCControlSocket(default)] Sending heartbeat with last received sequence number: 7
[2026-08-22 18:39:54.850] [info]  [RTCControlSocket(default)] Heartbeat ACK received
[2026-08-22 18:40:08.571] [info]  [RTCControlSocket(default)] Sending heartbeat with last received sequence number: 7
[2026-08-22 18:40:08.614] [info]  [RTCControlSocket(default)] Heartbeat ACK received
[2026-08-22 18:40:22.321] [info]  [RTCControlSocket(default)] Sending heartbeat with last received sequence number: 7
[2026-08-22 18:40:22.364] [info]  [RTCControlSocket(default)] Heartbeat ACK received
[2026-08-22 18:40:36.071] [info]  [RTCControlSocket(default)] Sending heartbeat with last received sequence number: 7
[2026-08-22 18:40:36.106] [info]  [RTCControlSocket(default)] Heartbeat ACK received
[2026-08-22 18:40:49.821] [info]  [RTCControlSocket(default)] Sending heartbeat with last received sequence number: 7
[2026-08-22 18:40:49.853] [info]  [RTCControlSocket(default)] Heartbeat ACK received
[2026-08-22 18:41:03.571] [info]  [RTCControlSocket(default)] Sending heartbeat with last received sequence number: 7
[2026-08-22 18:41:03.613] [info]  [RTCControlSocket(default)] Heartbeat ACK received
[2026-08-22 18:41:17.322] [info]  [RTCControlSocket(default)] Sending heartbeat with last received sequence number: 7
[2026-08-22 18:41:17.351] [info]  [RTCControlSocket(default)] Heartbeat ACK received
[2026-08-22 18:41:31.071] [info]  [RTCControlSocket(default)] Sending heartbeat with last received sequence number: 7
[2026-08-22 18:41:31.112] [info]  [RTCControlSocket(default)] Heartbeat ACK received
[2026-08-22 18:41:44.821] [info]  [RTCControlSocket(default)] Sending heartbeat with last received sequence number: 7
[2026-08-22 18:41:44.853] [info]  [RTCControlSocket(default)] Heartbeat ACK received
[2026-08-22 18:41:58.572] [info]  [RTCControlSocket(default)] Sending heartbeat with last received sequence number: 7
[2026-08-22 18:41:58.609] [info]  [RTCControlSocket(default)] Heartbeat ACK received
[2026-08-22 18:42:12.321] [info]  [RTCControlSocket(default)] Sending heartbeat with last received sequence number: 7
[2026-08-22 18:42:12.354] [info]  [RTCControlSocket(default)] Heartbeat ACK received
[2026-08-22 18:42:26.071] [info]  [RTCControlSocket(default)] Sending heartbeat with last received sequence number: 7
[2026-08-22 18:42:26.101] [info]  [RTCControlSocket(default)] Heartbeat ACK received
[2026-08-22 18:42:39.821] [info]  [RTCControlSocket(default)] Sending heartbeat with last received sequence number: 7
[2026-08-22 18:42:39.850] [info]  [RTCControlSocket(default)] Heartbeat ACK received
[2026-08-22 18:42:53.571] [info]  [RTCControlSocket(default)] Sending heartbeat with last received sequence number: 7
[2026-08-22 18:42:53.606] [info]  [RTCControlSocket(default)] Heartbeat ACK received
[2026-08-22 18:43:07.322] [info]  [RTCControlSocket(default)] Sending heartbeat with last received sequence number: 7
[2026-08-22 18:43:07.356] [info]  [RTCControlSocket(default)] Heartbeat ACK received
[2026-08-22 18:43:21.072] [info]  [RTCControlSocket(default)] Sending heartbeat with last received sequence number: 7
[2026-08-22 18:43:21.113] [info]  [RTCControlSocket(default)] Heartbeat ACK received
[2026-08-22 18:43:34.821] [info]  [RTCControlSocket(default)] Sending heartbeat with last received sequence number: 7
[2026-08-22 18:43:34.853] [info]  [RTCControlSocket(default)] Heartbeat ACK received
[2026-08-22 18:43:48.571] [info]  [RTCControlSocket(default)] Sending heartbeat with last received sequence number: 7
[2026-08-22 18:43:48.604] [info]  [RTCControlSocket(default)] Heartbeat ACK received
[2026-08-22 18:44:02.321] [info]  [RTCControlSocket(default)] Sending heartbeat with last received sequence number: 7
[2026-08-22 18:44:02.360] [info]  [RTCControlSocket(default)] Heartbeat ACK received
[2026-08-22 18:44:16.072] [info]  [RTCControlSocket(default)] Sending heartbeat with last received sequence number: 7
[2026-08-22 18:44:16.098] [info]  [RTCControlSocket(default)] Heartbeat ACK received
[2026-08-22 18:44:29.821] [info]  [RTCControlSocket(default)] Sending heartbeat with last received sequence number: 7
[2026-08-22 18:44:29.848] [info]  [RTCControlSocket(default)] Heartbeat ACK received
[2026-08-22 18:44:43.571] [info]  [RTCControlSocket(default)] Sending heartbeat with last received sequence number: 7
[2026-08-22 18:44:43.601] [info]  [RTCControlSocket(default)] Heartbeat ACK received
[2026-08-22 18:44:57.321] [info]  [RTCControlSocket(default)] Sending heartbeat with last received sequence number: 7
[2026-08-22 18:44:57.362] [info]  [RTCControlSocket(default)] Heartbeat ACK received
[2026-08-22 18:45:11.071] [info]  [RTCControlSocket(default)] Sending heartbeat with last received sequence number: 7
[2026-08-22 18:45:11.115] [info]  [RTCControlSocket(default)] Heartbeat ACK received
[2026-08-22 18:45:24.822] [info]  [RTCControlSocket(default)] Sending heartbeat with last received sequence number: 7
[2026-08-22 18:45:24.843] [info]  [RTCControlSocket(default)] Heartbeat ACK received
[2026-08-22 18:45:38.571] [info]  [RTCControlSocket(default)] Sending heartbeat with last received sequence number: 7
[2026-08-22 18:45:38.596] [info]  [RTCControlSocket(default)] Heartbeat ACK received
[2026-08-22 18:45:52.321] [info]  [RTCControlSocket(default)] Sending heartbeat with last received sequence number: 7
[2026-08-22 18:45:52.351] [info]  [RTCControlSocket(default)] Heartbeat ACK received
[2026-08-22 18:46:06.072] [info]  [RTCControlSocket(default)] Sending heartbeat with last received sequence number: 7
[2026-08-22 18:46:06.095] [info]  [RTCControlSocket(default)] Heartbeat ACK received
[2026-08-22 18:46:19.821] [info]  [RTCControlSocket(default)] Sending heartbeat with last received sequence number: 7
[2026-08-22 18:46:19.887] [info]  [RTCControlSocket(default)] Heartbeat ACK received
[2026-08-22 18:46:33.572] [info]  [RTCControlSocket(default)] Sending heartbeat with last received sequence number: 7
[2026-08-22 18:46:33.614] [info]  [RTCControlSocket(default)] Heartbeat ACK received
[2026-08-22 18:46:47.321] [info]  [RTCControlSocket(default)] Sending heartbeat with last received sequence number: 7
[2026-08-22 18:46:47.354] [info]  [RTCControlSocket(default)] Heartbeat ACK received
[2026-08-22 18:47:01.071] [info]  [RTCControlSocket(default)] Sending heartbeat with last received sequence number: 7
[2026-08-22 18:47:01.116] [info]  [RTCControlSocket(default)] Heartbeat ACK received
[2026-08-22 18:47:14.821] [info]  [RTCControlSocket(default)] Sending heartbeat with last received sequence number: 7
[2026-08-22 18:47:14.851] [info]  [RTCControlSocket(default)] Heartbeat ACK received
[2026-08-22 18:47:28.571] [info]  [RTCControlSocket(default)] Sending heartbeat with last received sequence number: 7
[2026-08-22 18:47:28.614] [info]  [RTCControlSocket(default)] Heartbeat ACK received
[2026-08-22 18:47:42.321] [info]  [RTCControlSocket(default)] Sending heartbeat with last received sequence number: 7
[2026-08-22 18:47:42.351] [info]  [RTCControlSocket(default)] Heartbeat ACK received
[2026-08-22 18:47:56.071] [info]  [RTCControlSocket(default)] Sending heartbeat with last received sequence number: 7
[2026-08-22 18:47:56.108] [info]  [RTCControlSocket(default)] Heartbeat ACK received
[2026-08-22 18:48:09.821] [info]  [RTCControlSocket(default)] Sending heartbeat with last received sequence number: 7
[2026-08-22 18:48:09.862] [info]  [RTCControlSocket(default)] Heartbeat ACK received
[2026-08-22 18:48:23.571] [info]  [RTCControlSocket(default)] Sending heartbeat with last received sequence number: 7
[2026-08-22 18:48:23.598] [info]  [RTCControlSocket(default)] Heartbeat ACK received
[2026-08-22 18:48:37.321] [info]  [RTCControlSocket(default)] Sending heartbeat with last received sequence number: 7
[2026-08-22 18:48:37.351] [info]  [RTCControlSocket(default)] Heartbeat ACK received
[2026-08-22 18:48:51.072] [info]  [RTCControlSocket(default)] Sending heartbeat with last received sequence number: 7
[2026-08-22 18:48:51.140] [info]  [RTCControlSocket(default)] Heartbeat ACK received
[2026-08-22 18:49:04.821] [info]  [RTCControlSocket(default)] Sending heartbeat with last received sequence number: 7
[2026-08-22 18:49:04.882] [info]  [RTCControlSocket(default)] Heartbeat ACK received
[2026-08-22 18:49:18.571] [info]  [RTCControlSocket(default)] Sending heartbeat with last received sequence number: 7
[2026-08-22 18:49:18.618] [info]  [RTCControlSocket(default)] Heartbeat ACK received
[2026-08-22 18:49:32.321] [info]  [RTCControlSocket(default)] Sending heartbeat with last received sequence number: 7
[2026-08-22 18:49:32.366] [info]  [RTCControlSocket(default)] Heartbeat ACK received
[2026-08-22 18:49:46.071] [info]  [RTCControlSocket(default)] Sending heartbeat with last received sequence number: 7
[2026-08-22 18:49:46.116] [info]  [RTCControlSocket(default)] Heartbeat ACK received
[2026-08-22 18:49:59.821] [info]  [RTCControlSocket(default)] Sending heartbeat with last received sequence number: 7
[2026-08-22 18:49:59.857] [info]  [RTCControlSocket(default)] Heartbeat ACK received
[2026-08-22 18:50:13.571] [info]  [RTCControlSocket(default)] Sending heartbeat with last received sequence number: 7
[2026-08-22 18:50:13.610] [info]  [RTCControlSocket(default)] Heartbeat ACK received
[2026-08-22 18:50:27.321] [info]  [RTCControlSocket(default)] Sending heartbeat with last received sequence number: 7
[2026-08-22 18:50:27.366] [info]  [RTCControlSocket(default)] Heartbeat ACK received
[2026-08-22 18:50:41.071] [info]  [RTCControlSocket(default)] Sending heartbeat with last received sequence number: 7
[2026-08-22 18:50:41.109] [info]  [RTCControlSocket(default)] Heartbeat ACK received
[2026-08-22 18:50:54.821] [info]  [RTCControlSocket(default)] Sending heartbeat with last received sequence number: 7
[2026-08-22 18:50:54.857] [info]  [RTCControlSocket(default)] Heartbeat ACK received
[2026-08-22 18:51:08.571] [info]  [RTCControlSocket(default)] Sending heartbeat with last received sequence number: 7
[2026-08-22 18:51:08.606] [info]  [RTCControlSocket(default)] Heartbeat ACK received
[2026-08-22 18:51:22.322] [info]  [RTCControlSocket(default)] Sending heartbeat with last received sequence number: 7
[2026-08-22 18:51:22.353] [info]  [RTCControlSocket(default)] Heartbeat ACK received
[2026-08-22 18:51:36.071] [info]  [RTCControlSocket(default)] Sending heartbeat with last received sequence number: 7
[2026-08-22 18:51:36.108] [info]  [RTCControlSocket(default)] Heartbeat ACK received
[2026-08-22 18:51:49.821] [info]  [RTCControlSocket(default)] Sending heartbeat with last received sequence number: 7
[2026-08-22 18:51:49.857] [info]  [RTCControlSocket(default)] Heartbeat ACK received
[2026-08-22 18:52:03.571] [info]  [RTCControlSocket(default)] Sending heartbeat with last received sequence number: 7
[2026-08-22 18:52:03.607] [info]  [RTCControlSocket(default)] Heartbeat ACK received
[2026-08-22 18:52:17.322] [info]  [RTCControlSocket(default)] Sending heartbeat with last received sequence number: 7
[2026-08-22 18:52:17.411] [info]  [RTCControlSocket(default)] Heartbeat ACK received
[2026-08-22 18:52:31.072] [info]  [RTCControlSocket(default)] Sending heartbeat with last received sequence number: 7
[2026-08-22 18:52:31.141] [info]  [RTCControlSocket(default)] Heartbeat ACK received
[2026-08-22 18:52:44.821] [info]  [RTCControlSocket(default)] Sending heartbeat with last received sequence number: 7
[2026-08-22 18:52:44.853] [info]  [RTCControlSocket(default)] Heartbeat ACK received
[2026-08-22 18:52:58.571] [info]  [RTCControlSocket(default)] Sending heartbeat with last received sequence number: 7
[2026-08-22 18:52:58.602] [info]  [RTCControlSocket(default)] Heartbeat ACK received
[2026-08-22 18:53:12.321] [info]  [RTCControlSocket(default)] Sending heartbeat with last received sequence number: 7
[2026-08-22 18:53:12.541] [info]  [RTCControlSocket(default)] Heartbeat ACK received
[2026-08-22 18:53:26.071] [info]  [RTCControlSocket(default)] Sending heartbeat with last received sequence number: 7
[2026-08-22 18:53:26.102] [info]  [RTCControlSocket(default)] Heartbeat ACK received
[2026-08-22 18:53:39.822] [info]  [RTCControlSocket(default)] Sending heartbeat with last received sequence number: 7
[2026-08-22 18:53:39.888] [info]  [RTCControlSocket(default)] Heartbeat ACK received
[2026-08-22 18:53:53.571] [info]  [RTCControlSocket(default)] Sending heartbeat with last received sequence number: 7
[2026-08-22 18:53:53.620] [info]  [RTCControlSocket(default)] Heartbeat ACK received
[2026-08-22 18:54:07.322] [info]  [RTCControlSocket(default)] Sending heartbeat with last received sequence number: 7
[2026-08-22 18:54:07.353] [info]  [RTCControlSocket(default)] Heartbeat ACK received
[2026-08-22 18:54:21.071] [info]  [RTCControlSocket(default)] Sending heartbeat with last received sequence number: 7
[2026-08-22 18:54:21.098] [info]  [RTCControlSocket(default)] Heartbeat ACK received
[2026-08-22 18:54:34.821] [info]  [RTCControlSocket(default)] Sending heartbeat with last received sequence number: 7
[2026-08-22 18:54:34.883] [info]  [RTCControlSocket(default)] Heartbeat ACK received
[2026-08-22 18:54:48.571] [info]  [RTCControlSocket(default)] Sending heartbeat with last received sequence number: 7
[2026-08-22 18:54:48.619] [info]  [RTCControlSocket(default)] Heartbeat ACK received
[2026-08-22 18:55:02.321] [info]  [RTCControlSocket(default)] Sending heartbeat with last received sequence number: 7
[2026-08-22 18:55:02.352] [info]  [RTCControlSocket(default)] Heartbeat ACK received
[2026-08-22 18:55:16.071] [info]  [RTCControlSocket(default)] Sending heartbeat with last received sequence number: 7
[2026-08-22 18:55:16.585] [info]  [RTCControlSocket(default)] Heartbeat ACK received
[2026-08-22 18:55:29.821] [info]  [RTCControlSocket(default)] Sending heartbeat with last received sequence number: 7
[2026-08-22 18:55:29.867] [info]  [RTCControlSocket(default)] Heartbeat ACK received
[2026-08-22 18:55:43.571] [info]  [RTCControlSocket(default)] Sending heartbeat with last received sequence number: 7
[2026-08-22 18:55:43.603] [info]  [RTCControlSocket(default)] Heartbeat ACK received
[2026-08-22 18:55:57.321] [info]  [RTCControlSocket(default)] Sending heartbeat with last received sequence number: 7
[2026-08-22 18:55:57.358] [info]  [RTCControlSocket(default)] Heartbeat ACK received
[2026-08-22 18:56:11.071] [info]  [RTCControlSocket(default)] Sending heartbeat with last received sequence number: 7
[2026-08-22 18:56:11.100] [info]  [RTCControlSocket(default)] Heartbeat ACK received
[2026-08-22 18:56:24.821] [info]  [RTCControlSocket(default)] Sending heartbeat with last received sequence number: 7
[2026-08-22 18:56:24.860] [info]  [RTCControlSocket(default)] Heartbeat ACK received
[2026-08-22 18:56:38.572] [info]  [RTCControlSocket(default)] Sending heartbeat with last received sequence number: 7
[2026-08-22 18:56:38.600] [info]  [RTCControlSocket(default)] Heartbeat ACK received
[2026-08-22 18:56:52.321] [info]  [RTCControlSocket(default)] Sending heartbeat with last received sequence number: 7
[2026-08-22 18:56:52.364] [info]  [RTCControlSocket(default)] Heartbeat ACK received
[2026-08-22 18:57:06.071] [info]  [RTCControlSocket(default)] Sending heartbeat with last received sequence number: 7
[2026-08-22 18:57:06.095] [info]  [RTCControlSocket(default)] Heartbeat ACK received
[2026-08-22 18:57:19.821] [info]  [RTCControlSocket(default)] Sending heartbeat with last received sequence number: 7
[2026-08-22 18:57:19.850] [info]  [RTCControlSocket(default)] Heartbeat ACK received
[2026-08-22 18:57:33.571] [info]  [RTCControlSocket(default)] Sending heartbeat with last received sequence number: 7
[2026-08-22 18:57:33.597] [info]  [RTCControlSocket(default)] Heartbeat ACK received
[2026-08-22 18:57:47.321] [info]  [RTCControlSocket(default)] Sending heartbeat with last received sequence number: 7
[2026-08-22 18:57:47.368] [info]  [RTCControlSocket(default)] Heartbeat ACK received
[2026-08-22 18:58:01.071] [info]  [RTCControlSocket(default)] Sending heartbeat with last received sequence number: 7
[2026-08-22 18:58:01.101] [info]  [RTCControlSocket(default)] Heartbeat ACK received
[2026-08-22 18:58:14.821] [info]  [RTCControlSocket(default)] Sending heartbeat with last received sequence number: 7
[2026-08-22 18:58:14.858] [info]  [RTCControlSocket(default)] Heartbeat ACK received
[2026-08-22 18:58:28.571] [info]  [RTCControlSocket(default)] Sending heartbeat with last received sequence number: 7
[2026-08-22 18:58:28.598] [info]  [RTCControlSocket(default)] Heartbeat ACK received
[2026-08-22 18:58:42.321] [info]  [RTCControlSocket(default)] Sending heartbeat with last received sequence number: 7
[2026-08-22 18:58:42.364] [info]  [RTCControlSocket(default)] Heartbeat ACK received
[2026-08-22 18:58:56.071] [info]  [RTCControlSocket(default)] Sending heartbeat with last received sequence number: 7
[2026-08-22 18:58:56.098] [info]  [RTCControlSocket(default)] Heartbeat ACK received
[2026-08-22 18:59:09.821] [info]  [RTCControlSocket(default)] Sending heartbeat with last received sequence number: 7
[2026-08-22 18:59:09.866] [info]  [RTCControlSocket(default)] Heartbeat ACK received
[2026-08-22 18:59:23.571] [info]  [RTCControlSocket(default)] Sending heartbeat with last received sequence number: 7
[2026-08-22 18:59:23.606] [info]  [RTCControlSocket(default)] Heartbeat ACK received
[2026-08-22 18:59:37.322] [info]  [RTCControlSocket(default)] Sending heartbeat with last received sequence number: 7
[2026-08-22 18:59:37.351] [info]  [RTCControlSocket(default)] Heartbeat ACK received
[2026-08-22 18:59:51.071] [info]  [RTCControlSocket(default)] Sending heartbeat with last received sequence number: 7
[2026-08-22 18:59:51.118] [info]  [RTCControlSocket(default)] Heartbeat ACK received
[2026-08-22 19:00:04.821] [info]  [RTCControlSocket(default)] Sending heartbeat with last received sequence number: 7
[2026-08-22 19:00:04.859] [info]  [RTCControlSocket(default)] Heartbeat ACK received
[2026-08-22 19:00:18.571] [info]  [RTCControlSocket(default)] Sending heartbeat with last received sequence number: 7
[2026-08-22 19:00:18.604] [info]  [RTCControlSocket(default)] Heartbeat ACK received
[2026-08-22 19:00:32.324] [info]  [RTCControlSocket(default)] Sending heartbeat with last received sequence number: 7
[2026-08-22 19:00:32.352] [info]  [RTCControlSocket(default)] Heartbeat ACK received
[2026-08-22 19:00:46.071] [info]  [RTCControlSocket(default)] Sending heartbeat with last received sequence number: 7
[2026-08-22 19:00:46.115] [info]  [RTCControlSocket(default)] Heartbeat ACK received
[2026-08-22 19:00:59.821] [info]  [RTCControlSocket(default)] Sending heartbeat with last received sequence number: 7
[2026-08-22 19:00:59.850] [info]  [RTCControlSocket(default)] Heartbeat ACK received
[2026-08-22 19:01:13.571] [info]  [RTCControlSocket(default)] Sending heartbeat with last received sequence number: 7
[2026-08-22 19:01:13.599] [info]  [RTCControlSocket(default)] Heartbeat ACK received
[2026-08-22 19:01:27.321] [info]  [RTCControlSocket(default)] Sending heartbeat with last received sequence number: 7
[2026-08-22 19:01:27.365] [info]  [RTCControlSocket(default)] Heartbeat ACK received
[2026-08-22 19:01:41.071] [info]  [RTCControlSocket(default)] Sending heartbeat with last received sequence number: 7
[2026-08-22 19:01:41.098] [info]  [RTCControlSocket(default)] Heartbeat ACK received
[2026-08-22 19:01:54.821] [info]  [RTCControlSocket(default)] Sending heartbeat with last received sequence number: 7
[2026-08-22 19:01:54.879] [info]  [RTCControlSocket(default)] Heartbeat ACK received
[2026-08-22 19:02:08.571] [info]  [RTCControlSocket(default)] Sending heartbeat with last received sequence number: 7
[2026-08-22 19:02:08.617] [info]  [RTCControlSocket(default)] Heartbeat ACK received
[2026-08-22 19:02:12.368] [info]  [discord_protos.discord_users.v1.FrecencyUserSettings] Scheduling save from markDirty
[2026-08-22 19:02:12.368] [info]  [discord_protos.discord_users.v1.FrecencyUserSettings] Persisting proto
[2026-08-22 19:02:22.321] [info]  [RTCControlSocket(default)] Sending heartbeat with last received sequence number: 7
[2026-08-22 19:02:22.360] [info]  [RTCControlSocket(default)] Heartbeat ACK received
[2026-08-22 19:02:36.071] [info]  [RTCControlSocket(default)] Sending heartbeat with last received sequence number: 7
[2026-08-22 19:02:36.101] [info]  [RTCControlSocket(default)] Heartbeat ACK received
[2026-08-22 19:02:49.646] [warn]  AnalyticsTrackImpressionContext function unimplemented
[2026-08-22 19:02:49.675] [warn]  AnalyticsTrackImpressionContext function unimplemented
[2026-08-22 19:02:49.690] [error] Could not find a View Model linked to Artboard BaseGlowRemapped.
[2026-08-22 19:02:49.691] [error] Could not find a View Model linked to Artboard BaseGlowRemapped.
[2026-08-22 19:02:49.691] [warn]  AnalyticsTrackImpressionContext function unimplemented
[2026-08-22 19:02:49.725] [warn]  AnalyticsTrackImpressionContext function unimplemented
[2026-08-22 19:02:49.821] [info]  [RTCControlSocket(default)] Sending heartbeat with last received sequence number: 7
[2026-08-22 19:02:49.861] [info]  [RTCControlSocket(default)] Heartbeat ACK received
[2026-08-22 19:02:49.946] [warn]  AnalyticsTrackImpressionContext function unimplemented
[2026-08-22 19:02:50.681] [warn]  AnalyticsTrackImpressionContext function unimplemented
[2026-08-22 19:02:51.681] [warn]  AnalyticsTrackImpressionContext function unimplemented
[2026-08-22 19:02:51.729] [warn]  AnalyticsTrackImpressionContext function unimplemented
[2026-08-22 19:02:52.682] [warn]  AnalyticsTrackImpressionContext function unimplemented
[2026-08-22 19:02:53.683] [warn]  AnalyticsTrackImpressionContext function unimplemented
[2026-08-22 19:02:54.683] [warn]  AnalyticsTrackImpressionContext function unimplemented
[2026-08-22 19:02:54.764] [info]  [startStreamWithSource] Starting stream for source id prepicked:screen and name A window, screen, or app and pid null
[2026-08-22 19:02:54.776] [info]  [discord_protos.discord_users.v1.PreloadedUserSettings] Updating notifications with delay 0
[2026-08-22 19:02:54.781] [info]  [discord_protos.discord_users.v1.PreloadedUserSettings] Scheduling save from markDirty
[2026-08-22 19:02:54.781] [info]  [discord_protos.discord_users.v1.PreloadedUserSettings] Updating voiceAndVideo with delay 0
[2026-08-22 19:02:54.801] [warn]  AnalyticsTrackImpressionContext function unimplemented
[2026-08-22 19:02:54.881] [info]  [discord_protos.discord_users.v1.PreloadedUserSettings] Persisting proto
[2026-08-22 19:02:54.883] [error] Could not find a View Model linked to Artboard BaseGlowRemapped.
[2026-08-22 19:02:54.884] [error] Could not find a View Model linked to Artboard BaseGlowRemapped.
[2026-08-22 19:02:54.985] [info]  [RTCConnection(1330421763812626466, default)] Updating channel: 1330421763812626466(1)
[2026-08-22 19:02:55.015] [info]  [StreamTile] Stream Tile State - activeStream: true | selected: false | Video: true | MediaEngine: true
[2026-08-22 19:02:55.016] [info]  [StreamTile] Stream Tile State - activeStream: true | selected: true | Video: true | MediaEngine: true
[2026-08-22 19:02:55.090] [info]  [RTCControlSocket(stream)] [CONNECT] wss://c-lax11-419fb057.discord.media:2083/
[2026-08-22 19:02:55.090] [info]  [RTCConnection(1540904136890126346, stream)] Connecting to RTC server wss://c-lax11-419fb057.discord.media:2083/, rtc-connection-id: a5ad8daa-828b-4611-9843-8ad6ddf5a98a, channel: 1330421763812626466(1)
[2026-08-22 19:02:55.090] [info]  [RTCConnection(1540904136890126346, stream)] RTC connection state: AWAITING_ENDPOINT => CONNECTING
[2026-08-22 19:02:55.349] [info]  [RTCConnection(1540904136890126346, stream)] Connected to RTC server.
[2026-08-22 19:02:55.349] [info]  [RTCControlSocket(stream)] [CONNECTED] wss://c-lax11-419fb057.discord.media:2083/ in 259 ms
[2026-08-22 19:02:55.349] [info]  [RTCConnection(1540904136890126346, stream)] RTC connection state: CONNECTING => AUTHENTICATING
[2026-08-22 19:02:55.350] [info]  [RTCControlSocket(stream)] [HELLO] heartbeat interval: 13750, version: 8, took 260 ms
[2026-08-22 19:02:55.350] [info]  [RTCControlSocket(stream)] Starting heartbeat with interval: 13750
[2026-08-22 19:02:55.377] [info]  [RTCControlSocket(stream)] [READY] took 287 ms
[2026-08-22 19:02:55.377] [info]  [RTCConnection(1540904136890126346, stream)] RTC connection state: AUTHENTICATING => RTC_CONNECTING
[2026-08-22 19:02:55.378] [info]  [Connection(stream)] Creating connection to 104.29.152.85:19312 with audio ssrc: 12109
[2026-08-22 19:02:55.415] [info]  [Connection(stream)] Connected with local address 172.56.210.146:4551 and protocol: udp
[2026-08-22 19:02:55.416] [info]  [Connection(stream)] Available engine codecs: "[{\"codec\":\"AV1\",\"decode\":true,\"encode\":false},{\"codec\":\"H264\",\"decode\":true,\"encode\":true},{\"codec\":\"VP8\",\"decode\":true,\"encode\":true}]\n"
[2026-08-22 19:02:55.416] [info]  [Connection(stream)] Experimental codecs: [{"name":"AV1","encode":false,"decode":true},{"name":"H265","encode":true,"decode":true}]
[2026-08-22 19:02:55.416] [info]  [Connection(stream)] Audio codecs: opus
[2026-08-22 19:02:55.416] [info]  [Connection(stream)] Video codecs: AV1[encode: false, decode: true],H264[encode: true, decode: true],VP8[encode: true, decode: true]
[2026-08-22 19:02:55.416] [info]  [Connection(stream)] Encryption modes: aead_aes256_gcm_rtpsize,aead_aes256_gcm,aead_xchacha20_poly1305_rtpsize,xsalsa20_poly1305_lite_rtpsize,xsalsa20_poly1305_lite,xsalsa20_poly1305_suffix,xsalsa20_poly1305
[2026-08-22 19:02:55.416] [info]  [Connection(stream)] Connection state change: CONNECTING => CONNECTED
[2026-08-22 19:02:55.416] [info]  [RTCConnection(1540904136890126346, stream)] RTC media connection state change: RTC_CONNECTING => CONNECTED
[2026-08-22 19:02:55.416] [info]  [RTCConnection(1540904136890126346, stream)] RTC connection state: RTC_CONNECTING => RTC_CONNECTED
[2026-08-22 19:02:55.416] [info]  [Connection(stream)] capturing desktop (type: prepicked, handle: screen, use-video-hook: false, use-graphics-capture: false, use-graphics-capture-api-level: 0, use-capture-device-for-encode: false).
[2026-08-22 19:02:55.417] [info]  [RTCConnection(1540904136890126346, stream)] RTC connected to media server: 104.29.152.85:19312
[2026-08-22 19:02:55.418] [info]  [RTCConnection(1540904136890126346, stream)] Sending UDP info to RTC server. [object Object] fixed_keyframe_interval
[2026-08-22 19:02:55.418] [info]  [Connection(stream)] Creating user: 1312221304283467830 with audio SSRC: 0 and video SSRCs: 
[2026-08-22 19:02:55.455] [info]  [RTCConnection(1540904136890126346, stream)] Setting media-session-id: f8865aa5b2d14f96f723592e9887d642 for rtc-connection-id: a5ad8daa-828b-4611-9843-8ad6ddf5a98a
[2026-08-22 19:02:55.455] [info]  [Connection(stream)] Selected encryption mode: aead_aes256_gcm_rtpsize
[2026-08-22 19:02:55.456] [info]  [RTCConnection(1540904136890126346, stream)] DAVE protocol init with protocol version: 1
[2026-08-22 19:02:55.456] [info]  [Connection(stream)] DAVE protocol state update: {"version":1,"epochAuthenticator":""}
[2026-08-22 19:02:55.457] [info]  [RTCConnection(1540904136890126346, stream)] Remote media sink wants: {"pixelCounts":{"12110":0},"any":100}
[2026-08-22 19:02:55.457] [info]  [RTCConnection(1540904136890126346, stream)] Received MLS external sender package
[2026-08-22 19:02:55.461] [info]  [RTCConnection(1540904136890126346, stream)] Got MLS key package, sending to RTC server
[2026-08-22 19:02:55.462] [info]  [RTCControlSocket(stream)] Sending MLS key package
[2026-08-22 19:02:55.473] [info]  [RTCConnection(1540904136890126346, stream)] Remote media sink wants: {"pixelCounts":{"12110":0},"any":100}
[2026-08-22 19:02:55.499] [info]  [RTCConnection(1540904136890126346, stream)] Remote media sink wants: {"pixelCounts":{"12110":0},"any":100}
[2026-08-22 19:02:55.511] [info]  [Connection(stream)] Ignoring attempt to recreate user 1312221304283467830 with 0 audio SSRC
[2026-08-22 19:02:55.657] [info]  [RTCConnection(1540904136890126346, stream)] Remote media sink wants: {"12110":100,"pixelCounts":{"12110":0},"any":100}
[2026-08-22 19:02:55.663] [info]  [DirectVideo] create video element for 14, readyState=0
[2026-08-22 19:02:55.664] [info]  [DirectVideo] attaching srcObject for 14
[2026-08-22 19:02:55.664] [info]  Subscribing to direct frames for streamId 14
[2026-08-22 19:02:55.696] [info]  [DirectVideo] handleReady for 14, have onReady callback = true
[2026-08-22 19:02:55.697] [info]  [VideoStream] spinner visible for 33 ms
      [self_stream, count for stream: 1]
[2026-08-22 19:02:55.699] [info]  [RTCConnection(1540904136890126346, stream)] Received MLS proposals
[2026-08-22 19:02:55.700] [info]  [RTCConnection(1540904136890126346, stream)] Sending MLS commit welcome message
[2026-08-22 19:02:55.700] [info]  [RTCControlSocket(stream)] Sending MLS commit + welcome message
[2026-08-22 19:02:55.700] [info]  [RTCConnection(1540904136890126346, stream)] Received MLS welcome for transition ID 0
[2026-08-22 19:02:55.701] [info]  [Connection(stream)] DAVE protocol state update: {"version":1,"epochAuthenticator":"V2TCuMzFFVIG5h6Vuqjq8eWpl9ZdAR+iMPA56jumVU0="}
[2026-08-22 19:02:56.157] [info]  Subscribing to frames for streamId 14
[2026-08-22 19:02:56.160] [info]  Unsubscribing from frames for streamId 14
[2026-08-22 19:02:56.201] [info]  Unsubscribing from direct frames for streamId 14
[2026-08-22 19:02:56.524] [info]  [RTCConnection(1540904136890126346, stream)] Remote media sink wants: {"12110":100,"pixelCounts":{"12110":1279680},"any":100}
[2026-08-22 19:02:56.919] [info]  [InputWatcher] Silence: false
[2026-08-22 19:02:57.623] [info]  [RTCConnection(1540904136890126346, stream)] Remote media sink wants: {"12110":100,"pixelCounts":{"12110":2375016},"any":100}
[2026-08-22 19:02:59.986] [info]  [StreamTile] Stream Tile State - activeStream: true | selected: false | Video: true | MediaEngine: true
[2026-08-22 19:02:59.987] [info]  [StreamTile] Stream Tile State - activeStream: true | selected: true | Video: true | MediaEngine: true
[2026-08-22 19:03:03.571] [info]  [RTCControlSocket(default)] Sending heartbeat with last received sequence number: 7
[2026-08-22 19:03:03.620] [info]  [RTCControlSocket(default)] Heartbeat ACK received
[2026-08-22 19:03:09.100] [info]  [RTCControlSocket(stream)] Sending heartbeat with last received sequence number: 14
[2026-08-22 19:03:09.154] [info]  [RTCControlSocket(stream)] Heartbeat ACK received
[2026-08-22 19:03:17.321] [info]  [RTCControlSocket(default)] Sending heartbeat with last received sequence number: 7
[2026-08-22 19:03:17.360] [info]  [RTCControlSocket(default)] Heartbeat ACK received
[2026-08-22 19:03:22.850] [info]  [RTCControlSocket(stream)] Sending heartbeat with last received sequence number: 14
[2026-08-22 19:03:22.883] [info]  [RTCControlSocket(stream)] Heartbeat ACK received
[2026-08-22 19:03:31.071] [info]  [RTCControlSocket(default)] Sending heartbeat with last received sequence number: 7
[2026-08-22 19:03:31.096] [info]  [RTCControlSocket(default)] Heartbeat ACK received
[2026-08-22 19:03:36.600] [info]  [RTCControlSocket(stream)] Sending heartbeat with last received sequence number: 14
[2026-08-22 19:03:36.629] [info]  [RTCControlSocket(stream)] Heartbeat ACK received
[2026-08-22 19:03:37.346] [info]  [RTCConnection(1540904136890126346, stream)] Remote media sink wants: {"12110":100,"pixelCounts":{"12110":1279680},"any":100}
[2026-08-22 19:03:39.550] [info]  [RTCConnection(1540904136890126346, stream)] Remote media sink wants: {"12110":100,"pixelCounts":{"12110":2375016},"any":100}
[2026-08-22 19:03:44.821] [info]  [RTCControlSocket(default)] Sending heartbeat with last received sequence number: 7
[2026-08-22 19:03:44.859] [info]  [RTCControlSocket(default)] Heartbeat ACK received
[2026-08-22 19:03:50.350] [info]  [RTCControlSocket(stream)] Sending heartbeat with last received sequence number: 16
[2026-08-22 19:03:50.541] [info]  [RTCControlSocket(stream)] Heartbeat ACK received
[2026-08-22 19:03:58.571] [info]  [RTCControlSocket(default)] Sending heartbeat with last received sequence number: 7
[2026-08-22 19:03:58.613] [info]  [RTCControlSocket(default)] Heartbeat ACK received
[2026-08-22 19:04:04.100] [info]  [RTCControlSocket(stream)] Sending heartbeat with last received sequence number: 16
[2026-08-22 19:04:04.143] [info]  [RTCControlSocket(stream)] Heartbeat ACK received
[2026-08-22 19:04:12.321] [info]  [RTCControlSocket(default)] Sending heartbeat with last received sequence number: 7
[2026-08-22 19:04:12.351] [info]  [RTCControlSocket(default)] Heartbeat ACK received
[2026-08-22 19:04:17.850] [info]  [RTCControlSocket(stream)] Sending heartbeat with last received sequence number: 16
[2026-08-22 19:04:17.899] [info]  [RTCControlSocket(stream)] Heartbeat ACK received
[2026-08-22 19:04:26.071] [info]  [RTCControlSocket(default)] Sending heartbeat with last received sequence number: 7
[2026-08-22 19:04:26.116] [info]  [RTCControlSocket(default)] Heartbeat ACK received
[2026-08-22 19:04:31.600] [info]  [RTCControlSocket(stream)] Sending heartbeat with last received sequence number: 16
[2026-08-22 19:04:31.649] [info]  [RTCControlSocket(stream)] Heartbeat ACK received
[2026-08-22 19:04:39.821] [info]  [RTCControlSocket(default)] Sending heartbeat with last received sequence number: 7
[2026-08-22 19:04:39.854] [info]  [RTCControlSocket(default)] Heartbeat ACK received
[2026-08-22 19:04:45.350] [info]  [RTCControlSocket(stream)] Sending heartbeat with last received sequence number: 16
[2026-08-22 19:04:45.511] [info]  [RTCControlSocket(stream)] Heartbeat ACK received
[2026-08-22 19:04:53.571] [info]  [RTCControlSocket(default)] Sending heartbeat with last received sequence number: 7
[2026-08-22 19:04:53.696] [info]  [RTCControlSocket(default)] Heartbeat ACK received
[2026-08-22 19:04:59.100] [info]  [RTCControlSocket(stream)] Sending heartbeat with last received sequence number: 16
[2026-08-22 19:04:59.129] [info]  [RTCControlSocket(stream)] Heartbeat ACK received
[2026-08-22 19:05:07.322] [info]  [RTCControlSocket(default)] Sending heartbeat with last received sequence number: 7
[2026-08-22 19:05:07.358] [info]  [RTCControlSocket(default)] Heartbeat ACK received
[2026-08-22 19:05:12.850] [info]  [RTCControlSocket(stream)] Sending heartbeat with last received sequence number: 16
[2026-08-22 19:05:12.878] [info]  [RTCControlSocket(stream)] Heartbeat ACK received
[2026-08-22 19:05:21.071] [info]  [RTCControlSocket(default)] Sending heartbeat with last received sequence number: 7
[2026-08-22 19:05:21.122] [info]  [RTCControlSocket(default)] Heartbeat ACK received
[2026-08-22 19:05:26.600] [info]  [RTCControlSocket(stream)] Sending heartbeat with last received sequence number: 16
[2026-08-22 19:05:26.634] [info]  [RTCControlSocket(stream)] Heartbeat ACK received
[2026-08-22 19:05:34.821] [info]  [RTCControlSocket(default)] Sending heartbeat with last received sequence number: 7
[2026-08-22 19:05:34.861] [info]  [RTCControlSocket(default)] Heartbeat ACK received
[2026-08-22 19:05:40.350] [info]  [RTCControlSocket(stream)] Sending heartbeat with last received sequence number: 16
[2026-08-22 19:05:40.404] [info]  [RTCControlSocket(stream)] Heartbeat ACK received
[2026-08-22 19:05:48.571] [info]  [RTCControlSocket(default)] Sending heartbeat with last received sequence number: 7
[2026-08-22 19:05:48.605] [info]  [RTCControlSocket(default)] Heartbeat ACK received
[2026-08-22 19:05:54.100] [info]  [RTCControlSocket(stream)] Sending heartbeat with last received sequence number: 16
[2026-08-22 19:05:54.131] [info]  [RTCControlSocket(stream)] Heartbeat ACK received
[2026-08-22 19:06:02.321] [info]  [RTCControlSocket(default)] Sending heartbeat with last received sequence number: 7
[2026-08-22 19:06:02.348] [info]  [RTCControlSocket(default)] Heartbeat ACK received
[2026-08-22 19:06:07.850] [info]  [RTCControlSocket(stream)] Sending heartbeat with last received sequence number: 16
[2026-08-22 19:06:07.883] [info]  [RTCControlSocket(stream)] Heartbeat ACK received
[2026-08-22 19:06:16.071] [info]  [RTCControlSocket(default)] Sending heartbeat with last received sequence number: 7
[2026-08-22 19:06:16.106] [info]  [RTCControlSocket(default)] Heartbeat ACK received
[2026-08-22 19:06:21.600] [info]  [RTCControlSocket(stream)] Sending heartbeat with last received sequence number: 16
[2026-08-22 19:06:21.634] [info]  [RTCControlSocket(stream)] Heartbeat ACK received
[2026-08-22 19:06:29.821] [info]  [RTCControlSocket(default)] Sending heartbeat with last received sequence number: 7
[2026-08-22 19:06:29.852] [info]  [RTCControlSocket(default)] Heartbeat ACK received
[2026-08-22 19:06:35.350] [info]  [RTCControlSocket(stream)] Sending heartbeat with last received sequence number: 16
[2026-08-22 19:06:35.373] [info]  [RTCControlSocket(stream)] Heartbeat ACK received
[2026-08-22 19:06:43.571] [info]  [RTCControlSocket(default)] Sending heartbeat with last received sequence number: 7
[2026-08-22 19:06:43.619] [info]  [RTCControlSocket(default)] Heartbeat ACK received
[2026-08-22 19:06:49.100] [info]  [RTCControlSocket(stream)] Sending heartbeat with last received sequence number: 16
[2026-08-22 19:06:49.139] [info]  [RTCControlSocket(stream)] Heartbeat ACK received
[2026-08-22 19:06:57.321] [info]  [RTCControlSocket(default)] Sending heartbeat with last received sequence number: 7
[2026-08-22 19:06:57.390] [info]  [RTCControlSocket(default)] Heartbeat ACK received
[2026-08-22 19:07:02.850] [info]  [RTCControlSocket(stream)] Sending heartbeat with last received sequence number: 16
[2026-08-22 19:07:02.927] [info]  [RTCControlSocket(stream)] Heartbeat ACK received
[2026-08-22 19:07:11.071] [info]  [RTCControlSocket(default)] Sending heartbeat with last received sequence number: 7
[2026-08-22 19:07:11.125] [info]  [RTCControlSocket(default)] Heartbeat ACK received
[2026-08-22 19:07:16.603] [info]  [RTCControlSocket(stream)] Sending heartbeat with last received sequence number: 16
[2026-08-22 19:07:16.660] [info]  [RTCControlSocket(stream)] Heartbeat ACK received
[2026-08-22 19:07:24.821] [info]  [RTCControlSocket(default)] Sending heartbeat with last received sequence number: 7
[2026-08-22 19:07:24.869] [info]  [RTCControlSocket(default)] Heartbeat ACK received
[2026-08-22 19:07:30.350] [info]  [RTCControlSocket(stream)] Sending heartbeat with last received sequence number: 16
[2026-08-22 19:07:30.386] [info]  [RTCControlSocket(stream)] Heartbeat ACK received
[2026-08-22 19:07:38.571] [info]  [RTCControlSocket(default)] Sending heartbeat with last received sequence number: 7
[2026-08-22 19:07:38.594] [info]  [RTCControlSocket(default)] Heartbeat ACK received
[2026-08-22 19:07:44.100] [info]  [RTCControlSocket(stream)] Sending heartbeat with last received sequence number: 16
[2026-08-22 19:07:44.122] [info]  [RTCControlSocket(stream)] Heartbeat ACK received
[2026-08-22 19:07:52.330] [info]  [RTCControlSocket(default)] Sending heartbeat with last received sequence number: 7
[2026-08-22 19:07:52.359] [info]  [RTCControlSocket(default)] Heartbeat ACK received
[2026-08-22 19:07:57.850] [info]  [RTCControlSocket(stream)] Sending heartbeat with last received sequence number: 16
[2026-08-22 19:07:57.893] [info]  [RTCControlSocket(stream)] Heartbeat ACK received
[2026-08-22 19:07:58.893] [info]  Subscribing to frames for streamId 14
[2026-08-22 19:07:58.927] [info]  Unsubscribing from frames for streamId 14
[2026-08-22 19:08:06.071] [info]  [RTCControlSocket(default)] Sending heartbeat with last received sequence number: 7
[2026-08-22 19:08:06.107] [info]  [RTCControlSocket(default)] Heartbeat ACK received
[2026-08-22 19:08:11.600] [info]  [RTCControlSocket(stream)] Sending heartbeat with last received sequence number: 16
[2026-08-22 19:08:11.636] [info]  [RTCControlSocket(stream)] Heartbeat ACK received
[2026-08-22 19:08:19.821] [info]  [RTCControlSocket(default)] Sending heartbeat with last received sequence number: 7
[2026-08-22 19:08:19.862] [info]  [RTCControlSocket(default)] Heartbeat ACK received
[2026-08-22 19:08:25.350] [info]  [RTCControlSocket(stream)] Sending heartbeat with last received sequence number: 16
[2026-08-22 19:08:25.386] [info]  [RTCControlSocket(stream)] Heartbeat ACK received
[2026-08-22 19:08:33.571] [info]  [RTCControlSocket(default)] Sending heartbeat with last received sequence number: 7
[2026-08-22 19:08:33.614] [info]  [RTCControlSocket(default)] Heartbeat ACK received
[2026-08-22 19:08:39.100] [info]  [RTCControlSocket(stream)] Sending heartbeat with last received sequence number: 16
[2026-08-22 19:08:39.135] [info]  [RTCControlSocket(stream)] Heartbeat ACK received
[2026-08-22 19:08:47.321] [info]  [RTCControlSocket(default)] Sending heartbeat with last received sequence number: 7
[2026-08-22 19:08:47.352] [info]  [RTCControlSocket(default)] Heartbeat ACK received
[2026-08-22 19:08:52.850] [info]  [RTCControlSocket(stream)] Sending heartbeat with last received sequence number: 16
[2026-08-22 19:08:52.884] [info]  [RTCControlSocket(stream)] Heartbeat ACK received
[2026-08-22 19:09:01.071] [info]  [RTCControlSocket(default)] Sending heartbeat with last received sequence number: 7
[2026-08-22 19:09:01.094] [info]  [RTCControlSocket(default)] Heartbeat ACK received
[2026-08-22 19:09:06.600] [info]  [RTCControlSocket(stream)] Sending heartbeat with last received sequence number: 16
[2026-08-22 19:09:06.634] [info]  [RTCControlSocket(stream)] Heartbeat ACK received
[2026-08-22 19:09:14.821] [info]  [RTCControlSocket(default)] Sending heartbeat with last received sequence number: 7
[2026-08-22 19:09:14.845] [info]  [RTCControlSocket(default)] Heartbeat ACK received
[2026-08-22 19:09:20.350] [info]  [RTCControlSocket(stream)] Sending heartbeat with last received sequence number: 16
[2026-08-22 19:09:20.396] [info]  [RTCControlSocket(stream)] Heartbeat ACK received
[2026-08-22 19:09:28.571] [info]  [RTCControlSocket(default)] Sending heartbeat with last received sequence number: 7
[2026-08-22 19:09:28.629] [info]  [RTCControlSocket(default)] Heartbeat ACK received
[2026-08-22 19:09:34.100] [info]  [RTCControlSocket(stream)] Sending heartbeat with last received sequence number: 16
[2026-08-22 19:09:34.140] [info]  [RTCControlSocket(stream)] Heartbeat ACK received
[2026-08-22 19:09:42.321] [info]  [RTCControlSocket(default)] Sending heartbeat with last received sequence number: 7
[2026-08-22 19:09:42.349] [info]  [RTCControlSocket(default)] Heartbeat ACK received
[2026-08-22 19:09:47.850] [info]  [RTCControlSocket(stream)] Sending heartbeat with last received sequence number: 16
[2026-08-22 19:09:47.878] [info]  [RTCControlSocket(stream)] Heartbeat ACK received
[2026-08-22 19:09:56.071] [info]  [RTCControlSocket(default)] Sending heartbeat with last received sequence number: 7
[2026-08-22 19:09:56.107] [info]  [RTCControlSocket(default)] Heartbeat ACK received
[2026-08-22 19:10:01.600] [info]  [RTCControlSocket(stream)] Sending heartbeat with last received sequence number: 16
[2026-08-22 19:10:01.643] [info]  [RTCControlSocket(stream)] Heartbeat ACK received
[2026-08-22 19:10:09.821] [info]  [RTCControlSocket(default)] Sending heartbeat with last received sequence number: 7
[2026-08-22 19:10:09.859] [info]  [RTCControlSocket(default)] Heartbeat ACK received
[2026-08-22 19:10:15.350] [info]  [RTCControlSocket(stream)] Sending heartbeat with last received sequence number: 16
[2026-08-22 19:10:15.393] [info]  [RTCControlSocket(stream)] Heartbeat ACK received
[2026-08-22 19:10:23.571] [info]  [RTCControlSocket(default)] Sending heartbeat with last received sequence number: 7
[2026-08-22 19:10:23.604] [info]  [RTCControlSocket(default)] Heartbeat ACK received
[2026-08-22 19:10:29.100] [info]  [RTCControlSocket(stream)] Sending heartbeat with last received sequence number: 16
[2026-08-22 19:10:29.143] [info]  [RTCControlSocket(stream)] Heartbeat ACK received
[2026-08-22 19:10:37.322] [info]  [RTCControlSocket(default)] Sending heartbeat with last received sequence number: 7
[2026-08-22 19:10:37.353] [info]  [RTCControlSocket(default)] Heartbeat ACK received
[2026-08-22 19:10:42.850] [info]  [RTCControlSocket(stream)] Sending heartbeat with last received sequence number: 16
[2026-08-22 19:10:42.890] [info]  [RTCControlSocket(stream)] Heartbeat ACK received
[2026-08-22 19:10:51.071] [info]  [RTCControlSocket(default)] Sending heartbeat with last received sequence number: 7
[2026-08-22 19:10:51.126] [info]  [RTCControlSocket(default)] Heartbeat ACK received
[2026-08-22 19:10:56.600] [info]  [RTCControlSocket(stream)] Sending heartbeat with last received sequence number: 16
[2026-08-22 19:10:56.643] [info]  [RTCControlSocket(stream)] Heartbeat ACK received
[2026-08-22 19:11:04.821] [info]  [RTCControlSocket(default)] Sending heartbeat with last received sequence number: 7
[2026-08-22 19:11:04.851] [info]  [RTCControlSocket(default)] Heartbeat ACK received
[2026-08-22 19:11:10.350] [info]  [RTCControlSocket(stream)] Sending heartbeat with last received sequence number: 16
[2026-08-22 19:11:10.397] [info]  [RTCControlSocket(stream)] Heartbeat ACK received
[2026-08-22 19:11:18.571] [info]  [RTCControlSocket(default)] Sending heartbeat with last received sequence number: 7
[2026-08-22 19:11:18.602] [info]  [RTCControlSocket(default)] Heartbeat ACK received
[2026-08-22 19:11:24.100] [info]  [RTCControlSocket(stream)] Sending heartbeat with last received sequence number: 16
[2026-08-22 19:11:24.140] [info]  [RTCControlSocket(stream)] Heartbeat ACK received
[2026-08-22 19:11:32.321] [info]  [RTCControlSocket(default)] Sending heartbeat with last received sequence number: 7
[2026-08-22 19:11:32.381] [info]  [RTCControlSocket(default)] Heartbeat ACK received
[2026-08-22 19:11:37.850] [info]  [RTCControlSocket(stream)] Sending heartbeat with last received sequence number: 16
[2026-08-22 19:11:37.898] [info]  [RTCControlSocket(stream)] Heartbeat ACK received
[2026-08-22 19:11:46.072] [info]  [RTCControlSocket(default)] Sending heartbeat with last received sequence number: 7
[2026-08-22 19:11:46.118] [info]  [RTCControlSocket(default)] Heartbeat ACK received
[2026-08-22 19:11:51.600] [info]  [RTCControlSocket(stream)] Sending heartbeat with last received sequence number: 16
[2026-08-22 19:11:51.634] [info]  [RTCControlSocket(stream)] Heartbeat ACK received
[2026-08-22 19:11:59.821] [info]  [RTCControlSocket(default)] Sending heartbeat with last received sequence number: 7
[2026-08-22 19:11:59.887] [info]  [RTCControlSocket(default)] Heartbeat ACK received
[2026-08-22 19:12:05.350] [info]  [RTCControlSocket(stream)] Sending heartbeat with last received sequence number: 16
[2026-08-22 19:12:05.380] [info]  [RTCControlSocket(stream)] Heartbeat ACK received
[2026-08-22 19:12:13.571] [info]  [RTCControlSocket(default)] Sending heartbeat with last received sequence number: 7
[2026-08-22 19:12:13.597] [info]  [RTCControlSocket(default)] Heartbeat ACK received
[2026-08-22 19:12:19.100] [info]  [RTCControlSocket(stream)] Sending heartbeat with last received sequence number: 16
[2026-08-22 19:12:19.150] [info]  [RTCControlSocket(stream)] Heartbeat ACK received
[2026-08-22 19:12:27.321] [info]  [RTCControlSocket(default)] Sending heartbeat with last received sequence number: 7
[2026-08-22 19:12:27.342] [info]  [RTCControlSocket(default)] Heartbeat ACK received
[2026-08-22 19:12:32.850] [info]  [RTCControlSocket(stream)] Sending heartbeat with last received sequence number: 16
[2026-08-22 19:12:32.920] [info]  [RTCControlSocket(stream)] Heartbeat ACK received
[2026-08-22 19:12:41.071] [info]  [RTCControlSocket(default)] Sending heartbeat with last received sequence number: 7
[2026-08-22 19:12:41.114] [info]  [RTCControlSocket(default)] Heartbeat ACK received
[2026-08-22 19:12:46.600] [info]  [RTCControlSocket(stream)] Sending heartbeat with last received sequence number: 16
[2026-08-22 19:12:46.639] [info]  [RTCControlSocket(stream)] Heartbeat ACK received
[2026-08-22 19:12:54.821] [info]  [RTCControlSocket(default)] Sending heartbeat with last received sequence number: 7
[2026-08-22 19:12:54.863] [info]  [RTCControlSocket(default)] Heartbeat ACK received
[2026-08-22 19:13:00.350] [info]  [RTCControlSocket(stream)] Sending heartbeat with last received sequence number: 16
[2026-08-22 19:13:00.416] [info]  [RTCControlSocket(stream)] Heartbeat ACK received
[2026-08-22 19:13:01.636] [info]  Subscribing to frames for streamId 14
[2026-08-22 19:13:01.660] [info]  Unsubscribing from frames for streamId 14
[2026-08-22 19:13:08.571] [info]  [RTCControlSocket(default)] Sending heartbeat with last received sequence number: 7
[2026-08-22 19:13:08.602] [info]  [RTCControlSocket(default)] Heartbeat ACK received
[2026-08-22 19:13:14.100] [info]  [RTCControlSocket(stream)] Sending heartbeat with last received sequence number: 16
[2026-08-22 19:13:14.128] [info]  [RTCControlSocket(stream)] Heartbeat ACK received
[2026-08-22 19:13:22.321] [info]  [RTCControlSocket(default)] Sending heartbeat with last received sequence number: 7
[2026-08-22 19:13:22.348] [info]  [RTCControlSocket(default)] Heartbeat ACK received
[2026-08-22 19:13:27.850] [info]  [RTCControlSocket(stream)] Sending heartbeat with last received sequence number: 16
[2026-08-22 19:13:27.875] [info]  [RTCControlSocket(stream)] Heartbeat ACK received
[2026-08-22 19:13:36.071] [info]  [RTCControlSocket(default)] Sending heartbeat with last received sequence number: 7
[2026-08-22 19:13:36.103] [info]  [RTCControlSocket(default)] Heartbeat ACK received
[2026-08-22 19:13:41.600] [info]  [RTCControlSocket(stream)] Sending heartbeat with last received sequence number: 16
[2026-08-22 19:13:41.727] [info]  [RTCControlSocket(stream)] Heartbeat ACK received
[2026-08-22 19:13:49.821] [info]  [RTCControlSocket(default)] Sending heartbeat with last received sequence number: 7
[2026-08-22 19:13:49.858] [info]  [RTCControlSocket(default)] Heartbeat ACK received
[2026-08-22 19:13:55.350] [info]  [RTCControlSocket(stream)] Sending heartbeat with last received sequence number: 16
[2026-08-22 19:13:55.377] [info]  [RTCControlSocket(stream)] Heartbeat ACK received
[2026-08-22 19:14:03.571] [info]  [RTCControlSocket(default)] Sending heartbeat with last received sequence number: 7
[2026-08-22 19:14:03.598] [info]  [RTCControlSocket(default)] Heartbeat ACK received
[2026-08-22 19:14:09.100] [info]  [RTCControlSocket(stream)] Sending heartbeat with last received sequence number: 16
[2026-08-22 19:14:09.128] [info]  [RTCControlSocket(stream)] Heartbeat ACK received
[2026-08-22 19:14:17.321] [info]  [RTCControlSocket(default)] Sending heartbeat with last received sequence number: 7
[2026-08-22 19:14:17.345] [info]  [RTCControlSocket(default)] Heartbeat ACK received
[2026-08-22 19:14:22.850] [info]  [RTCControlSocket(stream)] Sending heartbeat with last received sequence number: 16
[2026-08-22 19:14:22.893] [info]  [RTCControlSocket(stream)] Heartbeat ACK received
[2026-08-22 19:14:31.071] [info]  [RTCControlSocket(default)] Sending heartbeat with last received sequence number: 7
[2026-08-22 19:14:31.318] [info]  [RTCControlSocket(default)] Heartbeat ACK received
[2026-08-22 19:14:36.600] [info]  [RTCControlSocket(stream)] Sending heartbeat with last received sequence number: 16
[2026-08-22 19:14:36.633] [info]  [RTCControlSocket(stream)] Heartbeat ACK received
[2026-08-22 19:14:44.821] [info]  [RTCControlSocket(default)] Sending heartbeat with last received sequence number: 7
[2026-08-22 19:14:44.857] [info]  [RTCControlSocket(default)] Heartbeat ACK received
[2026-08-22 19:14:50.350] [info]  [RTCControlSocket(stream)] Sending heartbeat with last received sequence number: 16
[2026-08-22 19:14:50.378] [info]  [RTCControlSocket(stream)] Heartbeat ACK received
[2026-08-22 19:14:58.571] [info]  [RTCControlSocket(default)] Sending heartbeat with last received sequence number: 7
[2026-08-22 19:14:58.624] [info]  [RTCControlSocket(default)] Heartbeat ACK received
[2026-08-22 19:15:04.100] [info]  [RTCControlSocket(stream)] Sending heartbeat with last received sequence number: 16
[2026-08-22 19:15:04.131] [info]  [RTCControlSocket(stream)] Heartbeat ACK received
[2026-08-22 19:15:12.321] [info]  [RTCControlSocket(default)] Sending heartbeat with last received sequence number: 7
[2026-08-22 19:15:12.354] [info]  [RTCControlSocket(default)] Heartbeat ACK received
[2026-08-22 19:15:17.850] [info]  [RTCControlSocket(stream)] Sending heartbeat with last received sequence number: 16
[2026-08-22 19:15:17.877] [info]  [RTCControlSocket(stream)] Heartbeat ACK received
[2026-08-22 19:15:26.071] [info]  [RTCControlSocket(default)] Sending heartbeat with last received sequence number: 7
[2026-08-22 19:15:26.102] [info]  [RTCControlSocket(default)] Heartbeat ACK received
[2026-08-22 19:15:31.600] [info]  [RTCControlSocket(stream)] Sending heartbeat with last received sequence number: 16
[2026-08-22 19:15:31.637] [info]  [RTCControlSocket(stream)] Heartbeat ACK received
[2026-08-22 19:15:39.821] [info]  [RTCControlSocket(default)] Sending heartbeat with last received sequence number: 7
[2026-08-22 19:15:39.856] [info]  [RTCControlSocket(default)] Heartbeat ACK received
[2026-08-22 19:15:45.350] [info]  [RTCControlSocket(stream)] Sending heartbeat with last received sequence number: 16
[2026-08-22 19:15:45.387] [info]  [RTCControlSocket(stream)] Heartbeat ACK received
[2026-08-22 19:15:53.571] [info]  [RTCControlSocket(default)] Sending heartbeat with last received sequence number: 7
[2026-08-22 19:15:53.610] [info]  [RTCControlSocket(default)] Heartbeat ACK received
[2026-08-22 19:15:58.995] [info]  [RTCConnection(1540904136890126346, stream)] Remote media sink wants: {"12110":0,"pixelCounts":{"12110":0},"any":100}
[2026-08-22 19:15:59.100] [info]  [RTCControlSocket(stream)] Sending heartbeat with last received sequence number: 17
[2026-08-22 19:15:59.133] [info]  [RTCControlSocket(stream)] Heartbeat ACK received
[2026-08-22 19:16:05.979] [info]  [RTCConnection(1540904136890126346, stream)] Remote media sink wants: {"12110":100,"pixelCounts":{"12110":0},"any":100}
[2026-08-22 19:16:06.749] [info]  [RTCConnection(1540904136890126346, stream)] Remote media sink wants: {"12110":100,"pixelCounts":{"12110":2375016},"any":100}
[2026-08-22 19:16:07.321] [info]  [RTCControlSocket(default)] Sending heartbeat with last received sequence number: 7
[2026-08-22 19:16:07.347] [info]  [RTCControlSocket(default)] Heartbeat ACK received
[2026-08-22 19:16:12.852] [info]  [RTCControlSocket(stream)] Sending heartbeat with last received sequence number: 19
[2026-08-22 19:16:12.891] [info]  [RTCControlSocket(stream)] Heartbeat ACK received
[2026-08-22 19:16:21.071] [info]  [RTCControlSocket(default)] Sending heartbeat with last received sequence number: 7
[2026-08-22 19:16:21.128] [info]  [RTCControlSocket(default)] Heartbeat ACK received
[2026-08-22 19:16:26.600] [info]  [RTCControlSocket(stream)] Sending heartbeat with last received sequence number: 19
[2026-08-22 19:16:26.629] [info]  [RTCControlSocket(stream)] Heartbeat ACK received
[2026-08-22 19:16:34.821] [info]  [RTCControlSocket(default)] Sending heartbeat with last received sequence number: 7
[2026-08-22 19:16:34.850] [info]  [RTCControlSocket(default)] Heartbeat ACK received
[2026-08-22 19:16:40.350] [info]  [RTCControlSocket(stream)] Sending heartbeat with last received sequence number: 19
[2026-08-22 19:16:40.527] [info]  [RTCControlSocket(stream)] Heartbeat ACK received
[2026-08-22 19:16:48.571] [info]  [RTCControlSocket(default)] Sending heartbeat with last received sequence number: 7
[2026-08-22 19:16:48.614] [info]  [RTCControlSocket(default)] Heartbeat ACK received
[2026-08-22 19:16:54.100] [info]  [RTCControlSocket(stream)] Sending heartbeat with last received sequence number: 19
[2026-08-22 19:16:54.134] [info]  [RTCControlSocket(stream)] Heartbeat ACK received
[2026-08-22 19:17:02.321] [info]  [RTCControlSocket(default)] Sending heartbeat with last received sequence number: 7
[2026-08-22 19:17:02.359] [info]  [RTCControlSocket(default)] Heartbeat ACK received
[2026-08-22 19:17:07.850] [info]  [RTCControlSocket(stream)] Sending heartbeat with last received sequence number: 19
[2026-08-22 19:17:07.898] [info]  [RTCControlSocket(stream)] Heartbeat ACK received
[2026-08-22 19:17:16.071] [info]  [RTCControlSocket(default)] Sending heartbeat with last received sequence number: 7
[2026-08-22 19:17:16.127] [info]  [RTCControlSocket(default)] Heartbeat ACK received
[2026-08-22 19:17:21.600] [info]  [RTCControlSocket(stream)] Sending heartbeat with last received sequence number: 19
[2026-08-22 19:17:21.632] [info]  [RTCControlSocket(stream)] Heartbeat ACK received
[2026-08-22 19:17:29.821] [info]  [RTCControlSocket(default)] Sending heartbeat with last received sequence number: 7
[2026-08-22 19:17:29.851] [info]  [RTCControlSocket(default)] Heartbeat ACK received
[2026-08-22 19:17:35.350] [info]  [RTCControlSocket(stream)] Sending heartbeat with last received sequence number: 19
[2026-08-22 19:17:35.385] [info]  [RTCControlSocket(stream)] Heartbeat ACK received
[2026-08-22 19:17:43.571] [info]  [RTCControlSocket(default)] Sending heartbeat with last received sequence number: 7
[2026-08-22 19:17:43.602] [info]  [RTCControlSocket(default)] Heartbeat ACK received
[2026-08-22 19:17:49.100] [info]  [RTCControlSocket(stream)] Sending heartbeat with last received sequence number: 19
[2026-08-22 19:17:49.153] [info]  [RTCControlSocket(stream)] Heartbeat ACK received
[2026-08-22 19:17:57.321] [info]  [RTCControlSocket(default)] Sending heartbeat with last received sequence number: 7
[2026-08-22 19:17:57.368] [info]  [RTCControlSocket(default)] Heartbeat ACK received
[2026-08-22 19:18:02.850] [info]  [RTCControlSocket(stream)] Sending heartbeat with last received sequence number: 19
[2026-08-22 19:18:02.874] [info]  [RTCControlSocket(stream)] Heartbeat ACK received
[2026-08-22 19:18:05.756] [info]  Subscribing to frames for streamId 14
[2026-08-22 19:18:05.760] [info]  Unsubscribing from frames for streamId 14
[2026-08-22 19:18:11.071] [info]  [RTCControlSocket(default)] Sending heartbeat with last received sequence number: 7
[2026-08-22 19:18:11.114] [info]  [RTCControlSocket(default)] Heartbeat ACK received
[2026-08-22 19:18:16.600] [info]  [RTCControlSocket(stream)] Sending heartbeat with last received sequence number: 19
[2026-08-22 19:18:16.639] [info]  [RTCControlSocket(stream)] Heartbeat ACK received
[2026-08-22 19:18:24.821] [info]  [RTCControlSocket(default)] Sending heartbeat with last received sequence number: 7
[2026-08-22 19:18:24.860] [info]  [RTCControlSocket(default)] Heartbeat ACK received
[2026-08-22 19:18:30.350] [info]  [RTCControlSocket(stream)] Sending heartbeat with last received sequence number: 19
[2026-08-22 19:18:30.377] [info]  [RTCControlSocket(stream)] Heartbeat ACK received
[2026-08-22 19:18:38.571] [info]  [RTCControlSocket(default)] Sending heartbeat with last received sequence number: 7
[2026-08-22 19:18:38.597] [info]  [RTCControlSocket(default)] Heartbeat ACK received
[2026-08-22 19:18:44.100] [info]  [RTCControlSocket(stream)] Sending heartbeat with last received sequence number: 19
[2026-08-22 19:18:44.133] [info]  [RTCControlSocket(stream)] Heartbeat ACK received
[2026-08-22 19:18:52.321] [info]  [RTCControlSocket(default)] Sending heartbeat with last received sequence number: 7
[2026-08-22 19:18:52.369] [info]  [RTCControlSocket(default)] Heartbeat ACK received
[2026-08-22 19:18:57.850] [info]  [RTCControlSocket(stream)] Sending heartbeat with last received sequence number: 19
[2026-08-22 19:18:57.889] [info]  [RTCControlSocket(stream)] Heartbeat ACK received
[2026-08-22 19:19:06.071] [info]  [RTCControlSocket(default)] Sending heartbeat with last received sequence number: 7
[2026-08-22 19:19:06.104] [info]  [RTCControlSocket(default)] Heartbeat ACK received
[2026-08-22 19:19:11.600] [info]  [RTCControlSocket(stream)] Sending heartbeat with last received sequence number: 19
[2026-08-22 19:19:11.641] [info]  [RTCControlSocket(stream)] Heartbeat ACK received
[2026-08-22 19:19:19.821] [info]  [RTCControlSocket(default)] Sending heartbeat with last received sequence number: 7
[2026-08-22 19:19:19.842] [info]  [RTCControlSocket(default)] Heartbeat ACK received
[2026-08-22 19:19:25.350] [info]  [RTCControlSocket(stream)] Sending heartbeat with last received sequence number: 19
[2026-08-22 19:19:25.386] [info]  [RTCControlSocket(stream)] Heartbeat ACK received
[2026-08-22 19:19:33.571] [info]  [RTCControlSocket(default)] Sending heartbeat with last received sequence number: 7
[2026-08-22 19:19:33.601] [info]  [RTCControlSocket(default)] Heartbeat ACK received
[2026-08-22 19:19:39.100] [info]  [RTCControlSocket(stream)] Sending heartbeat with last received sequence number: 19
[2026-08-22 19:19:39.133] [info]  [RTCControlSocket(stream)] Heartbeat ACK received
[2026-08-22 19:19:47.321] [info]  [RTCControlSocket(default)] Sending heartbeat with last received sequence number: 7
[2026-08-22 19:19:47.361] [info]  [RTCControlSocket(default)] Heartbeat ACK received
[2026-08-22 19:19:52.850] [info]  [RTCControlSocket(stream)] Sending heartbeat with last received sequence number: 19
[2026-08-22 19:19:52.883] [info]  [RTCControlSocket(stream)] Heartbeat ACK received
[2026-08-22 19:20:01.071] [info]  [RTCControlSocket(default)] Sending heartbeat with last received sequence number: 7
[2026-08-22 19:20:01.141] [info]  [RTCControlSocket(default)] Heartbeat ACK received
[2026-08-22 19:20:06.600] [info]  [RTCControlSocket(stream)] Sending heartbeat with last received sequence number: 19
[2026-08-22 19:20:06.644] [info]  [RTCControlSocket(stream)] Heartbeat ACK received
[2026-08-22 19:20:14.821] [info]  [RTCControlSocket(default)] Sending heartbeat with last received sequence number: 7
[2026-08-22 19:20:14.852] [info]  [RTCControlSocket(default)] Heartbeat ACK received
[2026-08-22 19:20:20.350] [info]  [RTCControlSocket(stream)] Sending heartbeat with last received sequence number: 19
[2026-08-22 19:20:20.374] [info]  [RTCControlSocket(stream)] Heartbeat ACK received
[2026-08-22 19:20:28.571] [info]  [RTCControlSocket(default)] Sending heartbeat with last received sequence number: 7
[2026-08-22 19:20:28.603] [info]  [RTCControlSocket(default)] Heartbeat ACK received
[2026-08-22 19:20:34.100] [info]  [RTCControlSocket(stream)] Sending heartbeat with last received sequence number: 19
[2026-08-22 19:20:34.119] [info]  [RTCControlSocket(stream)] Heartbeat ACK received
[2026-08-22 19:20:42.321] [info]  [RTCControlSocket(default)] Sending heartbeat with last received sequence number: 7
[2026-08-22 19:20:42.375] [info]  [RTCControlSocket(default)] Heartbeat ACK received
[2026-08-22 19:20:47.850] [info]  [RTCControlSocket(stream)] Sending heartbeat with last received sequence number: 19
[2026-08-22 19:20:47.877] [info]  [RTCControlSocket(stream)] Heartbeat ACK received
[2026-08-22 19:20:56.071] [info]  [RTCControlSocket(default)] Sending heartbeat with last received sequence number: 7
[2026-08-22 19:20:56.097] [info]  [RTCControlSocket(default)] Heartbeat ACK received
[2026-08-22 19:21:01.600] [info]  [RTCControlSocket(stream)] Sending heartbeat with last received sequence number: 19
[2026-08-22 19:21:01.636] [info]  [RTCControlSocket(stream)] Heartbeat ACK received
[2026-08-22 19:21:09.821] [info]  [RTCControlSocket(default)] Sending heartbeat with last received sequence number: 7
[2026-08-22 19:21:09.859] [info]  [RTCControlSocket(default)] Heartbeat ACK received
[2026-08-22 19:21:15.350] [info]  [RTCControlSocket(stream)] Sending heartbeat with last received sequence number: 19
[2026-08-22 19:21:15.389] [info]  [RTCControlSocket(stream)] Heartbeat ACK received
[2026-08-22 19:21:23.571] [info]  [RTCControlSocket(default)] Sending heartbeat with last received sequence number: 7
[2026-08-22 19:21:23.601] [info]  [RTCControlSocket(default)] Heartbeat ACK received
[2026-08-22 19:21:29.100] [info]  [RTCControlSocket(stream)] Sending heartbeat with last received sequence number: 19
[2026-08-22 19:21:29.134] [info]  [RTCControlSocket(stream)] Heartbeat ACK received
[2026-08-22 19:21:37.322] [info]  [RTCControlSocket(default)] Sending heartbeat with last received sequence number: 7
[2026-08-22 19:21:37.348] [info]  [RTCControlSocket(default)] Heartbeat ACK received
[2026-08-22 19:21:42.850] [info]  [RTCControlSocket(stream)] Sending heartbeat with last received sequence number: 19
[2026-08-22 19:21:42.874] [info]  [RTCControlSocket(stream)] Heartbeat ACK received
[2026-08-22 19:21:51.071] [info]  [RTCControlSocket(default)] Sending heartbeat with last received sequence number: 7
[2026-08-22 19:21:51.125] [info]  [RTCControlSocket(default)] Heartbeat ACK received
[2026-08-22 19:21:56.600] [info]  [RTCControlSocket(stream)] Sending heartbeat with last received sequence number: 19
[2026-08-22 19:21:56.634] [info]  [RTCControlSocket(stream)] Heartbeat ACK received
[2026-08-22 19:22:04.821] [info]  [RTCControlSocket(default)] Sending heartbeat with last received sequence number: 7
[2026-08-22 19:22:04.878] [info]  [RTCControlSocket(default)] Heartbeat ACK received
[2026-08-22 19:22:10.350] [info]  [RTCControlSocket(stream)] Sending heartbeat with last received sequence number: 19
[2026-08-22 19:22:10.389] [info]  [RTCControlSocket(stream)] Heartbeat ACK received
[2026-08-22 19:22:18.574] [info]  [RTCControlSocket(default)] Sending heartbeat with last received sequence number: 7
[2026-08-22 19:22:18.603] [info]  [RTCControlSocket(default)] Heartbeat ACK received
[2026-08-22 19:22:24.100] [info]  [RTCControlSocket(stream)] Sending heartbeat with last received sequence number: 19
[2026-08-22 19:22:24.141] [info]  [RTCControlSocket(stream)] Heartbeat ACK received
[2026-08-22 19:22:32.321] [info]  [RTCControlSocket(default)] Sending heartbeat with last received sequence number: 7
[2026-08-22 19:22:32.355] [info]  [RTCControlSocket(default)] Heartbeat ACK received
[2026-08-22 19:22:37.850] [info]  [RTCControlSocket(stream)] Sending heartbeat with last received sequence number: 19
[2026-08-22 19:22:37.883] [info]  [RTCControlSocket(stream)] Heartbeat ACK received
[2026-08-22 19:22:46.071] [info]  [RTCControlSocket(default)] Sending heartbeat with last received sequence number: 7
[2026-08-22 19:22:46.097] [info]  [RTCControlSocket(default)] Heartbeat ACK received
[2026-08-22 19:22:51.600] [info]  [RTCControlSocket(stream)] Sending heartbeat with last received sequence number: 19
[2026-08-22 19:22:51.621] [info]  [RTCControlSocket(stream)] Heartbeat ACK received
[2026-08-22 19:22:59.821] [info]  [RTCControlSocket(default)] Sending heartbeat with last received sequence number: 7
[2026-08-22 19:22:59.859] [info]  [RTCControlSocket(default)] Heartbeat ACK received
[2026-08-22 19:23:05.350] [info]  [RTCControlSocket(stream)] Sending heartbeat with last received sequence number: 19
[2026-08-22 19:23:05.445] [info]  [RTCControlSocket(stream)] Heartbeat ACK received
[2026-08-22 19:23:10.749] [info]  Subscribing to frames for streamId 14
[2026-08-22 19:23:10.760] [info]  Unsubscribing from frames for streamId 14
[2026-08-22 19:23:13.571] [info]  [RTCControlSocket(default)] Sending heartbeat with last received sequence number: 7
[2026-08-22 19:23:13.606] [info]  [RTCControlSocket(default)] Heartbeat ACK received
[2026-08-22 19:23:19.100] [info]  [RTCControlSocket(stream)] Sending heartbeat with last received sequence number: 19
[2026-08-22 19:23:19.132] [info]  [RTCControlSocket(stream)] Heartbeat ACK received
[2026-08-22 19:23:27.321] [info]  [RTCControlSocket(default)] Sending heartbeat with last received sequence number: 7
[2026-08-22 19:23:27.357] [info]  [RTCControlSocket(default)] Heartbeat ACK received
[2026-08-22 19:23:32.850] [info]  [RTCControlSocket(stream)] Sending heartbeat with last received sequence number: 19
[2026-08-22 19:23:32.877] [info]  [RTCControlSocket(stream)] Heartbeat ACK received
[2026-08-22 19:23:41.071] [info]  [RTCControlSocket(default)] Sending heartbeat with last received sequence number: 7
[2026-08-22 19:23:41.102] [info]  [RTCControlSocket(default)] Heartbeat ACK received
[2026-08-22 19:23:46.600] [info]  [RTCControlSocket(stream)] Sending heartbeat with last received sequence number: 19
[2026-08-22 19:23:46.646] [info]  [RTCControlSocket(stream)] Heartbeat ACK received
[2026-08-22 19:23:54.821] [info]  [RTCControlSocket(default)] Sending heartbeat with last received sequence number: 7
[2026-08-22 19:23:54.855] [info]  [RTCControlSocket(default)] Heartbeat ACK received
[2026-08-22 19:24:00.350] [info]  [RTCControlSocket(stream)] Sending heartbeat with last received sequence number: 19
[2026-08-22 19:24:00.396] [info]  [RTCControlSocket(stream)] Heartbeat ACK received
[2026-08-22 19:24:08.571] [info]  [RTCControlSocket(default)] Sending heartbeat with last received sequence number: 7
[2026-08-22 19:24:08.623] [info]  [RTCControlSocket(default)] Heartbeat ACK received
[2026-08-22 19:24:14.100] [info]  [RTCControlSocket(stream)] Sending heartbeat with last received sequence number: 19
[2026-08-22 19:24:14.124] [info]  [RTCControlSocket(stream)] Heartbeat ACK received
[2026-08-22 19:24:22.322] [info]  [RTCControlSocket(default)] Sending heartbeat with last received sequence number: 7
[2026-08-22 19:24:22.358] [info]  [RTCControlSocket(default)] Heartbeat ACK received
[2026-08-22 19:24:27.850] [info]  [RTCControlSocket(stream)] Sending heartbeat with last received sequence number: 19
[2026-08-22 19:24:27.907] [info]  [RTCControlSocket(stream)] Heartbeat ACK received
[2026-08-22 19:24:36.071] [info]  [RTCControlSocket(default)] Sending heartbeat with last received sequence number: 7
[2026-08-22 19:24:36.123] [info]  [RTCControlSocket(default)] Heartbeat ACK received
[2026-08-22 19:24:41.600] [info]  [RTCControlSocket(stream)] Sending heartbeat with last received sequence number: 19
[2026-08-22 19:24:41.624] [info]  [RTCControlSocket(stream)] Heartbeat ACK received
[2026-08-22 19:24:46.424] [info]  [GatewaySocket] [CONNECT] wss://gateway.discord.gg, encoding: etf, version: 9, compression: zstd-stream
[2026-08-22 19:24:46.791] [info]  [GatewaySocket] [CONNECTED] wss://gateway.discord.gg/?encoding=etf&v=9&compress=zstd-stream in 366 ms
[2026-08-22 19:24:46.791] [info]  [GatewaySocket] [RESUME] resuming session c1504146094d1ec28ed2a8247ca7a818, seq: 130
[2026-08-22 19:24:46.923] [info]  [Flux] Dispatching CONNECTION_RESUMED
[2026-08-22 19:24:46.924] [info]  [GatewaySocket] [RESUMED] took 500ms, replayed 0 events, new seq: 131
[2026-08-22 19:24:49.821] [info]  [RTCControlSocket(default)] Sending heartbeat with last received sequence number: 7
[2026-08-22 19:24:49.852] [info]  [RTCControlSocket(default)] Heartbeat ACK received
[2026-08-22 19:24:55.350] [info]  [RTCControlSocket(stream)] Sending heartbeat with last received sequence number: 19
[2026-08-22 19:24:55.390] [info]  [RTCControlSocket(stream)] Heartbeat ACK received
[2026-08-22 19:24:56.984] [info]  [ConnectionEventFramerateReducer] BaseConnection.userSpeakingChange: Reduced framerate after 15000 ms.
[2026-08-22 19:25:03.571] [info]  [RTCControlSocket(default)] Sending heartbeat with last received sequence number: 7
[2026-08-22 19:25:03.622] [info]  [RTCControlSocket(default)] Heartbeat ACK received
[2026-08-22 19:25:09.100] [info]  [RTCControlSocket(stream)] Sending heartbeat with last received sequence number: 19
[2026-08-22 19:25:09.123] [info]  [RTCControlSocket(stream)] Heartbeat ACK received
[2026-08-22 19:25:17.321] [info]  [RTCControlSocket(default)] Sending heartbeat with last received sequence number: 7
[2026-08-22 19:25:17.362] [info]  [RTCControlSocket(default)] Heartbeat ACK received
[2026-08-22 19:25:19.317] [info]  [RTCConnection(1540904136890126346, stream)] Remote media sink wants: {"pixelCounts":{"12110":0},"any":100}
[2026-08-22 19:25:19.318] [info]  [RTCConnection(1540904136890126346, stream)] Preparing DAVE protocol epoch: 1, protocol version: 1
[2026-08-22 19:25:19.318] [info]  [RTCConnection(1540904136890126346, stream)] Preparing DAVE protocol transition: 0, protocol version: 1
[2026-08-22 19:25:19.320] [info]  [Connection(stream)] DAVE protocol state update: {"version":1,"epochAuthenticator":""}
[2026-08-22 19:25:19.320] [info]  [RTCConnection(1540904136890126346, stream)] Got MLS key package, sending to RTC server
[2026-08-22 19:25:19.320] [info]  [RTCControlSocket(stream)] Sending MLS key package
[2026-08-22 19:25:22.349] [info]  [RPCServer:IPC] Socket Message: 5 [object Object]
[2026-08-22 19:25:22.417] [info]  [RPCServer:IPC] Socket Emit: 5 [object Object]
[2026-08-22 19:25:22.850] [info]  [RTCControlSocket(stream)] Sending heartbeat with last received sequence number: 23
[2026-08-22 19:25:22.889] [info]  [RTCControlSocket(stream)] Heartbeat ACK received
[2026-08-22 19:25:24.198] [info]  [StreamTile] Stream Tile State - activeStream: true | selected: false | Video: true | MediaEngine: true
[2026-08-22 19:25:24.199] [info]  [StreamTile] Stream Tile State - activeStream: true | selected: true | Video: true | MediaEngine: true
[2026-08-22 19:25:25.401] [info]  [DirectVideo] attaching srcObject for 14
[2026-08-22 19:25:25.402] [info]  Subscribing to direct frames for streamId 14
[2026-08-22 19:25:25.427] [info]  [DirectVideo] handleReady for 14, have onReady callback = true
[2026-08-22 19:25:29.575] [info]  Unsubscribing from direct frames for streamId 14
[2026-08-22 19:25:29.580] [info]  [DirectVideo] create video element for 14, readyState=0
[2026-08-22 19:25:29.581] [info]  [DirectVideo] attaching srcObject for 14
[2026-08-22 19:25:29.581] [info]  Subscribing to direct frames for streamId 14
[2026-08-22 19:25:29.582] [info]  [StreamTile] Stream Tile State - activeStream: true | selected: false | Video: true | MediaEngine: true
[2026-08-22 19:25:29.582] [info]  [Clips] decider: clear() called — currentSessionGameKey=null currentSessionId=undefined pendingSessionGameKey=null candidates=0
[2026-08-22 19:25:29.582] [info]  [Clips] decider: processClipCandidates — sessionId=undefined candidates=0 staleCandidates=0 autoStashEnabled=false
[2026-08-22 19:25:29.583] [info]  [Clips] ranked clips: [object Object]
[2026-08-22 19:25:29.626] [info]  [DirectVideo] handleReady for 14, have onReady callback = true
[2026-08-22 19:25:29.627] [info]  [VideoStream] spinner visible for 46 ms
      [self_stream, count for stream: 2]
[2026-08-22 19:25:30.421] [info]  [RTCConnection(1330421763812626466, default)] Destroy RTCConnection
[2026-08-22 19:25:30.422] [info]  [RTCControlSocket(default)] CLOSE
[2026-08-22 19:25:30.422] [info]  [RTCConnection(1330421763812626466, default)] Disconnected from RTC server, clean: true, code: 1000, reason: Force Close, state: RTC_CONNECTED
[2026-08-22 19:25:30.425] [info]  [Connection(default)] Connection state change: CONNECTED => DISCONNECTED
[2026-08-22 19:25:30.425] [info]  [RTCConnection(1330421763812626466, default)] RTC media connection state change: RTC_CONNECTED => DISCONNECTED
[2026-08-22 19:25:30.425] [info]  [RTCConnection(1330421763812626466, default)] RTC connection state: RTC_CONNECTED => RTC_DISCONNECTED
[2026-08-22 19:25:30.425] [info]  [Connection(default)] Connection state change: DISCONNECTED => DISCONNECTED
[2026-08-22 19:25:30.425] [info]  [RTCConnection(1330421763812626466, default)] RTC media connection state change: RTC_DISCONNECTED => DISCONNECTED
[2026-08-22 19:25:30.425] [info]  [RTCConnection(1330421763812626466, default)] RTC connection state: RTC_DISCONNECTED => RTC_DISCONNECTED
[2026-08-22 19:25:30.425] [info]  [RTCConnection(1330421763812626466, default)] RTC connection state: RTC_DISCONNECTED => DISCONNECTED
[2026-08-22 19:25:30.445] [warn]  [RTCConnection(1330421763812626466, default)] Error: codec survey is not available
[2026-08-22 19:25:30.445] [info]  [Clips] decider: clear() called — currentSessionGameKey=null currentSessionId=undefined pendingSessionGameKey=null candidates=0
[2026-08-22 19:25:30.445] [info]  [Clips] decider: processClipCandidates — sessionId=undefined candidates=0 staleCandidates=0 autoStashEnabled=false
[2026-08-22 19:25:30.446] [info]  [Clips] ranked clips: [object Object]
[2026-08-22 19:25:30.446] [info]  [RTCConnection(1330421763812626466, default)] [VOICE_DISCONNECT] krisp_nc_model: null
[2026-08-22 19:25:30.537] [info]  [RTCConnection(1540904136890126346, stream)] Remote media sink wants: {"pixelCounts":{"12110":0},"any":100}
[2026-08-22 19:25:30.568] [warn]  [RTCControlSocket(stream)] [WS CLOSED] (clean: true, code: 4022, reason: Disconnected: Call terminated.) retrying in 2.56 seconds.
[2026-08-22 19:25:30.624] [info]  [RTCConnection(1540904136890126346, stream)] Destroy RTCConnection
[2026-08-22 19:25:30.624] [info]  [RTCControlSocket(stream)] CLOSE
[2026-08-22 19:25:30.624] [info]  [RTCConnection(1540904136890126346, stream)] Disconnected from RTC server, clean: true, code: 1000, reason: Force Close, state: RTC_CONNECTED
[2026-08-22 19:25:30.625] [info]  [Connection(stream)] Connection state change: CONNECTED => DISCONNECTED
[2026-08-22 19:25:30.625] [info]  [RTCConnection(1540904136890126346, stream)] RTC media connection state change: RTC_CONNECTED => DISCONNECTED
[2026-08-22 19:25:30.625] [info]  [RTCConnection(1540904136890126346, stream)] RTC connection state: RTC_CONNECTED => RTC_DISCONNECTED
[2026-08-22 19:25:30.625] [info]  [Connection(stream)] Connection state change: DISCONNECTED => DISCONNECTED
[2026-08-22 19:25:30.625] [info]  [RTCConnection(1540904136890126346, stream)] RTC media connection state change: RTC_DISCONNECTED => DISCONNECTED
[2026-08-22 19:25:30.625] [info]  [RTCConnection(1540904136890126346, stream)] RTC connection state: RTC_DISCONNECTED => RTC_DISCONNECTED
[2026-08-22 19:25:30.625] [info]  [RTCConnection(1540904136890126346, stream)] RTC connection state: RTC_DISCONNECTED => DISCONNECTED
[2026-08-22 19:25:30.628] [warn]  [RTCConnection(1540904136890126346, stream)] Error: codec survey is not available
[2026-08-22 19:25:30.629] [info]  [RTCConnection(1540904136890126346, stream)] [VOICE_DISCONNECT] krisp_nc_model: null
[2026-08-22 19:25:30.645] [info]  Unsubscribing from direct frames for streamId 14
[2026-08-22 21:39:29.596] [info]  splashScreenPreload: signalReady
[2026-08-22 21:39:29.623] [info]  splashScreenPreload: onStateUpdate: {"status":"checking-for-updates"}
[2026-08-22 21:39:29.926] [info]  splashScreenPreload: onStateUpdate: {"status":"launching"}
[2026-08-22 21:39:30.387] [info]  [FAST CONNECT] wss://gateway.discord.gg/?encoding=etf&v=9&compress=zstd-stream, encoding: etf, version: 9
[2026-08-22 21:39:30.582] [info]  [libdiscore] [experiment_manager] Loaded experiments from cache
[2026-08-22 21:39:30.728] [info]  Initializing voice engine with audio subsystem: standard
[2026-08-22 21:39:30.857] [info]  [default] [BUILD INFO] Release Channel: stable, Build Number: 595897, Version Hash: cc84a8463bda05ae4552c4716adf15add252aa37
[2026-08-22 21:39:30.864] [warn]  [CloudSyncUtils] CloudSync is not supported on this platform
[2026-08-22 21:39:30.940] [info]  [default] [NATIVE INFO] host 1.0.138, modules: discord_cloudsync: 1, discord_desktop_core: 1, discord_dispatch: 1, discord_erlpack: 1, discord_game_utils: 1, discord_krisp: 1, discord_modules: 1, discord_rpc: 1, discord_spellcheck: 1, discord_utils: 1, discord_voice: 1, discord_zstd: 1, build: null
[2026-08-22 21:39:30.943] [info]  [libdiscore] The answer for life the universe and everything is: 42
[2026-08-22 21:39:31.260] [warn]  [MediaEngineStore] Failed to load Krisp module: Failed to setup Krisp module, error code: -3
[2026-08-22 21:39:31.262] [error] [AVError] AV error reported: noise-canceller-error {"underlyingError":"NoiseCancellerError.KRISP_INIT_ERROR_UNSIGNED"}
[2026-08-22 21:39:31.440] [info]  [FAST CONNECT] sending identify
[2026-08-22 21:39:31.450] [info]  [RPCServer:WSS] Starting on 6463
[2026-08-22 21:39:31.453] [info]  [RPCServer:IPC] Starting on /run/user/1000/discord-ipc-0
[2026-08-22 21:39:31.453] [info]  [MediaEngineStore] OpenH264 is ready [object Object]
[2026-08-22 21:39:31.521] [info]  [GatewaySocket] [CONNECT] wss://gateway.discord.gg, encoding: etf, version: 9, compression: zstd-stream
[2026-08-22 21:39:31.521] [info]  [GatewaySocket] [FAST CONNECT] successfully took over websocket, state: [object Object]
[2026-08-22 21:39:31.521] [info]  [GatewaySocket] [CONNECTED] wss://gateway.discord.gg/?encoding=etf&v=9&compress=zstd-stream in 0 ms
[2026-08-22 21:39:31.545] [info]  [MediaEngineStore] OpenH264 cleanup [object Object]
[2026-08-22 21:39:31.749] [info]  [GatewaySocket] [READY] took 230ms, as b2a935d78404606032f06051ad856197
[2026-08-22 21:39:31.752] [info]  [Flux] Dispatching CONNECTION_OPEN
[2026-08-22 21:39:31.755] [info]  [DatabaseManager] removing database (user: 1262149707476766862, database: undefined)
[2026-08-22 21:39:31.759] [warn]  [NativeDispatchUtils] Tried getting Dispatch instance before instantiated
[2026-08-22 21:39:31.870] [info]  [DCF] Daily cap in effect, suppressing fatigable content until tomorrow [object Object]
[2026-08-22 21:39:31.929] [info]  [GatewaySocket] [READY_SUPPLEMENTAL] took 410ms
[2026-08-22 21:39:31.940] [error] [Spellchecker] sh is not a valid locale.
[2026-08-22 21:39:31.946] [info]  [Spellchecker] Switching to en-US (available)
[2026-08-22 21:39:32.645] [error] Could not find a View Model linked to Artboard BaseGlowRemapped.
[2026-08-22 21:39:32.646] [error] Could not find a View Model linked to Artboard BaseGlowRemapped.
[2026-08-22 21:39:34.112] [info]  [OverlayKeybindExperimentManager] Experiments initializing...
[2026-08-22 21:39:34.119] [info]  [OverlayKeybindExperimentManager] Experiments initialized
[2026-08-22 21:39:34.330] [info]  [SignalHelpers.web] signalAllAcceptedCredentials [object Object]
[2026-08-22 21:39:34.468] [warn]  [SignalHelpers.web] [object DOMException]
[2026-08-22 21:39:35.202] [error] Could not find a View Model linked to Artboard BaseGlowRemapped.
[2026-08-22 21:39:35.202] [error] Could not find a View Model linked to Artboard BaseGlowRemapped.
[2026-08-22 21:39:44.253] [info]  [libdiscore] [BlockedDomainsStore] Successfully fetched blocked domains
[2026-08-22 21:40:10.708] [info]  [discord_protos.discord_users.v1.PreloadedUserSettings] Updating appearance with delay 0
[2026-08-22 21:40:10.713] [info]  [discord_protos.discord_users.v1.PreloadedUserSettings] Scheduling save from markDirty
[2026-08-22 21:40:10.731] [info]  [discord_protos.discord_users.v1.PreloadedUserSettings] Persisting proto
[2026-08-22 21:40:19.572] [info]  [discord_protos.discord_users.v1.PreloadedUserSettings] Updating appearance with delay 0
[2026-08-22 21:40:19.575] [info]  [discord_protos.discord_users.v1.PreloadedUserSettings] Scheduling save from markDirty
[2026-08-22 21:40:19.592] [info]  [discord_protos.discord_users.v1.PreloadedUserSettings] Persisting proto
[2026-08-22 21:40:33.285] [info]  [discord_protos.discord_users.v1.PreloadedUserSettings] Updating userContent with delay 0
[2026-08-22 21:40:33.287] [info]  [discord_protos.discord_users.v1.PreloadedUserSettings] Scheduling save from markDirty
[2026-08-22 21:40:33.287] [info]  [discord_protos.discord_users.v1.PreloadedUserSettings] Updating userContent with delay 0
[2026-08-22 21:40:33.300] [error] Could not find a View Model linked to Artboard BaseGlowRemapped.
[2026-08-22 21:40:33.301] [error] Could not find a View Model linked to Artboard BaseGlowRemapped.
[2026-08-22 21:40:33.314] [info]  [discord_protos.discord_users.v1.PreloadedUserSettings] Persisting proto
[2026-08-22 21:45:06.153] [error] Could not find a View Model linked to Artboard BaseGlowRemapped.
[2026-08-22 21:45:06.154] [error] Could not find a View Model linked to Artboard BaseGlowRemapped.
[2026-08-22 21:45:10.222] [error] Could not find a View Model linked to Artboard BaseGlowRemapped.
[2026-08-22 21:45:10.222] [error] Could not find a View Model linked to Artboard BaseGlowRemapped.
[2026-08-22 21:45:12.667] [error] Could not find a View Model linked to Artboard BaseGlowRemapped.
[2026-08-22 21:45:12.668] [error] Could not find a View Model linked to Artboard BaseGlowRemapped.
[2026-08-22 21:45:57.035] [info]  [SignalHelpers.web] signalCurrentUserDetails [object Object]
[2026-08-22 21:45:57.057] [info]  [SignalHelpers.web] signalCurrentUserDetails [object Object]
[2026-08-22 21:45:57.058] [warn]  [SignalHelpers.web] [object DOMException]
[2026-08-22 21:45:57.295] [warn]  [SignalHelpers.web] [object DOMException]
[2026-08-22 21:46:00.384] [error] Could not find a View Model linked to Artboard BaseGlowRemapped.
[2026-08-22 21:46:00.385] [error] Could not find a View Model linked to Artboard BaseGlowRemapped.
[2026-08-22 21:46:06.731] [info]  [Spellchecker] Switching to en-US (available)
[2026-08-22 21:46:21.016] [info]  [SignalHelpers.web] signalCurrentUserDetails [object Object]
[2026-08-22 21:46:21.046] [info]  [SignalHelpers.web] signalCurrentUserDetails [object Object]
[2026-08-22 21:46:21.047] [warn]  [SignalHelpers.web] [object DOMException]
[2026-08-22 21:46:21.120] [warn]  [SignalHelpers.web] [object DOMException]
[2026-08-22 21:46:21.444] [info]  [SignalHelpers.web] signalCurrentUserDetails [object Object]
[2026-08-22 21:46:21.590] [warn]  [SignalHelpers.web] [object DOMException]
[2026-08-22 21:47:03.547] [error] Could not find a View Model linked to Artboard BaseGlowRemapped.
[2026-08-22 21:47:03.548] [error] Could not find a View Model linked to Artboard BaseGlowRemapped.
[2026-08-22 21:47:34.192] [error] Could not find a View Model linked to Artboard BaseGlowRemapped.
[2026-08-22 21:47:34.193] [error] Could not find a View Model linked to Artboard BaseGlowRemapped.
[2026-08-22 21:47:45.072] [error] Could not find a View Model linked to Artboard BaseGlowRemapped.
[2026-08-22 21:47:45.072] [error] Could not find a View Model linked to Artboard BaseGlowRemapped.
[2026-08-22 21:50:08.080] [info]  [RPCServer:IPC] Socket Close: 4 unknown (active: 0)
[2026-08-22 21:50:18.079] [warn]  [RPCServer:IPC] Handshake timeout for connection, closing socket
[2026-08-22 21:51:23.376] [info]  [RPCServer:IPC] Socket Close: 5 unknown (active: 0)
[2026-08-22 21:51:33.374] [warn]  [RPCServer:IPC] Handshake timeout for connection, closing socket
[2026-08-22 21:53:30.995] [info]  [RPCServer:IPC] Socket Close: 6 unknown (active: 0)
[2026-08-22 21:53:41.756] [warn]  [RPCServer:IPC] Handshake timeout for connection, closing socket
[2026-08-22 21:53:49.757] [info]  [WindowVisibilityVideoManager] Incoming video enabled changed, incomingVideoEnabled = false
[2026-08-23 09:34:16.305] [info]  splashScreenPreload: signalReady
[2026-08-23 09:34:16.330] [info]  splashScreenPreload: onStateUpdate: {"status":"checking-for-updates"}
[2026-08-23 09:34:16.635] [info]  splashScreenPreload: onStateUpdate: {"status":"launching"}
[2026-08-23 09:34:17.017] [info]   Vencord %c %c PluginManager  background: #a6d189; color: black; font-weight: bold; border-radius: 5px;  background: #a6d189; color: black; font-weight: bold; border-radius: 5px; Starting plugins (stage Init)
[2026-08-23 09:34:17.017] [info]   Vencord %c %c PluginManager  background: #a6d189; color: black; font-weight: bold; border-radius: 5px;  background: #a6d189; color: black; font-weight: bold; border-radius: 5px; Starting plugin NoTrack
[2026-08-23 09:34:17.141] [info]  [FAST CONNECT] wss://gateway.discord.gg/?encoding=etf&v=9&compress=zstd-stream, encoding: etf, version: 9
[2026-08-23 09:34:17.198] [info]   Vencord %c %c NoTrack  background: #a6d189; color: black; font-weight: bold; border-radius: 5px;  background: #8caaee; color: black; font-weight: bold; border-radius: 5px; Disabling Sentry by erroring its WebpackInstance
[2026-08-23 09:34:17.198] [error] Uncaught Error: Sentry successfully disabled
[2026-08-23 09:34:17.459] [info]   Vencord %c %c WebpackPatcher  background: #a6d189; color: black; font-weight: bold; border-radius: 5px;  background: #8caaee; color: black; font-weight: bold; border-radius: 5px; Main WebpackInstance found in web.e7ec05b4366c76c6.js, initializing internal references to WebpackRequire
[2026-08-23 09:34:17.460] [info]   Vencord %c %c WebpackPatcher  background: #a6d189; color: black; font-weight: bold; border-radius: 5px;  background: #8caaee; color: black; font-weight: bold; border-radius: 5px; Found Webpack module factories in web.e7ec05b4366c76c6.js
[2026-08-23 09:34:17.470] [info]   Vencord %c %c PluginManager  background: #a6d189; color: black; font-weight: bold; border-radius: 5px;  background: #a6d189; color: black; font-weight: bold; border-radius: 5px; Starting plugins (stage DOMContentLoaded)
[2026-08-23 09:34:17.477] [info]  [libdiscore] [experiment_manager] Loaded experiments from cache
[2026-08-23 09:34:17.670] [info]  Initializing voice engine with audio subsystem: standard
[2026-08-23 09:34:17.826] [info]  [default] [BUILD INFO] Release Channel: stable, Build Number: 595897, Version Hash: cc84a8463bda05ae4552c4716adf15add252aa37
[2026-08-23 09:34:17.840] [warn]  [CloudSyncUtils] CloudSync is not supported on this platform
[2026-08-23 09:34:17.957] [info]  [default] [NATIVE INFO] host 1.0.138, modules: discord_cloudsync: 1, discord_desktop_core: 1, discord_dispatch: 1, discord_erlpack: 1, discord_game_utils: 1, discord_krisp: 1, discord_modules: 1, discord_rpc: 1, discord_spellcheck: 1, discord_utils: 1, discord_voice: 1, discord_zstd: 1, build: null
[2026-08-23 09:34:17.961] [info]  [libdiscore] The answer for life the universe and everything is: 42
[2026-08-23 09:34:17.964] [info]  [FAST CONNECT] sending identify
[2026-08-23 09:34:18.286] [warn]  [MediaEngineStore] Failed to load Krisp module: Failed to setup Krisp module, error code: -3
[2026-08-23 09:34:18.286] [error] [AVError] AV error reported: noise-canceller-error {"underlyingError":"NoiseCancellerError.KRISP_INIT_ERROR_UNSIGNED"}
[2026-08-23 09:34:18.447] [info]  [RPCServer:WSS] Starting on 6463
[2026-08-23 09:34:18.450] [info]  [RPCServer:IPC] Starting on /run/user/1000/discord-ipc-0
[2026-08-23 09:34:18.450] [info]  [MediaEngineStore] OpenH264 is ready [object Object]
[2026-08-23 09:34:18.523] [info]  [GatewaySocket] [CONNECT] wss://gateway.discord.gg, encoding: etf, version: 9, compression: zstd-stream
[2026-08-23 09:34:18.523] [info]  [GatewaySocket] [FAST CONNECT] successfully took over websocket, state: [object Object]
[2026-08-23 09:34:18.523] [info]  [GatewaySocket] [CONNECTED] wss://gateway.discord.gg/?encoding=etf&v=9&compress=zstd-stream in 0 ms
[2026-08-23 09:34:18.533] [info]  [GatewaySocket] [READY] took 10ms, as 8719bd597dfb28d64ccb19b77fd5a29a
[2026-08-23 09:34:18.533] [info]  [GatewaySocket] [READY_SUPPLEMENTAL] took 10ms
[2026-08-23 09:34:18.610] [info]  [Flux] Dispatching CONNECTION_OPEN
[2026-08-23 09:34:18.613] [info]  [DatabaseManager] removing database (user: 1262149707476766862, database: undefined)
[2026-08-23 09:34:18.616] [warn]  [NativeDispatchUtils] Tried getting Dispatch instance before instantiated
[2026-08-23 09:34:18.708] [info]   Vencord %c %c PluginManager  background: #a6d189; color: black; font-weight: bold; border-radius: 5px;  background: #a6d189; color: black; font-weight: bold; border-radius: 5px; Starting plugins (stage WebpackReady)
[2026-08-23 09:34:18.708] [info]   Vencord %c %c PluginManager  background: #a6d189; color: black; font-weight: bold; border-radius: 5px;  background: #a6d189; color: black; font-weight: bold; border-radius: 5px; Starting plugin BadgeAPI
[2026-08-23 09:34:18.744] [info]  [MediaEngineStore] OpenH264 cleanup [object Object]
[2026-08-23 09:34:18.791] [error] [Spellchecker] sh is not a valid locale.
[2026-08-23 09:34:18.803] [info]  [Spellchecker] Switching to en-US (available)
[2026-08-23 09:34:19.376] [error] Could not find a View Model linked to Artboard BaseGlowRemapped.
[2026-08-23 09:34:19.377] [error] Could not find a View Model linked to Artboard BaseGlowRemapped.
[2026-08-23 09:34:20.641] [info]  [OverlayKeybindExperimentManager] Experiments initializing...
[2026-08-23 09:34:20.648] [info]  [OverlayKeybindExperimentManager] Experiments initialized
[2026-08-23 09:34:20.826] [info]  [SignalHelpers.web] signalAllAcceptedCredentials [object Object]
[2026-08-23 09:34:21.027] [warn]  [SignalHelpers.web] [object DOMException]
[2026-08-23 09:34:25.878] [info]  [RPCServer:IPC] Socket Close: 4 unknown (active: 0)
[2026-08-23 09:34:30.759] [info]  [libdiscore] [BlockedDomainsStore] Successfully fetched blocked domains
[2026-08-23 09:34:35.876] [warn]  [RPCServer:IPC] Handshake timeout for connection, closing socket
[2026-08-23 09:43:34.400] [info]  [RPCServer:IPC] Socket Opened: 5 1279031829940273203 (active: 1)
[2026-08-23 09:43:34.702] [info]  [RPCServer:IPC] Socket Emit: 5 [object Object]
[2026-08-23 09:43:35.899] [info]  [RPCServer:IPC] Socket Message: 5 [object Object]
[2026-08-23 09:43:35.900] [info]  [RPCServer:IPC] Socket Message: 5 [object Object]
[2026-08-23 09:43:35.900] [info]  [RPCServer:IPC] Socket Message: 5 [object Object]
[2026-08-23 09:43:35.901] [info]  [RPCServer:IPC] Socket Emit: 5 [object Object]
[2026-08-23 09:43:35.901] [info]  [RPCServer:IPC] Socket Emit: 5 [object Object]
[2026-08-23 09:43:35.901] [info]  [RPCServer:IPC] Socket Emit: 5 [object Object]
[2026-08-23 09:43:36.399] [info]  [RPCServer:IPC] Socket Message: 5 [object Object]
[2026-08-23 09:43:36.608] [info]  [RPCServer:IPC] Socket Emit: 5 [object Object]
[2026-08-23 09:44:31.021] [info]  [RPCServer:IPC] Socket Message: 5 [object Object]
[2026-08-23 09:44:31.201] [info]  [RPCServer:IPC] Socket Emit: 5 [object Object]
[2026-08-23 09:44:32.521] [info]  [RPCServer:IPC] Socket Message: 5 [object Object]
[2026-08-23 09:44:32.522] [info]  [RPCServer:IPC] Socket Emit: 5 [object Object]
[2026-08-23 09:47:12.524] [info]  [RPCServer:IPC] Socket Message: 5 [object Object]
[2026-08-23 09:47:12.526] [info]  [RPCServer:IPC] Socket Emit: 5 [object Object]
[2026-08-23 09:47:13.777] [info]  [RPCServer:IPC] Socket Message: 5 [object Object]
[2026-08-23 09:47:13.779] [info]  [RPCServer:IPC] Socket Emit: 5 [object Object]
[2026-08-23 10:10:56.304] [info]  [RPCServer:IPC] Socket Message: 5 [object Object]
[2026-08-23 10:10:56.308] [info]  [RPCServer:IPC] Socket Emit: 5 [object Object]
[2026-08-23 10:10:57.304] [info]  [RPCServer:IPC] Socket Message: 5 [object Object]
[2026-08-23 10:10:57.305] [info]  [RPCServer:IPC] Socket Emit: 5 [object Object]
[2026-08-23 10:42:58.372] [info]  [RPCServer:IPC] Socket Message: 5 [object Object]
[2026-08-23 10:42:58.376] [info]  [RPCServer:IPC] Socket Emit: 5 [object Object]
[2026-08-23 10:42:59.372] [info]  [RPCServer:IPC] Socket Message: 5 [object Object]
[2026-08-23 10:42:59.374] [info]  [RPCServer:IPC] Socket Emit: 5 [object Object]
[2026-08-23 10:50:30.393] [info]  [RPCServer:IPC] Socket Message: 5 [object Object]
[2026-08-23 10:50:30.396] [info]  [RPCServer:IPC] Socket Emit: 5 [object Object]
[2026-08-23 10:50:31.893] [info]  [RPCServer:IPC] Socket Message: 5 [object Object]
[2026-08-23 10:50:31.894] [info]  [RPCServer:IPC] Socket Emit: 5 [object Object]
[2026-08-23 11:24:49.937] [info]  [RPCServer:IPC] Socket Message: 5 [object Object]
[2026-08-23 11:24:49.940] [info]  [RPCServer:IPC] Socket Emit: 5 [object Object]
[2026-08-23 11:24:50.937] [info]  [RPCServer:IPC] Socket Message: 5 [object Object]
[2026-08-23 11:24:50.939] [info]  [RPCServer:IPC] Socket Emit: 5 [object Object]
[2026-08-23 11:53:26.967] [info]  [RPCServer:IPC] Socket Message: 5 [object Object]
[2026-08-23 11:53:26.970] [info]  [RPCServer:IPC] Socket Emit: 5 [object Object]
[2026-08-23 11:53:27.967] [info]  [RPCServer:IPC] Socket Message: 5 [object Object]
[2026-08-23 11:53:27.968] [info]  [RPCServer:IPC] Socket Emit: 5 [object Object]
[2026-08-23 11:53:33.967] [info]  [RPCServer:IPC] Socket Message: 5 [object Object]
[2026-08-23 11:53:33.971] [info]  [RPCServer:IPC] Socket Emit: 5 [object Object]
[2026-08-23 11:53:39.968] [info]  [RPCServer:IPC] Socket Close: 5 1279031829940273203 (active: 0)
